image_id,original_image,region,region_file,pixel_count
10,/Users/yuchiwu/Desktop/tongue_project/images_json/10.jpg,舌根,/Users/yuchiwu/Desktop/tongue_project/output/regions_temp/舌根/10.png,288218
10,/Users/yuchiwu/Desktop/tongue_project/images_json/10.jpg,舌尖,/Users/yuchiwu/Desktop/tongue_project/output/regions_temp/舌尖/10.png,145976
10,/Users/yuchiwu/Desktop/tongue_project/images_json/10.jpg,舌左邊,/Users/yuchiwu/Desktop/tongue_project/output/regions_temp/舌左邊/10.png,177101
10,/Users/yuchiwu/Desktop/tongue_project/images_json/10.jpg,舌中,/Users/yuchiwu/Desktop/tongue_project/output/regions_temp/舌中/10.png,288876
10,/Users/yuchiwu/Desktop/tongue_project/images_json/10.jpg,舌右邊,/Users/yuchiwu/Desktop/tongue_project/output/regions_temp/舌右邊/10.png,148637
11,/Users/yuchiwu/Desktop/tongue_project/images_json/11.jpg,舌根,/Users/yuchiwu/Desktop/tongue_project/output/regions_temp/舌根/11.png,244058
11,/Users/yuchiwu/Desktop/tongue_project/images_json/11.jpg,舌尖,/Users/yuchiwu/Desktop/tongue_project/output/regions_temp/舌尖/11.png,116964
11,/Users/yuchiwu/Desktop/tongue_project/images_json/11.jpg,舌左邊,/Users/yuchiwu/Desktop/tongue_project/output/regions_temp/舌左邊/11.png,126246
11,/Users/yuchiwu/Desktop/tongue_project/images_json/11.jpg,舌中,/Users/yuchiwu/Desktop/tongue_project/output/regions_temp/舌中/11.png,239850
11,/Users/yuchiwu/Desktop/tongue_project/images_json/11.jpg,舌右邊,/Users/yuchiwu/Desktop/tongue_project/output/regions_temp/舌右邊/11.png,147818
13,/Users/yuchiwu/Desktop/tongue_project/images_json/13.jpg,舌根,/Users/yuchiwu/Desktop/tongue_project/output/regions_temp/舌根/13.png,202309
13,/Users/yuchiwu/Desktop/tongue_project/images_json/13.jpg,舌尖,/Users/yuchiwu/Desktop/tongue_project/output/regions_temp/舌尖/13.png,196004
13,/Users/yuchiwu/Desktop/tongue_project/images_json/13.jpg,舌左邊,/Users/yuchiwu/Desktop/tongue_project/output/regions_temp/舌左邊/13.png,163669
13,/Users/yuchiwu/Desktop/tongue_project/images_json/13.jpg,舌中,/Users/yuchiwu/Desktop/tongue_project/output/regions_temp/舌中/13.png,232190
13,/Users/yuchiwu/Desktop/tongue_project/images_json/13.jpg,舌右邊,/Users/yuchiwu/Desktop/tongue_project/output/regions_temp/舌右邊/13.png,160752
17,/Users/yuchiwu/Desktop/tongue_project/images_json/17.jpg,舌根,/Users/yuchiwu/Desktop/tongue_project/output/regions_temp/舌根/17.png,182366
17,/Users/yuchiwu/Desktop/tongue_project/images_json/17.jpg,舌尖,/Users/yuchiwu/Desktop/tongue_project/output/regions_temp/舌尖/17.png,169773
17,/Users/yuchiwu/Desktop/tongue_project/images_json/17.jpg,舌左邊,/Users/yuchiwu/Desktop/tongue_project/output/regions_temp/舌左邊/17.png,154381
17,/Users/yuchiwu/Desktop/tongue_project/images_json/17.jpg,舌中,/Users/yuchiwu/Desktop/tongue_project/output/regions_temp/舌中/17.png,217704
17,/Users/yuchiwu/Desktop/tongue_project/images_json/17.jpg,舌右邊,/Users/yuchiwu/Desktop/tongue_project/output/regions_temp/舌右邊/17.png,142108
19,/Users/yuchiwu/Desktop/tongue_project/images_json/19.jpg,舌根,/Users/yuchiwu/Desktop/tongue_project/output/regions_temp/舌根/19.png,433492
19,/Users/yuchiwu/Desktop/tongue_project/images_json/19.jpg,舌尖,/Users/yuchiwu/Desktop/tongue_project/output/regions_temp/舌尖/19.png,451222
19,/Users/yuchiwu/Desktop/tongue_project/images_json/19.jpg,舌左邊,/Users/yuchiwu/Desktop/tongue_project/output/regions_temp/舌左邊/19.png,385587
19,/Users/yuchiwu/Desktop/tongue_project/images_json/19.jpg,舌中,/Users/yuchiwu/Desktop/tongue_project/output/regions_temp/舌中/19.png,524124
19,/Users/yuchiwu/Desktop/tongue_project/images_json/19.jpg,舌右邊,/Users/yuchiwu/Desktop/tongue_project/output/regions_temp/舌右邊/19.png,365282
2,/Users/yuchiwu/Desktop/tongue_project/images_json/2.jpg,舌根,/Users/yuchiwu/Desktop/tongue_project/output/regions_temp/舌根/2.png,139923
2,/Users/yuchiwu/Desktop/tongue_project/images_json/2.jpg,舌尖,/Users/yuchiwu/Desktop/tongue_project/output/regions_temp/舌尖/2.png,118940
2,/Users/yuchiwu/Desktop/tongue_project/images_json/2.jpg,舌左邊,/Users/yuchiwu/Desktop/tongue_project/output/regions_temp/舌左邊/2.png,119281
2,/Users/yuchiwu/Desktop/tongue_project/images_json/2.jpg,舌中,/Users/yuchiwu/Desktop/tongue_project/output/regions_temp/舌中/2.png,173362
2,/Users/yuchiwu/Desktop/tongue_project/images_json/2.jpg,舌右邊,/Users/yuchiwu/Desktop/tongue_project/output/regions_temp/舌右邊/2.png,114553
20,/Users/yuchiwu/Desktop/tongue_project/images_json/20.jpg,舌根,/Users/yuchiwu/Desktop/tongue_project/output/regions_temp/舌根/20.png,408157
20,/Users/yuchiwu/Desktop/tongue_project/images_json/20.jpg,舌尖,/Users/yuchiwu/Desktop/tongue_project/output/regions_temp/舌尖/20.png,273468
20,/Users/yuchiwu/Desktop/tongue_project/images_json/20.jpg,舌左邊,/Users/yuchiwu/Desktop/tongue_project/output/regions_temp/舌左邊/20.png,286064
20,/Users/yuchiwu/Desktop/tongue_project/images_json/20.jpg,舌中,/Users/yuchiwu/Desktop/tongue_project/output/regions_temp/舌中/20.png,399900
20,/Users/yuchiwu/Desktop/tongue_project/images_json/20.jpg,舌右邊,/Users/yuchiwu/Desktop/tongue_project/output/regions_temp/舌右邊/20.png,249068
23,/Users/yuchiwu/Desktop/tongue_project/images_json/23.jpg,舌根,/Users/yuchiwu/Desktop/tongue_project/output/regions_temp/舌根/23.png,437117
23,/Users/yuchiwu/Desktop/tongue_project/images_json/23.jpg,舌尖,/Users/yuchiwu/Desktop/tongue_project/output/regions_temp/舌尖/23.png,392597
23,/Users/yuchiwu/Desktop/tongue_project/images_json/23.jpg,舌左邊,/Users/yuchiwu/Desktop/tongue_project/output/regions_temp/舌左邊/23.png,321614
23,/Users/yuchiwu/Desktop/tongue_project/images_json/23.jpg,舌中,/Users/yuchiwu/Desktop/tongue_project/output/regions_temp/舌中/23.png,486880
23,/Users/yuchiwu/Desktop/tongue_project/images_json/23.jpg,舌右邊,/Users/yuchiwu/Desktop/tongue_project/output/regions_temp/舌右邊/23.png,338830
24,/Users/yuchiwu/Desktop/tongue_project/images_json/24.jpg,舌根,/Users/yuchiwu/Desktop/tongue_project/output/regions_temp/舌根/24.png,412394
24,/Users/yuchiwu/Desktop/tongue_project/images_json/24.jpg,舌尖,/Users/yuchiwu/Desktop/tongue_project/output/regions_temp/舌尖/24.png,284282
24,/Users/yuchiwu/Desktop/tongue_project/images_json/24.jpg,舌左邊,/Users/yuchiwu/Desktop/tongue_project/output/regions_temp/舌左邊/24.png,246163
24,/Users/yuchiwu/Desktop/tongue_project/images_json/24.jpg,舌中,/Users/yuchiwu/Desktop/tongue_project/output/regions_temp/舌中/24.png,369453
24,/Users/yuchiwu/Desktop/tongue_project/images_json/24.jpg,舌右邊,/Users/yuchiwu/Desktop/tongue_project/output/regions_temp/舌右邊/24.png,254471
26,/Users/yuchiwu/Desktop/tongue_project/images_json/26.jpg,舌根,/Users/yuchiwu/Desktop/tongue_project/output/regions_temp/舌根/26.png,483278
26,/Users/yuchiwu/Desktop/tongue_project/images_json/26.jpg,舌尖,/Users/yuchiwu/Desktop/tongue_project/output/regions_temp/舌尖/26.png,318411
26,/Users/yuchiwu/Desktop/tongue_project/images_json/26.jpg,舌左邊,/Users/yuchiwu/Desktop/tongue_project/output/regions_temp/舌左邊/26.png,346406
26,/Users/yuchiwu/Desktop/tongue_project/images_json/26.jpg,舌中,/Users/yuchiwu/Desktop/tongue_project/output/regions_temp/舌中/26.png,510099
26,/Users/yuchiwu/Desktop/tongue_project/images_json/26.jpg,舌右邊,/Users/yuchiwu/Desktop/tongue_project/output/regions_temp/舌右邊/26.png,353375
27,/Users/yuchiwu/Desktop/tongue_project/images_json/27.jpg,舌根,/Users/yuchiwu/Desktop/tongue_project/output/regions_temp/舌根/27.png,659221
27,/Users/yuchiwu/Desktop/tongue_project/images_json/27.jpg,舌尖,/Users/yuchiwu/Desktop/tongue_project/output/regions_temp/舌尖/27.png,587704
27,/Users/yuchiwu/Desktop/tongue_project/images_json/27.jpg,舌左邊,/Users/yuchiwu/Desktop/tongue_project/output/regions_temp/舌左邊/27.png,504134
27,/Users/yuchiwu/Desktop/tongue_project/images_json/27.jpg,舌中,/Users/yuchiwu/Desktop/tongue_project/output/regions_temp/舌中/27.png,710476
27,/Users/yuchiwu/Desktop/tongue_project/images_json/27.jpg,舌右邊,/Users/yuchiwu/Desktop/tongue_project/output/regions_temp/舌右邊/27.png,460807
29,/Users/yuchiwu/Desktop/tongue_project/images_json/29.jpg,舌根,/Users/yuchiwu/Desktop/tongue_project/output/regions_temp/舌根/29.png,288150
29,/Users/yuchiwu/Desktop/tongue_project/images_json/29.jpg,舌尖,/Users/yuchiwu/Desktop/tongue_project/output/regions_temp/舌尖/29.png,242407
29,/Users/yuchiwu/Desktop/tongue_project/images_json/29.jpg,舌左邊,/Users/yuchiwu/Desktop/tongue_project/output/regions_temp/舌左邊/29.png,211547
29,/Users/yuchiwu/Desktop/tongue_project/images_json/29.jpg,舌中,/Users/yuchiwu/Desktop/tongue_project/output/regions_temp/舌中/29.png,320000
29,/Users/yuchiwu/Desktop/tongue_project/images_json/29.jpg,舌右邊,/Users/yuchiwu/Desktop/tongue_project/output/regions_temp/舌右邊/29.png,224161
30,/Users/yuchiwu/Desktop/tongue_project/images_json/30.jpg,舌根,/Users/yuchiwu/Desktop/tongue_project/output/regions_temp/舌根/30.png,295804
30,/Users/yuchiwu/Desktop/tongue_project/images_json/30.jpg,舌尖,/Users/yuchiwu/Desktop/tongue_project/output/regions_temp/舌尖/30.png,176758
30,/Users/yuchiwu/Desktop/tongue_project/images_json/30.jpg,舌左邊,/Users/yuchiwu/Desktop/tongue_project/output/regions_temp/舌左邊/30.png,174487
30,/Users/yuchiwu/Desktop/tongue_project/images_json/30.jpg,舌中,/Users/yuchiwu/Desktop/tongue_project/output/regions_temp/舌中/30.png,258328
30,/Users/yuchiwu/Desktop/tongue_project/images_json/30.jpg,舌右邊,/Users/yuchiwu/Desktop/tongue_project/output/regions_temp/舌右邊/30.png,144101
31,/Users/yuchiwu/Desktop/tongue_project/images_json/31.jpg,舌根,/Users/yuchiwu/Desktop/tongue_project/output/regions_temp/舌根/31.png,276069
31,/Users/yuchiwu/Desktop/tongue_project/images_json/31.jpg,舌尖,/Users/yuchiwu/Desktop/tongue_project/output/regions_temp/舌尖/31.png,241333
31,/Users/yuchiwu/Desktop/tongue_project/images_json/31.jpg,舌左邊,/Users/yuchiwu/Desktop/tongue_project/output/regions_temp/舌左邊/31.png,218595
31,/Users/yuchiwu/Desktop/tongue_project/images_json/31.jpg,舌中,/Users/yuchiwu/Desktop/tongue_project/output/regions_temp/舌中/31.png,301136
31,/Users/yuchiwu/Desktop/tongue_project/images_json/31.jpg,舌右邊,/Users/yuchiwu/Desktop/tongue_project/output/regions_temp/舌右邊/31.png,192776
32,/Users/yuchiwu/Desktop/tongue_project/images_json/32.jpg,舌根,/Users/yuchiwu/Desktop/tongue_project/output/regions_temp/舌根/32.png,295132
32,/Users/yuchiwu/Desktop/tongue_project/images_json/32.jpg,舌尖,/Users/yuchiwu/Desktop/tongue_project/output/regions_temp/舌尖/32.png,167849
32,/Users/yuchiwu/Desktop/tongue_project/images_json/32.jpg,舌左邊,/Users/yuchiwu/Desktop/tongue_project/output/regions_temp/舌左邊/32.png,161367
32,/Users/yuchiwu/Desktop/tongue_project/images_json/32.jpg,舌中,/Users/yuchiwu/Desktop/tongue_project/output/regions_temp/舌中/32.png,254880
32,/Users/yuchiwu/Desktop/tongue_project/images_json/32.jpg,舌右邊,/Users/yuchiwu/Desktop/tongue_project/output/regions_temp/舌右邊/32.png,143357
34,/Users/yuchiwu/Desktop/tongue_project/images_json/34.jpg,舌根,/Users/yuchiwu/Desktop/tongue_project/output/regions_temp/舌根/34.png,431211
34,/Users/yuchiwu/Desktop/tongue_project/images_json/34.jpg,舌尖,/Users/yuchiwu/Desktop/tongue_project/output/regions_temp/舌尖/34.png,268345
34,/Users/yuchiwu/Desktop/tongue_project/images_json/34.jpg,舌左邊,/Users/yuchiwu/Desktop/tongue_project/output/regions_temp/舌左邊/34.png,306398
34,/Users/yuchiwu/Desktop/tongue_project/images_json/34.jpg,舌中,/Users/yuchiwu/Desktop/tongue_project/output/regions_temp/舌中/34.png,460759
34,/Users/yuchiwu/Desktop/tongue_project/images_json/34.jpg,舌右邊,/Users/yuchiwu/Desktop/tongue_project/output/regions_temp/舌右邊/34.png,282532
35,/Users/yuchiwu/Desktop/tongue_project/images_json/35.jpg,舌根,/Users/yuchiwu/Desktop/tongue_project/output/regions_temp/舌根/35.png,294719
35,/Users/yuchiwu/Desktop/tongue_project/images_json/35.jpg,舌尖,/Users/yuchiwu/Desktop/tongue_project/output/regions_temp/舌尖/35.png,230117
35,/Users/yuchiwu/Desktop/tongue_project/images_json/35.jpg,舌左邊,/Users/yuchiwu/Desktop/tongue_project/output/regions_temp/舌左邊/35.png,220488
35,/Users/yuchiwu/Desktop/tongue_project/images_json/35.jpg,舌中,/Users/yuchiwu/Desktop/tongue_project/output/regions_temp/舌中/35.png,306234
35,/Users/yuchiwu/Desktop/tongue_project/images_json/35.jpg,舌右邊,/Users/yuchiwu/Desktop/tongue_project/output/regions_temp/舌右邊/35.png,220070
36,/Users/yuchiwu/Desktop/tongue_project/images_json/36.jpg,舌根,/Users/yuchiwu/Desktop/tongue_project/output/regions_temp/舌根/36.png,243683
36,/Users/yuchiwu/Desktop/tongue_project/images_json/36.jpg,舌尖,/Users/yuchiwu/Desktop/tongue_project/output/regions_temp/舌尖/36.png,155698
36,/Users/yuchiwu/Desktop/tongue_project/images_json/36.jpg,舌左邊,/Users/yuchiwu/Desktop/tongue_project/output/regions_temp/舌左邊/36.png,149465
36,/Users/yuchiwu/Desktop/tongue_project/images_json/36.jpg,舌中,/Users/yuchiwu/Desktop/tongue_project/output/regions_temp/舌中/36.png,282686
36,/Users/yuchiwu/Desktop/tongue_project/images_json/36.jpg,舌右邊,/Users/yuchiwu/Desktop/tongue_project/output/regions_temp/舌右邊/36.png,146727
37,/Users/yuchiwu/Desktop/tongue_project/images_json/37.jpg,舌根,/Users/yuchiwu/Desktop/tongue_project/output/regions_temp/舌根/37.png,432956
37,/Users/yuchiwu/Desktop/tongue_project/images_json/37.jpg,舌尖,/Users/yuchiwu/Desktop/tongue_project/output/regions_temp/舌尖/37.png,373987
37,/Users/yuchiwu/Desktop/tongue_project/images_json/37.jpg,舌左邊,/Users/yuchiwu/Desktop/tongue_project/output/regions_temp/舌左邊/37.png,334264
37,/Users/yuchiwu/Desktop/tongue_project/images_json/37.jpg,舌中,/Users/yuchiwu/Desktop/tongue_project/output/regions_temp/舌中/37.png,465684
37,/Users/yuchiwu/Desktop/tongue_project/images_json/37.jpg,舌右邊,/Users/yuchiwu/Desktop/tongue_project/output/regions_temp/舌右邊/37.png,291967
38,/Users/yuchiwu/Desktop/tongue_project/images_json/38.jpg,舌根,/Users/yuchiwu/Desktop/tongue_project/output/regions_temp/舌根/38.png,381078
38,/Users/yuchiwu/Desktop/tongue_project/images_json/38.jpg,舌尖,/Users/yuchiwu/Desktop/tongue_project/output/regions_temp/舌尖/38.png,210299
38,/Users/yuchiwu/Desktop/tongue_project/images_json/38.jpg,舌左邊,/Users/yuchiwu/Desktop/tongue_project/output/regions_temp/舌左邊/38.png,207131
38,/Users/yuchiwu/Desktop/tongue_project/images_json/38.jpg,舌中,/Users/yuchiwu/Desktop/tongue_project/output/regions_temp/舌中/38.png,369000
38,/Users/yuchiwu/Desktop/tongue_project/images_json/38.jpg,舌右邊,/Users/yuchiwu/Desktop/tongue_project/output/regions_temp/舌右邊/38.png,206510
39,/Users/yuchiwu/Desktop/tongue_project/images_json/39.jpg,舌根,/Users/yuchiwu/Desktop/tongue_project/output/regions_temp/舌根/39.png,367418
39,/Users/yuchiwu/Desktop/tongue_project/images_json/39.jpg,舌尖,/Users/yuchiwu/Desktop/tongue_project/output/regions_temp/舌尖/39.png,211850
39,/Users/yuchiwu/Desktop/tongue_project/images_json/39.jpg,舌左邊,/Users/yuchiwu/Desktop/tongue_project/output/regions_temp/舌左邊/39.png,201935
39,/Users/yuchiwu/Desktop/tongue_project/images_json/39.jpg,舌中,/Users/yuchiwu/Desktop/tongue_project/output/regions_temp/舌中/39.png,370731
39,/Users/yuchiwu/Desktop/tongue_project/images_json/39.jpg,舌右邊,/Users/yuchiwu/Desktop/tongue_project/output/regions_temp/舌右邊/39.png,217083
40,/Users/yuchiwu/Desktop/tongue_project/images_json/40.jpg,舌根,/Users/yuchiwu/Desktop/tongue_project/output/regions_temp/舌根/40.png,266445
40,/Users/yuchiwu/Desktop/tongue_project/images_json/40.jpg,舌尖,/Users/yuchiwu/Desktop/tongue_project/output/regions_temp/舌尖/40.png,213857
40,/Users/yuchiwu/Desktop/tongue_project/images_json/40.jpg,舌左邊,/Users/yuchiwu/Desktop/tongue_project/output/regions_temp/舌左邊/40.png,199267
40,/Users/yuchiwu/Desktop/tongue_project/images_json/40.jpg,舌中,/Users/yuchiwu/Desktop/tongue_project/output/regions_temp/舌中/40.png,286076
40,/Users/yuchiwu/Desktop/tongue_project/images_json/40.jpg,舌右邊,/Users/yuchiwu/Desktop/tongue_project/output/regions_temp/舌右邊/40.png,162101
41,/Users/yuchiwu/Desktop/tongue_project/images_json/41.jpg,舌根,/Users/yuchiwu/Desktop/tongue_project/output/regions_temp/舌根/41.png,509146
41,/Users/yuchiwu/Desktop/tongue_project/images_json/41.jpg,舌尖,/Users/yuchiwu/Desktop/tongue_project/output/regions_temp/舌尖/41.png,342105
41,/Users/yuchiwu/Desktop/tongue_project/images_json/41.jpg,舌左邊,/Users/yuchiwu/Desktop/tongue_project/output/regions_temp/舌左邊/41.png,331178
41,/Users/yuchiwu/Desktop/tongue_project/images_json/41.jpg,舌中,/Users/yuchiwu/Desktop/tongue_project/output/regions_temp/舌中/41.png,463411
41,/Users/yuchiwu/Desktop/tongue_project/images_json/41.jpg,舌右邊,/Users/yuchiwu/Desktop/tongue_project/output/regions_temp/舌右邊/41.png,221635
42,/Users/yuchiwu/Desktop/tongue_project/images_json/42.jpg,舌根,/Users/yuchiwu/Desktop/tongue_project/output/regions_temp/舌根/42.png,384329
42,/Users/yuchiwu/Desktop/tongue_project/images_json/42.jpg,舌尖,/Users/yuchiwu/Desktop/tongue_project/output/regions_temp/舌尖/42.png,183235
42,/Users/yuchiwu/Desktop/tongue_project/images_json/42.jpg,舌左邊,/Users/yuchiwu/Desktop/tongue_project/output/regions_temp/舌左邊/42.png,225788
42,/Users/yuchiwu/Desktop/tongue_project/images_json/42.jpg,舌中,/Users/yuchiwu/Desktop/tongue_project/output/regions_temp/舌中/42.png,375440
42,/Users/yuchiwu/Desktop/tongue_project/images_json/42.jpg,舌右邊,/Users/yuchiwu/Desktop/tongue_project/output/regions_temp/舌右邊/42.png,161467
44,/Users/yuchiwu/Desktop/tongue_project/images_json/44.jpg,舌根,/Users/yuchiwu/Desktop/tongue_project/output/regions_temp/舌根/44.png,273120
44,/Users/yuchiwu/Desktop/tongue_project/images_json/44.jpg,舌尖,/Users/yuchiwu/Desktop/tongue_project/output/regions_temp/舌尖/44.png,147936
44,/Users/yuchiwu/Desktop/tongue_project/images_json/44.jpg,舌左邊,/Users/yuchiwu/Desktop/tongue_project/output/regions_temp/舌左邊/44.png,167275
44,/Users/yuchiwu/Desktop/tongue_project/images_json/44.jpg,舌中,/Users/yuchiwu/Desktop/tongue_project/output/regions_temp/舌中/44.png,289047
44,/Users/yuchiwu/Desktop/tongue_project/images_json/44.jpg,舌右邊,/Users/yuchiwu/Desktop/tongue_project/output/regions_temp/舌右邊/44.png,170509
45,/Users/yuchiwu/Desktop/tongue_project/images_json/45.jpg,舌根,/Users/yuchiwu/Desktop/tongue_project/output/regions_temp/舌根/45.png,416154
45,/Users/yuchiwu/Desktop/tongue_project/images_json/45.jpg,舌尖,/Users/yuchiwu/Desktop/tongue_project/output/regions_temp/舌尖/45.png,384101
45,/Users/yuchiwu/Desktop/tongue_project/images_json/45.jpg,舌左邊,/Users/yuchiwu/Desktop/tongue_project/output/regions_temp/舌左邊/45.png,316599
45,/Users/yuchiwu/Desktop/tongue_project/images_json/45.jpg,舌中,/Users/yuchiwu/Desktop/tongue_project/output/regions_temp/舌中/45.png,463430
45,/Users/yuchiwu/Desktop/tongue_project/images_json/45.jpg,舌右邊,/Users/yuchiwu/Desktop/tongue_project/output/regions_temp/舌右邊/45.png,326966
46,/Users/yuchiwu/Desktop/tongue_project/images_json/46.jpg,舌根,/Users/yuchiwu/Desktop/tongue_project/output/regions_temp/舌根/46.png,293322
46,/Users/yuchiwu/Desktop/tongue_project/images_json/46.jpg,舌尖,/Users/yuchiwu/Desktop/tongue_project/output/regions_temp/舌尖/46.png,168378
46,/Users/yuchiwu/Desktop/tongue_project/images_json/46.jpg,舌左邊,/Users/yuchiwu/Desktop/tongue_project/output/regions_temp/舌左邊/46.png,120746
46,/Users/yuchiwu/Desktop/tongue_project/images_json/46.jpg,舌中,/Users/yuchiwu/Desktop/tongue_project/output/regions_temp/舌中/46.png,300510
46,/Users/yuchiwu/Desktop/tongue_project/images_json/46.jpg,舌右邊,/Users/yuchiwu/Desktop/tongue_project/output/regions_temp/舌右邊/46.png,153464
47,/Users/yuchiwu/Desktop/tongue_project/images_json/47.jpg,舌根,/Users/yuchiwu/Desktop/tongue_project/output/regions_temp/舌根/47.png,368781
47,/Users/yuchiwu/Desktop/tongue_project/images_json/47.jpg,舌尖,/Users/yuchiwu/Desktop/tongue_project/output/regions_temp/舌尖/47.png,211724
47,/Users/yuchiwu/Desktop/tongue_project/images_json/47.jpg,舌左邊,/Users/yuchiwu/Desktop/tongue_project/output/regions_temp/舌左邊/47.png,230824
47,/Users/yuchiwu/Desktop/tongue_project/images_json/47.jpg,舌中,/Users/yuchiwu/Desktop/tongue_project/output/regions_temp/舌中/47.png,424568
47,/Users/yuchiwu/Desktop/tongue_project/images_json/47.jpg,舌右邊,/Users/yuchiwu/Desktop/tongue_project/output/regions_temp/舌右邊/47.png,197311
48,/Users/yuchiwu/Desktop/tongue_project/images_json/48.jpg,舌根,/Users/yuchiwu/Desktop/tongue_project/output/regions_temp/舌根/48.png,395024
48,/Users/yuchiwu/Desktop/tongue_project/images_json/48.jpg,舌尖,/Users/yuchiwu/Desktop/tongue_project/output/regions_temp/舌尖/48.png,160861
48,/Users/yuchiwu/Desktop/tongue_project/images_json/48.jpg,舌左邊,/Users/yuchiwu/Desktop/tongue_project/output/regions_temp/舌左邊/48.png,203144
48,/Users/yuchiwu/Desktop/tongue_project/images_json/48.jpg,舌中,/Users/yuchiwu/Desktop/tongue_project/output/regions_temp/舌中/48.png,344004
48,/Users/yuchiwu/Desktop/tongue_project/images_json/48.jpg,舌右邊,/Users/yuchiwu/Desktop/tongue_project/output/regions_temp/舌右邊/48.png,110802
49,/Users/yuchiwu/Desktop/tongue_project/images_json/49.jpg,舌根,/Users/yuchiwu/Desktop/tongue_project/output/regions_temp/舌根/49.png,274834
49,/Users/yuchiwu/Desktop/tongue_project/images_json/49.jpg,舌尖,/Users/yuchiwu/Desktop/tongue_project/output/regions_temp/舌尖/49.png,267915
49,/Users/yuchiwu/Desktop/tongue_project/images_json/49.jpg,舌左邊,/Users/yuchiwu/Desktop/tongue_project/output/regions_temp/舌左邊/49.png,257857
49,/Users/yuchiwu/Desktop/tongue_project/images_json/49.jpg,舌中,/Users/yuchiwu/Desktop/tongue_project/output/regions_temp/舌中/49.png,350720
49,/Users/yuchiwu/Desktop/tongue_project/images_json/49.jpg,舌右邊,/Users/yuchiwu/Desktop/tongue_project/output/regions_temp/舌右邊/49.png,181869
5,/Users/yuchiwu/Desktop/tongue_project/images_json/5.jpg,舌根,/Users/yuchiwu/Desktop/tongue_project/output/regions_temp/舌根/5.png,197180
5,/Users/yuchiwu/Desktop/tongue_project/images_json/5.jpg,舌尖,/Users/yuchiwu/Desktop/tongue_project/output/regions_temp/舌尖/5.png,100072
5,/Users/yuchiwu/Desktop/tongue_project/images_json/5.jpg,舌左邊,/Users/yuchiwu/Desktop/tongue_project/output/regions_temp/舌左邊/5.png,95267
5,/Users/yuchiwu/Desktop/tongue_project/images_json/5.jpg,舌中,/Users/yuchiwu/Desktop/tongue_project/output/regions_temp/舌中/5.png,167400
5,/Users/yuchiwu/Desktop/tongue_project/images_json/5.jpg,舌右邊,/Users/yuchiwu/Desktop/tongue_project/output/regions_temp/舌右邊/5.png,114446
50,/Users/yuchiwu/Desktop/tongue_project/images_json/50.jpg,舌根,/Users/yuchiwu/Desktop/tongue_project/output/regions_temp/舌根/50.png,318278
50,/Users/yuchiwu/Desktop/tongue_project/images_json/50.jpg,舌尖,/Users/yuchiwu/Desktop/tongue_project/output/regions_temp/舌尖/50.png,182591
50,/Users/yuchiwu/Desktop/tongue_project/images_json/50.jpg,舌左邊,/Users/yuchiwu/Desktop/tongue_project/output/regions_temp/舌左邊/50.png,150560
50,/Users/yuchiwu/Desktop/tongue_project/images_json/50.jpg,舌中,/Users/yuchiwu/Desktop/tongue_project/output/regions_temp/舌中/50.png,310554
50,/Users/yuchiwu/Desktop/tongue_project/images_json/50.jpg,舌右邊,/Users/yuchiwu/Desktop/tongue_project/output/regions_temp/舌右邊/50.png,201390
51,/Users/yuchiwu/Desktop/tongue_project/images_json/51.jpg,舌根,/Users/yuchiwu/Desktop/tongue_project/output/regions_temp/舌根/51.png,253186
51,/Users/yuchiwu/Desktop/tongue_project/images_json/51.jpg,舌尖,/Users/yuchiwu/Desktop/tongue_project/output/regions_temp/舌尖/51.png,179341
51,/Users/yuchiwu/Desktop/tongue_project/images_json/51.jpg,舌左邊,/Users/yuchiwu/Desktop/tongue_project/output/regions_temp/舌左邊/51.png,171341
51,/Users/yuchiwu/Desktop/tongue_project/images_json/51.jpg,舌中,/Users/yuchiwu/Desktop/tongue_project/output/regions_temp/舌中/51.png,254705
51,/Users/yuchiwu/Desktop/tongue_project/images_json/51.jpg,舌右邊,/Users/yuchiwu/Desktop/tongue_project/output/regions_temp/舌右邊/51.png,130500
52,/Users/yuchiwu/Desktop/tongue_project/images_json/52.jpg,舌根,/Users/yuchiwu/Desktop/tongue_project/output/regions_temp/舌根/52.png,469302
52,/Users/yuchiwu/Desktop/tongue_project/images_json/52.jpg,舌尖,/Users/yuchiwu/Desktop/tongue_project/output/regions_temp/舌尖/52.png,366980
52,/Users/yuchiwu/Desktop/tongue_project/images_json/52.jpg,舌左邊,/Users/yuchiwu/Desktop/tongue_project/output/regions_temp/舌左邊/52.png,310751
52,/Users/yuchiwu/Desktop/tongue_project/images_json/52.jpg,舌中,/Users/yuchiwu/Desktop/tongue_project/output/regions_temp/舌中/52.png,474586
52,/Users/yuchiwu/Desktop/tongue_project/images_json/52.jpg,舌右邊,/Users/yuchiwu/Desktop/tongue_project/output/regions_temp/舌右邊/52.png,336120
53,/Users/yuchiwu/Desktop/tongue_project/images_json/53.jpg,舌根,/Users/yuchiwu/Desktop/tongue_project/output/regions_temp/舌根/53.png,416755
53,/Users/yuchiwu/Desktop/tongue_project/images_json/53.jpg,舌尖,/Users/yuchiwu/Desktop/tongue_project/output/regions_temp/舌尖/53.png,308087
53,/Users/yuchiwu/Desktop/tongue_project/images_json/53.jpg,舌左邊,/Users/yuchiwu/Desktop/tongue_project/output/regions_temp/舌左邊/53.png,307258
53,/Users/yuchiwu/Desktop/tongue_project/images_json/53.jpg,舌中,/Users/yuchiwu/Desktop/tongue_project/output/regions_temp/舌中/53.png,476655
53,/Users/yuchiwu/Desktop/tongue_project/images_json/53.jpg,舌右邊,/Users/yuchiwu/Desktop/tongue_project/output/regions_temp/舌右邊/53.png,323967
54,/Users/yuchiwu/Desktop/tongue_project/images_json/54.jpg,舌根,/Users/yuchiwu/Desktop/tongue_project/output/regions_temp/舌根/54.png,482392
54,/Users/yuchiwu/Desktop/tongue_project/images_json/54.jpg,舌尖,/Users/yuchiwu/Desktop/tongue_project/output/regions_temp/舌尖/54.png,385265
54,/Users/yuchiwu/Desktop/tongue_project/images_json/54.jpg,舌左邊,/Users/yuchiwu/Desktop/tongue_project/output/regions_temp/舌左邊/54.png,310460
54,/Users/yuchiwu/Desktop/tongue_project/images_json/54.jpg,舌中,/Users/yuchiwu/Desktop/tongue_project/output/regions_temp/舌中/54.png,461605
54,/Users/yuchiwu/Desktop/tongue_project/images_json/54.jpg,舌右邊,/Users/yuchiwu/Desktop/tongue_project/output/regions_temp/舌右邊/54.png,323310
55,/Users/yuchiwu/Desktop/tongue_project/images_json/55.jpg,舌根,/Users/yuchiwu/Desktop/tongue_project/output/regions_temp/舌根/55.png,527986
55,/Users/yuchiwu/Desktop/tongue_project/images_json/55.jpg,舌尖,/Users/yuchiwu/Desktop/tongue_project/output/regions_temp/舌尖/55.png,353750
55,/Users/yuchiwu/Desktop/tongue_project/images_json/55.jpg,舌左邊,/Users/yuchiwu/Desktop/tongue_project/output/regions_temp/舌左邊/55.png,331692
55,/Users/yuchiwu/Desktop/tongue_project/images_json/55.jpg,舌中,/Users/yuchiwu/Desktop/tongue_project/output/regions_temp/舌中/55.png,530658
55,/Users/yuchiwu/Desktop/tongue_project/images_json/55.jpg,舌右邊,/Users/yuchiwu/Desktop/tongue_project/output/regions_temp/舌右邊/55.png,302680
56,/Users/yuchiwu/Desktop/tongue_project/images_json/56.jpg,舌根,/Users/yuchiwu/Desktop/tongue_project/output/regions_temp/舌根/56.png,452904
56,/Users/yuchiwu/Desktop/tongue_project/images_json/56.jpg,舌尖,/Users/yuchiwu/Desktop/tongue_project/output/regions_temp/舌尖/56.png,289092
56,/Users/yuchiwu/Desktop/tongue_project/images_json/56.jpg,舌左邊,/Users/yuchiwu/Desktop/tongue_project/output/regions_temp/舌左邊/56.png,274755
56,/Users/yuchiwu/Desktop/tongue_project/images_json/56.jpg,舌中,/Users/yuchiwu/Desktop/tongue_project/output/regions_temp/舌中/56.png,425880
56,/Users/yuchiwu/Desktop/tongue_project/images_json/56.jpg,舌右邊,/Users/yuchiwu/Desktop/tongue_project/output/regions_temp/舌右邊/56.png,283265
57,/Users/yuchiwu/Desktop/tongue_project/images_json/57.jpg,舌根,/Users/yuchiwu/Desktop/tongue_project/output/regions_temp/舌根/57.png,336954
57,/Users/yuchiwu/Desktop/tongue_project/images_json/57.jpg,舌尖,/Users/yuchiwu/Desktop/tongue_project/output/regions_temp/舌尖/57.png,199664
57,/Users/yuchiwu/Desktop/tongue_project/images_json/57.jpg,舌左邊,/Users/yuchiwu/Desktop/tongue_project/output/regions_temp/舌左邊/57.png,183175
57,/Users/yuchiwu/Desktop/tongue_project/images_json/57.jpg,舌中,/Users/yuchiwu/Desktop/tongue_project/output/regions_temp/舌中/57.png,406276
57,/Users/yuchiwu/Desktop/tongue_project/images_json/57.jpg,舌右邊,/Users/yuchiwu/Desktop/tongue_project/output/regions_temp/舌右邊/57.png,280679
58,/Users/yuchiwu/Desktop/tongue_project/images_json/58.jpg,舌根,/Users/yuchiwu/Desktop/tongue_project/output/regions_temp/舌根/58.png,377986
58,/Users/yuchiwu/Desktop/tongue_project/images_json/58.jpg,舌尖,/Users/yuchiwu/Desktop/tongue_project/output/regions_temp/舌尖/58.png,317940
58,/Users/yuchiwu/Desktop/tongue_project/images_json/58.jpg,舌左邊,/Users/yuchiwu/Desktop/tongue_project/output/regions_temp/舌左邊/58.png,265100
58,/Users/yuchiwu/Desktop/tongue_project/images_json/58.jpg,舌中,/Users/yuchiwu/Desktop/tongue_project/output/regions_temp/舌中/58.png,385840
58,/Users/yuchiwu/Desktop/tongue_project/images_json/58.jpg,舌右邊,/Users/yuchiwu/Desktop/tongue_project/output/regions_temp/舌右邊/58.png,273794
59,/Users/yuchiwu/Desktop/tongue_project/images_json/59.jpg,舌根,/Users/yuchiwu/Desktop/tongue_project/output/regions_temp/舌根/59.png,405204
59,/Users/yuchiwu/Desktop/tongue_project/images_json/59.jpg,舌尖,/Users/yuchiwu/Desktop/tongue_project/output/regions_temp/舌尖/59.png,229156
59,/Users/yuchiwu/Desktop/tongue_project/images_json/59.jpg,舌左邊,/Users/yuchiwu/Desktop/tongue_project/output/regions_temp/舌左邊/59.png,249138
59,/Users/yuchiwu/Desktop/tongue_project/images_json/59.jpg,舌中,/Users/yuchiwu/Desktop/tongue_project/output/regions_temp/舌中/59.png,397290
59,/Users/yuchiwu/Desktop/tongue_project/images_json/59.jpg,舌右邊,/Users/yuchiwu/Desktop/tongue_project/output/regions_temp/舌右邊/59.png,239856
6,/Users/yuchiwu/Desktop/tongue_project/images_json/6.jpg,舌根,/Users/yuchiwu/Desktop/tongue_project/output/regions_temp/舌根/6.png,151128
6,/Users/yuchiwu/Desktop/tongue_project/images_json/6.jpg,舌尖,/Users/yuchiwu/Desktop/tongue_project/output/regions_temp/舌尖/6.png,90589
6,/Users/yuchiwu/Desktop/tongue_project/images_json/6.jpg,舌左邊,/Users/yuchiwu/Desktop/tongue_project/output/regions_temp/舌左邊/6.png,92024
6,/Users/yuchiwu/Desktop/tongue_project/images_json/6.jpg,舌中,/Users/yuchiwu/Desktop/tongue_project/output/regions_temp/舌中/6.png,152656
6,/Users/yuchiwu/Desktop/tongue_project/images_json/6.jpg,舌右邊,/Users/yuchiwu/Desktop/tongue_project/output/regions_temp/舌右邊/6.png,52053
60,/Users/yuchiwu/Desktop/tongue_project/images_json/60.jpg,舌根,/Users/yuchiwu/Desktop/tongue_project/output/regions_temp/舌根/60.png,326939
60,/Users/yuchiwu/Desktop/tongue_project/images_json/60.jpg,舌尖,/Users/yuchiwu/Desktop/tongue_project/output/regions_temp/舌尖/60.png,272518
60,/Users/yuchiwu/Desktop/tongue_project/images_json/60.jpg,舌左邊,/Users/yuchiwu/Desktop/tongue_project/output/regions_temp/舌左邊/60.png,246271
60,/Users/yuchiwu/Desktop/tongue_project/images_json/60.jpg,舌中,/Users/yuchiwu/Desktop/tongue_project/output/regions_temp/舌中/60.png,372240
60,/Users/yuchiwu/Desktop/tongue_project/images_json/60.jpg,舌右邊,/Users/yuchiwu/Desktop/tongue_project/output/regions_temp/舌右邊/60.png,254098
64,/Users/yuchiwu/Desktop/tongue_project/images_json/64.jpg,舌根,/Users/yuchiwu/Desktop/tongue_project/output/regions_temp/舌根/64.png,410369
64,/Users/yuchiwu/Desktop/tongue_project/images_json/64.jpg,舌尖,/Users/yuchiwu/Desktop/tongue_project/output/regions_temp/舌尖/64.png,256707
64,/Users/yuchiwu/Desktop/tongue_project/images_json/64.jpg,舌左邊,/Users/yuchiwu/Desktop/tongue_project/output/regions_temp/舌左邊/64.png,253367
64,/Users/yuchiwu/Desktop/tongue_project/images_json/64.jpg,舌中,/Users/yuchiwu/Desktop/tongue_project/output/regions_temp/舌中/64.png,392610
64,/Users/yuchiwu/Desktop/tongue_project/images_json/64.jpg,舌右邊,/Users/yuchiwu/Desktop/tongue_project/output/regions_temp/舌右邊/64.png,251284
68,/Users/yuchiwu/Desktop/tongue_project/images_json/68.jpg,舌根,/Users/yuchiwu/Desktop/tongue_project/output/regions_temp/舌根/68.png,252301
68,/Users/yuchiwu/Desktop/tongue_project/images_json/68.jpg,舌尖,/Users/yuchiwu/Desktop/tongue_project/output/regions_temp/舌尖/68.png,172608
68,/Users/yuchiwu/Desktop/tongue_project/images_json/68.jpg,舌左邊,/Users/yuchiwu/Desktop/tongue_project/output/regions_temp/舌左邊/68.png,139746
68,/Users/yuchiwu/Desktop/tongue_project/images_json/68.jpg,舌中,/Users/yuchiwu/Desktop/tongue_project/output/regions_temp/舌中/68.png,246390
68,/Users/yuchiwu/Desktop/tongue_project/images_json/68.jpg,舌右邊,/Users/yuchiwu/Desktop/tongue_project/output/regions_temp/舌右邊/68.png,180565
7,/Users/yuchiwu/Desktop/tongue_project/images_json/7.jpg,舌根,/Users/yuchiwu/Desktop/tongue_project/output/regions_temp/舌根/7.png,232413
7,/Users/yuchiwu/Desktop/tongue_project/images_json/7.jpg,舌尖,/Users/yuchiwu/Desktop/tongue_project/output/regions_temp/舌尖/7.png,175721
7,/Users/yuchiwu/Desktop/tongue_project/images_json/7.jpg,舌左邊,/Users/yuchiwu/Desktop/tongue_project/output/regions_temp/舌左邊/7.png,157745
7,/Users/yuchiwu/Desktop/tongue_project/images_json/7.jpg,舌中,/Users/yuchiwu/Desktop/tongue_project/output/regions_temp/舌中/7.png,276271
7,/Users/yuchiwu/Desktop/tongue_project/images_json/7.jpg,舌右邊,/Users/yuchiwu/Desktop/tongue_project/output/regions_temp/舌右邊/7.png,184635
70,/Users/yuchiwu/Desktop/tongue_project/images_json/70.jpg,舌根,/Users/yuchiwu/Desktop/tongue_project/output/regions_temp/舌根/70.png,143447
70,/Users/yuchiwu/Desktop/tongue_project/images_json/70.jpg,舌尖,/Users/yuchiwu/Desktop/tongue_project/output/regions_temp/舌尖/70.png,89526
70,/Users/yuchiwu/Desktop/tongue_project/images_json/70.jpg,舌左邊,/Users/yuchiwu/Desktop/tongue_project/output/regions_temp/舌左邊/70.png,97275
70,/Users/yuchiwu/Desktop/tongue_project/images_json/70.jpg,舌中,/Users/yuchiwu/Desktop/tongue_project/output/regions_temp/舌中/70.png,152481
70,/Users/yuchiwu/Desktop/tongue_project/images_json/70.jpg,舌右邊,/Users/yuchiwu/Desktop/tongue_project/output/regions_temp/舌右邊/70.png,89262
72,/Users/yuchiwu/Desktop/tongue_project/images_json/72.jpg,舌根,/Users/yuchiwu/Desktop/tongue_project/output/regions_temp/舌根/72.png,336322
72,/Users/yuchiwu/Desktop/tongue_project/images_json/72.jpg,舌尖,/Users/yuchiwu/Desktop/tongue_project/output/regions_temp/舌尖/72.png,343340
72,/Users/yuchiwu/Desktop/tongue_project/images_json/72.jpg,舌左邊,/Users/yuchiwu/Desktop/tongue_project/output/regions_temp/舌左邊/72.png,332256
72,/Users/yuchiwu/Desktop/tongue_project/images_json/72.jpg,舌中,/Users/yuchiwu/Desktop/tongue_project/output/regions_temp/舌中/72.png,475242
72,/Users/yuchiwu/Desktop/tongue_project/images_json/72.jpg,舌右邊,/Users/yuchiwu/Desktop/tongue_project/output/regions_temp/舌右邊/72.png,325141
74,/Users/yuchiwu/Desktop/tongue_project/images_json/74.jpg,舌根,/Users/yuchiwu/Desktop/tongue_project/output/regions_temp/舌根/74.png,524699
74,/Users/yuchiwu/Desktop/tongue_project/images_json/74.jpg,舌尖,/Users/yuchiwu/Desktop/tongue_project/output/regions_temp/舌尖/74.png,515073
74,/Users/yuchiwu/Desktop/tongue_project/images_json/74.jpg,舌左邊,/Users/yuchiwu/Desktop/tongue_project/output/regions_temp/舌左邊/74.png,373745
74,/Users/yuchiwu/Desktop/tongue_project/images_json/74.jpg,舌中,/Users/yuchiwu/Desktop/tongue_project/output/regions_temp/舌中/74.png,565668
74,/Users/yuchiwu/Desktop/tongue_project/images_json/74.jpg,舌右邊,/Users/yuchiwu/Desktop/tongue_project/output/regions_temp/舌右邊/74.png,392387
8,/Users/yuchiwu/Desktop/tongue_project/images_json/8.jpg,舌根,/Users/yuchiwu/Desktop/tongue_project/output/regions_temp/舌根/8.png,306136
8,/Users/yuchiwu/Desktop/tongue_project/images_json/8.jpg,舌尖,/Users/yuchiwu/Desktop/tongue_project/output/regions_temp/舌尖/8.png,207339
8,/Users/yuchiwu/Desktop/tongue_project/images_json/8.jpg,舌左邊,/Users/yuchiwu/Desktop/tongue_project/output/regions_temp/舌左邊/8.png,171545
8,/Users/yuchiwu/Desktop/tongue_project/images_json/8.jpg,舌中,/Users/yuchiwu/Desktop/tongue_project/output/regions_temp/舌中/8.png,303840
8,/Users/yuchiwu/Desktop/tongue_project/images_json/8.jpg,舌右邊,/Users/yuchiwu/Desktop/tongue_project/output/regions_temp/舌右邊/8.png,214821
85,/Users/yuchiwu/Desktop/tongue_project/images_json/85.jpg,舌根,/Users/yuchiwu/Desktop/tongue_project/output/regions_temp/舌根/85.png,332097
85,/Users/yuchiwu/Desktop/tongue_project/images_json/85.jpg,舌尖,/Users/yuchiwu/Desktop/tongue_project/output/regions_temp/舌尖/85.png,208151
85,/Users/yuchiwu/Desktop/tongue_project/images_json/85.jpg,舌左邊,/Users/yuchiwu/Desktop/tongue_project/output/regions_temp/舌左邊/85.png,170201
85,/Users/yuchiwu/Desktop/tongue_project/images_json/85.jpg,舌中,/Users/yuchiwu/Desktop/tongue_project/output/regions_temp/舌中/85.png,322460
85,/Users/yuchiwu/Desktop/tongue_project/images_json/85.jpg,舌右邊,/Users/yuchiwu/Desktop/tongue_project/output/regions_temp/舌右邊/85.png,133446
87,/Users/yuchiwu/Desktop/tongue_project/images_json/87.jpg,舌根,/Users/yuchiwu/Desktop/tongue_project/output/regions_temp/舌根/87.png,150670
87,/Users/yuchiwu/Desktop/tongue_project/images_json/87.jpg,舌尖,/Users/yuchiwu/Desktop/tongue_project/output/regions_temp/舌尖/87.png,100271
87,/Users/yuchiwu/Desktop/tongue_project/images_json/87.jpg,舌左邊,/Users/yuchiwu/Desktop/tongue_project/output/regions_temp/舌左邊/87.png,100110
87,/Users/yuchiwu/Desktop/tongue_project/images_json/87.jpg,舌中,/Users/yuchiwu/Desktop/tongue_project/output/regions_temp/舌中/87.png,163812
87,/Users/yuchiwu/Desktop/tongue_project/images_json/87.jpg,舌右邊,/Users/yuchiwu/Desktop/tongue_project/output/regions_temp/舌右邊/87.png,113158
9,/Users/yuchiwu/Desktop/tongue_project/images_json/9.jpg,舌根,/Users/yuchiwu/Desktop/tongue_project/output/regions_temp/舌根/9.png,228950
9,/Users/yuchiwu/Desktop/tongue_project/images_json/9.jpg,舌尖,/Users/yuchiwu/Desktop/tongue_project/output/regions_temp/舌尖/9.png,176485
9,/Users/yuchiwu/Desktop/tongue_project/images_json/9.jpg,舌左邊,/Users/yuchiwu/Desktop/tongue_project/output/regions_temp/舌左邊/9.png,167181
9,/Users/yuchiwu/Desktop/tongue_project/images_json/9.jpg,舌中,/Users/yuchiwu/Desktop/tongue_project/output/regions_temp/舌中/9.png,243595
9,/Users/yuchiwu/Desktop/tongue_project/images_json/9.jpg,舌右邊,/Users/yuchiwu/Desktop/tongue_project/output/regions_temp/舌右邊/9.png,163350
96,/Users/yuchiwu/Desktop/tongue_project/images_json/96.jpg,舌根,/Users/yuchiwu/Desktop/tongue_project/output/regions_temp/舌根/96.png,184023
96,/Users/yuchiwu/Desktop/tongue_project/images_json/96.jpg,舌尖,/Users/yuchiwu/Desktop/tongue_project/output/regions_temp/舌尖/96.png,100834
96,/Users/yuchiwu/Desktop/tongue_project/images_json/96.jpg,舌左邊,/Users/yuchiwu/Desktop/tongue_project/output/regions_temp/舌左邊/96.png,121041
96,/Users/yuchiwu/Desktop/tongue_project/images_json/96.jpg,舌中,/Users/yuchiwu/Desktop/tongue_project/output/regions_temp/舌中/96.png,185120
96,/Users/yuchiwu/Desktop/tongue_project/images_json/96.jpg,舌右邊,/Users/yuchiwu/Desktop/tongue_project/output/regions_temp/舌右邊/96.png,101480
