segmentation_method,model,region,color,n_samples,n_patients,accuracy,precision,recall,f1,balanced_accuracy,TN,FP,FN,TP
tip_middle_root_1_2_2,SVM,舌尖,淡紅,77,77,0.7272727272727273,0.46153846153846156,0.631578947368421,0.5333333333333333,0.6950998185117967,44,14,7,12
tip_middle_root_1_2_2,SVM,舌尖,淡白,94,94,0.9148936170212766,0.2,1.0,0.3333333333333333,0.9565217391304348,84,8,0,2
tip_middle_root_1_2_2,SVM,舌尖,鮮紅,72,72,0.7222222222222222,0.6176470588235294,0.75,0.6774193548387096,0.7272727272727273,31,13,7,21
tip_middle_root_1_2_2,SVM,舌尖,暗紅,81,81,0.6296296296296297,0.19230769230769232,0.35714285714285715,0.25,0.5218550106609808,46,21,9,5
tip_middle_root_1_2_2,SVM,舌尖,青紫,79,79,0.6708860759493671,0.2692307692307692,0.5,0.35,0.6038461538461539,46,19,7,7
tip_middle_root_1_2_2,SVM,舌中,淡紅,74,74,0.6891891891891891,0.4230769230769231,0.5789473684210527,0.4888888888888889,0.65311004784689,40,15,8,11
tip_middle_root_1_2_2,SVM,舌中,淡白,95,95,0.7684210526315789,0.08695652173913043,0.6666666666666666,0.15384615384615385,0.7192028985507246,71,21,1,2
tip_middle_root_1_2_2,SVM,舌中,鮮紅,67,67,0.8955223880597015,0.8888888888888888,0.5714285714285714,0.6956521739130435,0.7762803234501348,52,1,6,8
tip_middle_root_1_2_2,SVM,舌中,暗紅,78,78,0.6153846153846154,0.32142857142857145,0.45,0.375,0.5612068965517242,39,19,11,9
tip_middle_root_1_2_2,SVM,舌中,青紫,80,80,0.7,0.20833333333333334,0.5,0.29411764705882354,0.6142857142857143,51,19,5,5
tip_middle_root_1_2_2,SVM,舌左邊,淡紅,86,86,0.7209302325581395,0.45161290322580644,0.6666666666666666,0.5384615384615384,0.7025641025641025,48,17,7,14
tip_middle_root_1_2_2,SVM,舌左邊,淡白,95,95,0.8736842105263158,0.26666666666666666,0.8,0.4,0.8388888888888889,79,11,1,4
tip_middle_root_1_2_2,SVM,舌左邊,鮮紅,73,73,0.7534246575342466,0.6666666666666666,0.6153846153846154,0.64,0.7225859247135843,39,8,10,16
tip_middle_root_1_2_2,SVM,舌左邊,暗紅,81,81,0.5308641975308642,0.25,0.45,0.32142857142857145,0.5036885245901639,34,27,11,9
tip_middle_root_1_2_2,SVM,舌左邊,青紫,71,71,0.6901408450704225,0.2692307692307692,0.7,0.3888888888888889,0.6942622950819672,42,19,3,7
tip_middle_root_1_2_2,SVM,舌右邊,淡紅,83,83,0.7590361445783133,0.5,0.6,0.5454545454545454,0.7047619047619047,51,12,8,12
tip_middle_root_1_2_2,SVM,舌右邊,淡白,93,93,0.9247311827956989,0.3333333333333333,0.75,0.46153846153846156,0.8412921348314606,83,6,1,3
tip_middle_root_1_2_2,SVM,舌右邊,鮮紅,73,73,0.7534246575342466,0.6111111111111112,0.8461538461538461,0.7096774193548387,0.7741407528641571,33,14,4,22
tip_middle_root_1_2_2,SVM,舌右邊,暗紅,81,81,0.5185185185185185,0.2631578947368421,0.47619047619047616,0.3389830508474576,0.5047619047619047,32,28,11,10
tip_middle_root_1_2_2,SVM,舌右邊,青紫,71,71,0.6619718309859155,0.24,0.5454545454545454,0.3333333333333333,0.6143939393939394,41,19,5,6
tip_middle_root_1_2_2,SVM,舌根,淡紅,78,78,0.6538461538461539,0.35714285714285715,0.5263157894736842,0.425531914893617,0.6106155218554862,41,18,9,10
tip_middle_root_1_2_2,SVM,舌根,淡白,95,95,0.9157894736842105,0.0,0.0,0.0,0.47282608695652173,87,5,3,0
tip_middle_root_1_2_2,SVM,舌根,鮮紅,63,63,0.8571428571428571,0.6,0.3,0.4,0.6311320754716981,51,2,7,3
tip_middle_root_1_2_2,SVM,舌根,暗紅,73,73,0.4794520547945205,0.23529411764705882,0.4,0.2962962962962963,0.4547169811320755,27,26,12,8
tip_middle_root_1_2_2,SVM,舌根,青紫,97,97,0.9175257731958762,0.14285714285714285,0.3333333333333333,0.2,0.6347517730496454,88,6,2,1
tip_middle_root_1_2_2,Random Forest,舌尖,淡紅,77,77,0.7922077922077922,0.5789473684210527,0.5789473684210527,0.5789473684210527,0.720508166969147,50,8,8,11
tip_middle_root_1_2_2,Random Forest,舌尖,淡白,94,94,0.9893617021276596,1.0,0.5,0.6666666666666666,0.75,92,0,1,1
tip_middle_root_1_2_2,Random Forest,舌尖,鮮紅,72,72,0.6666666666666666,0.5625,0.6428571428571429,0.6,0.6623376623376623,30,14,10,18
tip_middle_root_1_2_2,Random Forest,舌尖,暗紅,81,81,0.7283950617283951,0.21428571428571427,0.21428571428571427,0.21428571428571427,0.5250533049040511,56,11,11,3
tip_middle_root_1_2_2,Random Forest,舌尖,青紫,79,79,0.7215189873417721,0.1,0.07142857142857142,0.08333333333333333,0.4664835164835165,56,9,13,1
tip_middle_root_1_2_2,Random Forest,舌中,淡紅,74,74,0.7432432432432432,0.5,0.631578947368421,0.5581395348837209,0.7066985645933015,43,12,7,12
tip_middle_root_1_2_2,Random Forest,舌中,淡白,95,95,0.9157894736842105,0.0,0.0,0.0,0.47282608695652173,87,5,3,0
tip_middle_root_1_2_2,Random Forest,舌中,鮮紅,67,67,0.9402985074626866,1.0,0.7142857142857143,0.8333333333333334,0.8571428571428572,53,0,4,10
tip_middle_root_1_2_2,Random Forest,舌中,暗紅,78,78,0.6923076923076923,0.35714285714285715,0.25,0.29411764705882354,0.5474137931034483,49,9,15,5
tip_middle_root_1_2_2,Random Forest,舌中,青紫,80,80,0.8375,0.2,0.1,0.13333333333333333,0.5214285714285715,66,4,9,1
tip_middle_root_1_2_2,Random Forest,舌左邊,淡紅,86,86,0.7558139534883721,0.5,0.47619047619047616,0.4878048780487805,0.6611721611721612,55,10,11,10
tip_middle_root_1_2_2,Random Forest,舌左邊,淡白,95,95,0.9368421052631579,0.3333333333333333,0.2,0.25,0.5888888888888889,88,2,4,1
tip_middle_root_1_2_2,Random Forest,舌左邊,鮮紅,73,73,0.7397260273972602,0.6296296296296297,0.6538461538461539,0.6415094339622641,0.7205400981996727,37,10,9,17
tip_middle_root_1_2_2,Random Forest,舌左邊,暗紅,81,81,0.6419753086419753,0.23529411764705882,0.2,0.21621621621621623,0.49344262295081964,48,13,16,4
tip_middle_root_1_2_2,Random Forest,舌左邊,青紫,71,71,0.7746478873239436,0.2857142857142857,0.4,0.3333333333333333,0.618032786885246,51,10,6,4
tip_middle_root_1_2_2,Random Forest,舌右邊,淡紅,83,83,0.8072289156626506,0.6428571428571429,0.45,0.5294117647058824,0.6853174603174603,58,5,11,9
tip_middle_root_1_2_2,Random Forest,舌右邊,淡白,93,93,0.956989247311828,0.5,0.25,0.3333333333333333,0.6193820224719101,88,1,3,1
tip_middle_root_1_2_2,Random Forest,舌右邊,鮮紅,73,73,0.8082191780821918,0.6764705882352942,0.8846153846153846,0.7666666666666667,0.8252864157119476,36,11,3,23
tip_middle_root_1_2_2,Random Forest,舌右邊,暗紅,81,81,0.6666666666666666,0.35,0.3333333333333333,0.34146341463414637,0.5583333333333333,47,13,14,7
tip_middle_root_1_2_2,Random Forest,舌右邊,青紫,71,71,0.7183098591549296,0.2,0.2727272727272727,0.23076923076923078,0.5363636363636364,48,12,8,3
tip_middle_root_1_2_2,Random Forest,舌根,淡紅,78,78,0.7307692307692307,0.4444444444444444,0.42105263157894735,0.43243243243243246,0.6257805530776093,49,10,11,8
tip_middle_root_1_2_2,Random Forest,舌根,淡白,95,95,0.9578947368421052,0.0,0.0,0.0,0.4945652173913043,91,1,3,0
tip_middle_root_1_2_2,Random Forest,舌根,鮮紅,63,63,0.8571428571428571,0.5454545454545454,0.6,0.5714285714285714,0.7528301886792452,48,5,4,6
tip_middle_root_1_2_2,Random Forest,舌根,暗紅,73,73,0.5068493150684932,0.1,0.1,0.1,0.380188679245283,35,18,18,2
tip_middle_root_1_2_2,Random Forest,舌根,青紫,97,97,0.9690721649484536,0.0,0.0,0.0,0.5,94,0,3,0
tip_middle_root_1_2_2,CNN,舌尖,淡紅,77,77,0.6233766233766234,0.35294117647058826,0.631578947368421,0.4528301886792453,0.6261343012704175,36,22,7,12
tip_middle_root_1_2_2,CNN,舌尖,淡白,94,94,0.9574468085106383,0.25,0.5,0.3333333333333333,0.7336956521739131,89,3,1,1
tip_middle_root_1_2_2,CNN,舌尖,鮮紅,72,72,0.5555555555555556,0.46551724137931033,0.9642857142857143,0.627906976744186,0.6298701298701299,13,31,1,27
tip_middle_root_1_2_2,CNN,舌尖,暗紅,81,81,0.8148148148148148,0.0,0.0,0.0,0.4925373134328358,66,1,14,0
tip_middle_root_1_2_2,CNN,舌尖,青紫,79,79,0.7974683544303798,0.0,0.0,0.0,0.4846153846153846,63,2,14,0
tip_middle_root_1_2_2,CNN,舌中,淡紅,74,74,0.5,0.23529411764705882,0.42105263157894735,0.3018867924528302,0.4741626794258373,29,26,11,8
tip_middle_root_1_2_2,CNN,舌中,淡白,95,95,0.631578947368421,0.029411764705882353,0.3333333333333333,0.05405405405405406,0.4873188405797101,59,33,2,1
tip_middle_root_1_2_2,CNN,舌中,鮮紅,67,67,0.746268656716418,0.42105263157894735,0.5714285714285714,0.48484848484848486,0.6819407008086253,42,11,6,8
tip_middle_root_1_2_2,CNN,舌中,暗紅,78,78,0.3974358974358974,0.17073170731707318,0.35,0.22950819672131148,0.38189655172413794,24,34,13,7
tip_middle_root_1_2_2,CNN,舌中,青紫,80,80,0.6875,0.10526315789473684,0.2,0.13793103448275862,0.47857142857142854,53,17,8,2
tip_middle_root_1_2_2,CNN,舌左邊,淡紅,86,86,0.6046511627906976,0.30303030303030304,0.47619047619047616,0.37037037037037035,0.5611721611721612,42,23,11,10
tip_middle_root_1_2_2,CNN,舌左邊,淡白,95,95,0.7684210526315789,0.05263157894736842,0.2,0.08333333333333333,0.5,72,18,4,1
tip_middle_root_1_2_2,CNN,舌左邊,鮮紅,73,73,0.5616438356164384,0.4423076923076923,0.8846153846153846,0.5897435897435898,0.6337970540098199,18,29,3,23
tip_middle_root_1_2_2,CNN,舌左邊,暗紅,81,81,0.49382716049382713,0.23076923076923078,0.45,0.3050847457627119,0.47909836065573774,31,30,11,9
tip_middle_root_1_2_2,CNN,舌左邊,青紫,71,71,0.8169014084507042,0.3333333333333333,0.3,0.3157894736842105,0.6008196721311475,55,6,7,3
tip_middle_root_1_2_2,CNN,舌右邊,淡紅,83,83,0.6626506024096386,0.3181818181818182,0.35,0.3333333333333333,0.555952380952381,48,15,13,7
tip_middle_root_1_2_2,CNN,舌右邊,淡白,93,93,0.7849462365591398,0.05555555555555555,0.25,0.09090909090909091,0.5294943820224719,72,17,3,1
tip_middle_root_1_2_2,CNN,舌右邊,鮮紅,73,73,0.5753424657534246,0.45454545454545453,0.9615384615384616,0.6172839506172839,0.661620294599018,17,30,1,25
tip_middle_root_1_2_2,CNN,舌右邊,暗紅,81,81,0.5679012345679012,0.3541666666666667,0.8095238095238095,0.4927536231884058,0.6464285714285715,29,31,4,17
tip_middle_root_1_2_2,CNN,舌右邊,青紫,71,71,0.7183098591549296,0.0,0.0,0.0,0.425,51,9,11,0
tip_middle_root_1_2_2,CNN,舌根,淡紅,78,78,0.41025641025641024,0.2786885245901639,0.8947368421052632,0.425,0.5744870651204281,15,44,2,17
tip_middle_root_1_2_2,CNN,舌根,淡白,95,95,0.6947368421052632,0.03571428571428571,0.3333333333333333,0.06451612903225806,0.519927536231884,65,27,2,1
tip_middle_root_1_2_2,CNN,舌根,鮮紅,63,63,0.8571428571428571,0.5714285714285714,0.4,0.47058823529411764,0.6716981132075472,50,3,6,4
tip_middle_root_1_2_2,CNN,舌根,暗紅,73,73,0.6712328767123288,0.3,0.15,0.2,0.5089622641509434,46,7,17,3
tip_middle_root_1_2_2,CNN,舌根,青紫,97,97,0.9690721649484536,0.0,0.0,0.0,0.5,94,0,3,0
tip_middle_root_1_3_1,SVM,舌尖,淡紅,77,77,0.7142857142857143,0.4444444444444444,0.631578947368421,0.5217391304347826,0.6864791288566243,43,15,7,12
tip_middle_root_1_3_1,SVM,舌尖,淡白,94,94,0.9361702127659575,0.25,1.0,0.4,0.9673913043478262,86,6,0,2
tip_middle_root_1_3_1,SVM,舌尖,鮮紅,72,72,0.7222222222222222,0.6111111111111112,0.7857142857142857,0.6875,0.7337662337662337,30,14,6,22
tip_middle_root_1_3_1,SVM,舌尖,暗紅,81,81,0.691358024691358,0.21052631578947367,0.2857142857142857,0.24242424242424243,0.5309168443496801,52,15,10,4
tip_middle_root_1_3_1,SVM,舌尖,青紫,79,79,0.6582278481012658,0.25925925925925924,0.5,0.34146341463414637,0.5961538461538461,45,20,7,7
tip_middle_root_1_3_1,SVM,舌中,淡紅,74,74,0.7567567567567568,0.52,0.6842105263157895,0.5909090909090909,0.7330143540669857,43,12,6,13
tip_middle_root_1_3_1,SVM,舌中,淡白,95,95,0.8210526315789474,0.1111111111111111,0.6666666666666666,0.19047619047619047,0.7463768115942029,76,16,1,2
tip_middle_root_1_3_1,SVM,舌中,鮮紅,67,67,0.8507462686567164,0.75,0.42857142857142855,0.5454545454545454,0.6954177897574124,51,2,8,6
tip_middle_root_1_3_1,SVM,舌中,暗紅,78,78,0.7051282051282052,0.44,0.55,0.4888888888888889,0.6543103448275862,44,14,9,11
tip_middle_root_1_3_1,SVM,舌中,青紫,80,80,0.7625,0.23529411764705882,0.4,0.2962962962962963,0.6071428571428572,57,13,6,4
tip_middle_root_1_3_1,SVM,舌左邊,淡紅,86,86,0.7209302325581395,0.4482758620689655,0.6190476190476191,0.52,0.6864468864468865,49,16,8,13
tip_middle_root_1_3_1,SVM,舌左邊,淡白,95,95,0.8736842105263158,0.29411764705882354,1.0,0.45454545454545453,0.9333333333333333,78,12,0,5
tip_middle_root_1_3_1,SVM,舌左邊,鮮紅,73,73,0.7945205479452054,0.72,0.6923076923076923,0.7058823529411765,0.7716857610474632,40,7,8,18
tip_middle_root_1_3_1,SVM,舌左邊,暗紅,81,81,0.5679012345679012,0.2727272727272727,0.45,0.33962264150943394,0.5282786885245901,37,24,11,9
tip_middle_root_1_3_1,SVM,舌左邊,青紫,71,71,0.6338028169014085,0.21428571428571427,0.6,0.3157894736842105,0.619672131147541,39,22,4,6
tip_middle_root_1_3_1,SVM,舌右邊,淡紅,83,83,0.7951807228915663,0.5714285714285714,0.6,0.5853658536585366,0.7285714285714285,54,9,8,12
tip_middle_root_1_3_1,SVM,舌右邊,淡白,93,93,0.9032258064516129,0.2727272727272727,0.75,0.4,0.8300561797752809,81,8,1,3
tip_middle_root_1_3_1,SVM,舌右邊,鮮紅,73,73,0.7671232876712328,0.6363636363636364,0.8076923076923077,0.711864406779661,0.7761865793780687,35,12,5,21
tip_middle_root_1_3_1,SVM,舌右邊,暗紅,81,81,0.5432098765432098,0.2777777777777778,0.47619047619047616,0.3508771929824561,0.5214285714285714,34,26,11,10
tip_middle_root_1_3_1,SVM,舌右邊,青紫,71,71,0.6197183098591549,0.21428571428571427,0.5454545454545454,0.3076923076923077,0.5893939393939394,38,22,5,6
tip_middle_root_1_3_1,SVM,舌根,淡紅,78,78,0.7307692307692307,0.45454545454545453,0.5263157894736842,0.4878048780487805,0.6614629794826048,47,12,9,10
tip_middle_root_1_3_1,SVM,舌根,淡白,95,95,0.8947368421052632,0.0,0.0,0.0,0.46195652173913043,85,7,3,0
tip_middle_root_1_3_1,SVM,舌根,鮮紅,63,63,0.8412698412698413,0.5,0.1,0.16666666666666666,0.5405660377358491,52,1,9,1
tip_middle_root_1_3_1,SVM,舌根,暗紅,73,73,0.547945205479452,0.3142857142857143,0.55,0.4,0.5485849056603773,29,24,9,11
tip_middle_root_1_3_1,SVM,舌根,青紫,97,97,0.9175257731958762,0.14285714285714285,0.3333333333333333,0.2,0.6347517730496454,88,6,2,1
tip_middle_root_1_3_1,Random Forest,舌尖,淡紅,77,77,0.7662337662337663,0.5294117647058824,0.47368421052631576,0.5,0.6678765880217785,50,8,10,9
tip_middle_root_1_3_1,Random Forest,舌尖,淡白,94,94,0.9787234042553191,0.0,0.0,0.0,0.5,92,0,2,0
tip_middle_root_1_3_1,Random Forest,舌尖,鮮紅,72,72,0.6944444444444444,0.59375,0.6785714285714286,0.6333333333333333,0.6915584415584416,31,13,9,19
tip_middle_root_1_3_1,Random Forest,舌尖,暗紅,81,81,0.7654320987654321,0.2727272727272727,0.21428571428571427,0.24,0.5474413646055437,59,8,11,3
tip_middle_root_1_3_1,Random Forest,舌尖,青紫,79,79,0.6708860759493671,0.125,0.14285714285714285,0.13333333333333333,0.46373626373626375,51,14,12,2
tip_middle_root_1_3_1,Random Forest,舌中,淡紅,74,74,0.7837837837837838,0.5652173913043478,0.6842105263157895,0.6190476190476191,0.7511961722488039,45,10,6,13
tip_middle_root_1_3_1,Random Forest,舌中,淡白,95,95,0.9263157894736842,0.0,0.0,0.0,0.4782608695652174,88,4,3,0
tip_middle_root_1_3_1,Random Forest,舌中,鮮紅,67,67,0.9402985074626866,1.0,0.7142857142857143,0.8333333333333334,0.8571428571428572,53,0,4,10
tip_middle_root_1_3_1,Random Forest,舌中,暗紅,78,78,0.6666666666666666,0.2857142857142857,0.2,0.23529411764705882,0.5137931034482759,48,10,16,4
tip_middle_root_1_3_1,Random Forest,舌中,青紫,80,80,0.8375,0.2,0.1,0.13333333333333333,0.5214285714285715,66,4,9,1
tip_middle_root_1_3_1,Random Forest,舌左邊,淡紅,86,86,0.7790697674418605,0.5384615384615384,0.6666666666666666,0.5957446808510638,0.7410256410256411,53,12,7,14
tip_middle_root_1_3_1,Random Forest,舌左邊,淡白,95,95,0.9473684210526315,0.0,0.0,0.0,0.5,90,0,5,0
tip_middle_root_1_3_1,Random Forest,舌左邊,鮮紅,73,73,0.7397260273972602,0.6521739130434783,0.5769230769230769,0.6122448979591837,0.703355155482815,39,8,11,15
tip_middle_root_1_3_1,Random Forest,舌左邊,暗紅,81,81,0.6296296296296297,0.25,0.25,0.25,0.5020491803278688,46,15,15,5
tip_middle_root_1_3_1,Random Forest,舌左邊,青紫,71,71,0.8169014084507042,0.36363636363636365,0.4,0.38095238095238093,0.6426229508196721,54,7,6,4
tip_middle_root_1_3_1,Random Forest,舌右邊,淡紅,83,83,0.7951807228915663,0.5882352941176471,0.5,0.5405405405405406,0.6944444444444444,56,7,10,10
tip_middle_root_1_3_1,Random Forest,舌右邊,淡白,93,93,0.9354838709677419,0.0,0.0,0.0,0.4887640449438202,87,2,4,0
tip_middle_root_1_3_1,Random Forest,舌右邊,鮮紅,73,73,0.7808219178082192,0.65625,0.8076923076923077,0.7241379310344828,0.7868248772504092,36,11,5,21
tip_middle_root_1_3_1,Random Forest,舌右邊,暗紅,81,81,0.6296296296296297,0.2857142857142857,0.2857142857142857,0.2857142857142857,0.5178571428571428,45,15,15,6
tip_middle_root_1_3_1,Random Forest,舌右邊,青紫,71,71,0.7605633802816901,0.2,0.18181818181818182,0.19047619047619047,0.5242424242424243,52,8,9,2
tip_middle_root_1_3_1,Random Forest,舌根,淡紅,78,78,0.7051282051282052,0.35714285714285715,0.2631578947368421,0.30303030303030304,0.555307760927743,50,9,14,5
tip_middle_root_1_3_1,Random Forest,舌根,淡白,95,95,0.9578947368421052,0.0,0.0,0.0,0.4945652173913043,91,1,3,0
tip_middle_root_1_3_1,Random Forest,舌根,鮮紅,63,63,0.8095238095238095,0.375,0.3,0.3333333333333333,0.6028301886792453,48,5,7,3
tip_middle_root_1_3_1,Random Forest,舌根,暗紅,73,73,0.5068493150684932,0.1,0.1,0.1,0.380188679245283,35,18,18,2
tip_middle_root_1_3_1,Random Forest,舌根,青紫,97,97,0.9587628865979382,0.3333333333333333,0.3333333333333333,0.3333333333333333,0.6560283687943262,92,2,2,1
tip_middle_root_1_3_1,CNN,舌尖,淡紅,77,77,0.7402597402597403,0.47058823529411764,0.42105263157894735,0.4444444444444444,0.632940108892922,49,9,11,8
tip_middle_root_1_3_1,CNN,舌尖,淡白,94,94,0.9148936170212766,0.0,0.0,0.0,0.4673913043478261,86,6,2,0
tip_middle_root_1_3_1,CNN,舌尖,鮮紅,72,72,0.4722222222222222,0.41935483870967744,0.9285714285714286,0.5777777777777777,0.5551948051948052,8,36,2,26
tip_middle_root_1_3_1,CNN,舌尖,暗紅,81,81,0.7777777777777778,0.0,0.0,0.0,0.4701492537313433,63,4,14,0
tip_middle_root_1_3_1,CNN,舌尖,青紫,79,79,0.759493670886076,0.0,0.0,0.0,0.46153846153846156,60,5,14,0
tip_middle_root_1_3_1,CNN,舌中,淡紅,74,74,0.6891891891891891,0.4090909090909091,0.47368421052631576,0.43902439024390244,0.6186602870813397,42,13,10,9
tip_middle_root_1_3_1,CNN,舌中,淡白,95,95,0.5052631578947369,0.021739130434782608,0.3333333333333333,0.04081632653061224,0.4221014492753623,47,45,2,1
tip_middle_root_1_3_1,CNN,舌中,鮮紅,67,67,0.7761194029850746,0.4444444444444444,0.2857142857142857,0.34782608695652173,0.5956873315363882,48,5,10,4
tip_middle_root_1_3_1,CNN,舌中,暗紅,78,78,0.3333333333333333,0.13636363636363635,0.3,0.1875,0.3224137931034483,20,38,14,6
tip_middle_root_1_3_1,CNN,舌中,青紫,80,80,0.6125,0.1111111111111111,0.3,0.16216216216216217,0.47857142857142854,46,24,7,3
tip_middle_root_1_3_1,CNN,舌左邊,淡紅,86,86,0.627906976744186,0.21052631578947367,0.19047619047619047,0.2,0.47985347985347987,50,15,17,4
tip_middle_root_1_3_1,CNN,舌左邊,淡白,95,95,0.7157894736842105,0.07692307692307693,0.4,0.12903225806451613,0.5666666666666667,66,24,3,2
tip_middle_root_1_3_1,CNN,舌左邊,鮮紅,73,73,0.5068493150684932,0.40384615384615385,0.8076923076923077,0.5384615384615384,0.5740589198036007,16,31,5,21
tip_middle_root_1_3_1,CNN,舌左邊,暗紅,81,81,0.6296296296296297,0.25,0.25,0.25,0.5020491803278688,46,15,15,5
tip_middle_root_1_3_1,CNN,舌左邊,青紫,71,71,0.8591549295774648,0.5,0.2,0.2857142857142857,0.5836065573770491,59,2,8,2
tip_middle_root_1_3_1,CNN,舌右邊,淡紅,83,83,0.6746987951807228,0.18181818181818182,0.1,0.12903225806451613,0.47857142857142854,54,9,18,2
tip_middle_root_1_3_1,CNN,舌右邊,淡白,93,93,0.7204301075268817,0.07692307692307693,0.5,0.13333333333333333,0.6151685393258427,65,24,2,2
tip_middle_root_1_3_1,CNN,舌右邊,鮮紅,73,73,0.589041095890411,0.46,0.8846153846153846,0.6052631578947368,0.6550736497545008,20,27,3,23
tip_middle_root_1_3_1,CNN,舌右邊,暗紅,81,81,0.6296296296296297,0.36363636363636365,0.5714285714285714,0.4444444444444444,0.6107142857142858,39,21,9,12
tip_middle_root_1_3_1,CNN,舌右邊,青紫,71,71,0.7605633802816901,0.0,0.0,0.0,0.45,54,6,11,0
tip_middle_root_1_3_1,CNN,舌根,淡紅,78,78,0.44871794871794873,0.26,0.6842105263157895,0.37681159420289856,0.5285459411239964,22,37,6,13
tip_middle_root_1_3_1,CNN,舌根,淡白,95,95,0.6,0.02702702702702703,0.3333333333333333,0.05,0.47101449275362317,56,36,2,1
tip_middle_root_1_3_1,CNN,舌根,鮮紅,63,63,0.6190476190476191,0.15,0.3,0.2,0.4896226415094339,36,17,7,3
tip_middle_root_1_3_1,CNN,舌根,暗紅,73,73,0.6986301369863014,0.25,0.05,0.08333333333333333,0.4966981132075472,50,3,19,1
tip_middle_root_1_3_1,CNN,舌根,青紫,97,97,0.9690721649484536,0.0,0.0,0.0,0.5,94,0,3,0
