color,analysis_type,segmentation_method,model,fold,train_patients,test_patients,train_items,train_positive,train_negative,test_items,test_positive,test_negative,accuracy,precision,recall,f1,balanced_accuracy,tn,fp,fn,tp
淡紅,primary,tip_middle_root_1_2_2,SVM,1,77,19,186,29,157,43,19,24,0.5348837209302325,0.4782608695652174,0.5789473684210527,0.5238095238095238,0.5394736842105263,12,12,8,11
淡紅,primary,tip_middle_root_1_2_2,Random Forest,1,77,19,186,29,157,43,19,24,0.5813953488372093,0.5217391304347826,0.631578947368421,0.5714285714285714,0.5866228070175439,13,11,7,12
淡紅,primary,tip_middle_root_1_2_2,SVM,2,76,20,175,18,157,30,8,22,0.4666666666666667,0.0,0.0,0.0,0.3181818181818182,14,8,8,0
淡紅,primary,tip_middle_root_1_2_2,Random Forest,2,76,20,175,18,157,30,8,22,0.4666666666666667,0.1,0.125,0.1111111111111111,0.35795454545454547,13,9,7,1
淡紅,primary,tip_middle_root_1_2_2,SVM,3,78,18,177,22,155,31,12,19,0.6129032258064516,0.5,0.4166666666666667,0.45454545454545453,0.5767543859649122,14,5,7,5
淡紅,primary,tip_middle_root_1_2_2,Random Forest,3,78,18,177,22,155,31,12,19,0.5483870967741935,0.4166666666666667,0.4166666666666667,0.4166666666666667,0.5241228070175439,12,7,7,5
淡紅,primary,tip_middle_root_1_2_2,SVM,4,75,21,179,27,152,32,16,16,0.5,0.5,0.4375,0.4666666666666667,0.5,9,7,9,7
淡紅,primary,tip_middle_root_1_2_2,Random Forest,4,75,21,179,27,152,32,16,16,0.46875,0.42857142857142855,0.1875,0.2608695652173913,0.46875,12,4,13,3
淡紅,primary,tip_middle_root_1_2_2,SVM,5,78,18,183,24,159,37,13,24,0.5405405405405406,0.4166666666666667,0.7692307692307693,0.5405405405405406,0.592948717948718,10,14,3,10
淡紅,primary,tip_middle_root_1_2_2,Random Forest,5,78,18,183,24,159,37,13,24,0.6216216216216216,0.47368421052631576,0.6923076923076923,0.5625,0.6378205128205128,14,10,4,9
淡紅,primary,tip_middle_root_1_3_1,SVM,1,77,19,186,29,157,43,19,24,0.6511627906976745,0.6,0.631578947368421,0.6153846153846154,0.6491228070175439,16,8,7,12
淡紅,primary,tip_middle_root_1_3_1,Random Forest,1,77,19,186,29,157,43,19,24,0.6976744186046512,0.6363636363636364,0.7368421052631579,0.6829268292682927,0.7017543859649122,16,8,5,14
淡紅,primary,tip_middle_root_1_3_1,SVM,2,76,20,175,18,157,30,8,22,0.43333333333333335,0.0,0.0,0.0,0.29545454545454547,13,9,8,0
淡紅,primary,tip_middle_root_1_3_1,Random Forest,2,76,20,175,18,157,30,8,22,0.5,0.0,0.0,0.0,0.3409090909090909,15,7,8,0
淡紅,primary,tip_middle_root_1_3_1,SVM,3,78,18,177,22,155,31,12,19,0.6774193548387096,0.6,0.5,0.5454545454545454,0.6447368421052632,15,4,6,6
淡紅,primary,tip_middle_root_1_3_1,Random Forest,3,78,18,177,22,155,31,12,19,0.6129032258064516,0.5,0.4166666666666667,0.45454545454545453,0.5767543859649122,14,5,7,5
淡紅,primary,tip_middle_root_1_3_1,SVM,4,75,21,179,27,152,32,16,16,0.46875,0.4666666666666667,0.4375,0.45161290322580644,0.46875,8,8,9,7
淡紅,primary,tip_middle_root_1_3_1,Random Forest,4,75,21,179,27,152,32,16,16,0.5,0.5,0.1875,0.2727272727272727,0.5,13,3,13,3
淡紅,primary,tip_middle_root_1_3_1,SVM,5,78,18,183,24,159,37,13,24,0.5675675675675675,0.42857142857142855,0.6923076923076923,0.5294117647058824,0.5961538461538461,12,12,4,9
淡紅,primary,tip_middle_root_1_3_1,Random Forest,5,78,18,183,24,159,37,13,24,0.6756756756756757,0.5263157894736842,0.7692307692307693,0.625,0.6971153846153846,15,9,3,10
鮮紅,primary,tip_middle_root_1_2_2,SVM,1,68,18,149,25,124,40,14,26,0.7,0.5714285714285714,0.5714285714285714,0.5714285714285714,0.6703296703296704,20,6,6,8
鮮紅,primary,tip_middle_root_1_2_2,Random Forest,1,68,18,149,25,124,40,14,26,0.75,0.6666666666666666,0.5714285714285714,0.6153846153846154,0.7087912087912087,22,4,6,8
鮮紅,primary,tip_middle_root_1_2_2,SVM,2,70,16,133,25,108,26,15,11,0.7307692307692307,0.9,0.6,0.72,0.7545454545454545,10,1,6,9
鮮紅,primary,tip_middle_root_1_2_2,Random Forest,2,70,16,133,25,108,26,15,11,0.7307692307692307,0.9,0.6,0.72,0.7545454545454545,10,1,6,9
鮮紅,primary,tip_middle_root_1_2_2,SVM,3,70,16,137,25,112,29,13,16,0.8275862068965517,0.75,0.9230769230769231,0.8275862068965517,0.8365384615384616,12,4,1,12
鮮紅,primary,tip_middle_root_1_2_2,Random Forest,3,70,16,137,25,112,29,13,16,0.7586206896551724,0.75,0.6923076923076923,0.72,0.7524038461538461,13,3,4,9
鮮紅,primary,tip_middle_root_1_2_2,SVM,4,68,18,147,26,121,38,15,23,0.5263157894736842,0.36363636363636365,0.26666666666666666,0.3076923076923077,0.48115942028985503,16,7,11,4
鮮紅,primary,tip_middle_root_1_2_2,Random Forest,4,68,18,147,26,121,38,15,23,0.631578947368421,0.5454545454545454,0.4,0.46153846153846156,0.591304347826087,18,5,9,6
鮮紅,primary,tip_middle_root_1_2_2,SVM,5,68,18,146,27,119,37,15,22,0.6216216216216216,0.5384615384615384,0.4666666666666667,0.5,0.5969696969696969,16,6,8,7
鮮紅,primary,tip_middle_root_1_2_2,Random Forest,5,68,18,146,27,119,37,15,22,0.6756756756756757,0.6363636363636364,0.4666666666666667,0.5384615384615384,0.6424242424242425,18,4,8,7
鮮紅,primary,tip_middle_root_1_3_1,SVM,1,68,18,149,25,124,40,14,26,0.675,0.5384615384615384,0.5,0.5185185185185185,0.6346153846153846,20,6,7,7
鮮紅,primary,tip_middle_root_1_3_1,Random Forest,1,68,18,149,25,124,40,14,26,0.725,0.6363636363636364,0.5,0.56,0.6730769230769231,22,4,7,7
鮮紅,primary,tip_middle_root_1_3_1,SVM,2,70,16,133,25,108,26,15,11,0.7692307692307693,0.9090909090909091,0.6666666666666666,0.7692307692307693,0.7878787878787878,10,1,5,10
鮮紅,primary,tip_middle_root_1_3_1,Random Forest,2,70,16,133,25,108,26,15,11,0.7307692307692307,0.9,0.6,0.72,0.7545454545454545,10,1,6,9
鮮紅,primary,tip_middle_root_1_3_1,SVM,3,70,16,137,25,112,29,13,16,0.8275862068965517,0.7857142857142857,0.8461538461538461,0.8148148148148148,0.8293269230769231,13,3,2,11
鮮紅,primary,tip_middle_root_1_3_1,Random Forest,3,70,16,137,25,112,29,13,16,0.7931034482758621,0.8181818181818182,0.6923076923076923,0.75,0.7836538461538461,14,2,4,9
鮮紅,primary,tip_middle_root_1_3_1,SVM,4,68,18,147,26,121,38,15,23,0.5526315789473685,0.4,0.26666666666666666,0.32,0.5028985507246376,17,6,11,4
鮮紅,primary,tip_middle_root_1_3_1,Random Forest,4,68,18,147,26,121,38,15,23,0.6052631578947368,0.5,0.26666666666666666,0.34782608695652173,0.5463768115942029,19,4,11,4
鮮紅,primary,tip_middle_root_1_3_1,SVM,5,68,18,146,27,119,37,15,22,0.5945945945945946,0.5,0.4,0.4444444444444444,0.5636363636363637,16,6,9,6
鮮紅,primary,tip_middle_root_1_3_1,Random Forest,5,68,18,146,27,119,37,15,22,0.6486486486486487,0.625,0.3333333333333333,0.43478260869565216,0.5984848484848485,19,3,10,5
暗紅,exploratory,tip_middle_root_1_2_2,SVM,1,79,19,121,9,112,46,18,28,0.5869565217391305,0.3333333333333333,0.05555555555555555,0.09523809523809523,0.4920634920634921,26,2,17,1
暗紅,exploratory,tip_middle_root_1_2_2,Random Forest,1,79,19,121,9,112,46,18,28,0.5869565217391305,0.0,0.0,0.0,0.48214285714285715,27,1,18,0
暗紅,exploratory,tip_middle_root_1_2_2,SVM,2,77,21,125,5,120,52,16,36,0.7307692307692307,0.6666666666666666,0.25,0.36363636363636365,0.5972222222222222,34,2,12,4
暗紅,exploratory,tip_middle_root_1_2_2,Random Forest,2,77,21,125,5,120,52,16,36,0.6346153846153846,0.0,0.0,0.0,0.4583333333333333,33,3,16,0
暗紅,exploratory,tip_middle_root_1_2_2,SVM,3,79,19,122,9,113,47,19,28,0.5106382978723404,0.0,0.0,0.0,0.42857142857142855,24,4,19,0
暗紅,exploratory,tip_middle_root_1_2_2,Random Forest,3,79,19,122,9,113,47,19,28,0.5957446808510638,0.5,0.05263157894736842,0.09523809523809523,0.5084586466165414,27,1,18,1
暗紅,exploratory,tip_middle_root_1_2_2,SVM,4,77,21,120,7,113,45,17,28,0.6888888888888889,1.0,0.17647058823529413,0.3,0.5882352941176471,28,0,14,3
暗紅,exploratory,tip_middle_root_1_2_2,Random Forest,4,77,21,120,7,113,45,17,28,0.6222222222222222,0.0,0.0,0.0,0.5,28,0,17,0
暗紅,exploratory,tip_middle_root_1_2_2,SVM,5,80,18,124,6,118,51,16,35,0.6666666666666666,0.42857142857142855,0.1875,0.2608695652173913,0.5366071428571428,31,4,13,3
暗紅,exploratory,tip_middle_root_1_2_2,Random Forest,5,80,18,124,6,118,51,16,35,0.6862745098039216,0.0,0.0,0.0,0.5,35,0,16,0
暗紅,exploratory,tip_middle_root_1_3_1,SVM,1,79,19,121,9,112,46,18,28,0.5652173913043478,0.0,0.0,0.0,0.4642857142857143,26,2,18,0
暗紅,exploratory,tip_middle_root_1_3_1,Random Forest,1,79,19,121,9,112,46,18,28,0.5434782608695652,0.0,0.0,0.0,0.44642857142857145,25,3,18,0
暗紅,exploratory,tip_middle_root_1_3_1,SVM,2,77,21,125,5,120,52,16,36,0.7115384615384616,0.5714285714285714,0.25,0.34782608695652173,0.5833333333333333,33,3,12,4
暗紅,exploratory,tip_middle_root_1_3_1,Random Forest,2,77,21,125,5,120,52,16,36,0.6346153846153846,0.2,0.0625,0.09523809523809523,0.4756944444444444,32,4,15,1
暗紅,exploratory,tip_middle_root_1_3_1,SVM,3,79,19,122,9,113,47,19,28,0.5957446808510638,0.5,0.05263157894736842,0.09523809523809523,0.5084586466165414,27,1,18,1
暗紅,exploratory,tip_middle_root_1_3_1,Random Forest,3,79,19,122,9,113,47,19,28,0.5531914893617021,0.25,0.05263157894736842,0.08695652173913043,0.4727443609022557,25,3,18,1
暗紅,exploratory,tip_middle_root_1_3_1,SVM,4,77,21,120,7,113,45,17,28,0.6222222222222222,0.0,0.0,0.0,0.5,28,0,17,0
暗紅,exploratory,tip_middle_root_1_3_1,Random Forest,4,77,21,120,7,113,45,17,28,0.6888888888888889,1.0,0.17647058823529413,0.3,0.5882352941176471,28,0,14,3
暗紅,exploratory,tip_middle_root_1_3_1,SVM,5,80,18,124,6,118,51,16,35,0.7254901960784313,1.0,0.125,0.2222222222222222,0.5625,35,0,14,2
暗紅,exploratory,tip_middle_root_1_3_1,Random Forest,5,80,18,124,6,118,51,16,35,0.6666666666666666,0.0,0.0,0.0,0.4857142857142857,34,1,16,0
青紫,exploratory,tip_middle_root_1_2_2,SVM,1,79,21,171,6,165,27,7,20,0.7407407407407407,0.5,0.2857142857142857,0.36363636363636365,0.5928571428571429,18,2,5,2
青紫,exploratory,tip_middle_root_1_2_2,Random Forest,1,79,21,171,6,165,27,7,20,0.7037037037037037,0.3333333333333333,0.14285714285714285,0.2,0.5214285714285715,18,2,6,1
青紫,exploratory,tip_middle_root_1_2_2,SVM,2,81,19,179,5,174,40,7,33,0.725,0.0,0.0,0.0,0.4393939393939394,29,4,7,0
青紫,exploratory,tip_middle_root_1_2_2,Random Forest,2,81,19,179,5,174,40,7,33,0.775,0.0,0.0,0.0,0.4696969696969697,31,2,7,0
青紫,exploratory,tip_middle_root_1_2_2,SVM,3,80,20,179,5,174,31,7,24,0.7741935483870968,0.5,0.14285714285714285,0.2222222222222222,0.5505952380952381,23,1,6,1
青紫,exploratory,tip_middle_root_1_2_2,Random Forest,3,80,20,179,5,174,31,7,24,0.7741935483870968,0.0,0.0,0.0,0.5,24,0,7,0
青紫,exploratory,tip_middle_root_1_2_2,SVM,4,80,20,184,8,176,38,9,29,0.5789473684210527,0.1111111111111111,0.1111111111111111,0.1111111111111111,0.4176245210727969,21,8,8,1
青紫,exploratory,tip_middle_root_1_2_2,Random Forest,4,80,20,184,8,176,38,9,29,0.7105263157894737,0.0,0.0,0.0,0.46551724137931033,27,2,9,0
青紫,exploratory,tip_middle_root_1_2_2,SVM,5,80,20,183,8,175,38,10,28,0.7631578947368421,0.5333333333333333,0.8,0.64,0.775,21,7,2,8
青紫,exploratory,tip_middle_root_1_2_2,Random Forest,5,80,20,183,8,175,38,10,28,0.8157894736842105,0.6153846153846154,0.8,0.6956521739130435,0.8107142857142857,23,5,2,8
青紫,exploratory,tip_middle_root_1_3_1,SVM,1,79,21,171,6,165,27,7,20,0.7037037037037037,0.3333333333333333,0.14285714285714285,0.2,0.5214285714285715,18,2,6,1
青紫,exploratory,tip_middle_root_1_3_1,Random Forest,1,79,21,171,6,165,27,7,20,0.7407407407407407,0.5,0.14285714285714285,0.2222222222222222,0.5464285714285714,19,1,6,1
青紫,exploratory,tip_middle_root_1_3_1,SVM,2,81,19,179,5,174,40,7,33,0.75,0.2,0.14285714285714285,0.16666666666666666,0.5108225108225108,29,4,6,1
青紫,exploratory,tip_middle_root_1_3_1,Random Forest,2,81,19,179,5,174,40,7,33,0.8,0.0,0.0,0.0,0.48484848484848486,32,1,7,0
青紫,exploratory,tip_middle_root_1_3_1,SVM,3,80,20,179,5,174,31,7,24,0.7741935483870968,0.5,0.14285714285714285,0.2222222222222222,0.5505952380952381,23,1,6,1
青紫,exploratory,tip_middle_root_1_3_1,Random Forest,3,80,20,179,5,174,31,7,24,0.7741935483870968,0.0,0.0,0.0,0.5,24,0,7,0
青紫,exploratory,tip_middle_root_1_3_1,SVM,4,80,20,184,8,176,38,9,29,0.5526315789473685,0.0,0.0,0.0,0.3620689655172414,21,8,9,0
青紫,exploratory,tip_middle_root_1_3_1,Random Forest,4,80,20,184,8,176,38,9,29,0.7105263157894737,0.25,0.1111111111111111,0.15384615384615385,0.5038314176245211,26,3,8,1
青紫,exploratory,tip_middle_root_1_3_1,SVM,5,80,20,183,8,175,38,10,28,0.7368421052631579,0.5,0.8,0.6153846153846154,0.7571428571428571,20,8,2,8
青紫,exploratory,tip_middle_root_1_3_1,Random Forest,5,80,20,183,8,175,38,10,28,0.8947368421052632,0.8,0.8,0.8,0.8642857142857143,26,2,2,8
