image_id,region,positive_votes,agreement_detail,true,pred,probability,color,analysis_type,segmentation_method,model,fold
17,舌尖,3,three_one_positive,1,0,0.2188991755247116,淡紅,primary,tip_middle_root_1_2_2,CNN,1
31,舌尖,1,three_one_negative,0,0,0.26640817523002625,淡紅,primary,tip_middle_root_1_2_2,CNN,1
19,舌尖,3,three_one_positive,1,0,0.4786139726638794,淡紅,primary,tip_middle_root_1_2_2,CNN,1
55,舌尖,3,three_one_positive,1,0,0.407403826713562,淡紅,primary,tip_middle_root_1_2_2,CNN,1
40,舌尖,1,three_one_negative,0,0,0.14802336692810059,淡紅,primary,tip_middle_root_1_2_2,CNN,1
93,舌尖,1,three_one_negative,0,0,0.02943817526102066,淡紅,primary,tip_middle_root_1_2_2,CNN,1
86,舌尖,3,three_one_positive,1,0,0.14133088290691376,淡紅,primary,tip_middle_root_1_2_2,CNN,1
74,舌中,1,three_one_negative,0,0,0.31109270453453064,淡紅,primary,tip_middle_root_1_2_2,CNN,1
21,舌中,3,three_one_positive,1,1,0.5431720614433289,淡紅,primary,tip_middle_root_1_2_2,CNN,1
31,舌中,1,three_one_negative,0,1,0.5741114020347595,淡紅,primary,tip_middle_root_1_2_2,CNN,1
19,舌中,3,three_one_positive,1,1,0.6055579781532288,淡紅,primary,tip_middle_root_1_2_2,CNN,1
55,舌中,3,three_one_positive,1,0,0.4472005367279053,淡紅,primary,tip_middle_root_1_2_2,CNN,1
7,舌中,1,three_one_negative,0,0,0.43708643317222595,淡紅,primary,tip_middle_root_1_2_2,CNN,1
40,舌中,1,three_one_negative,0,1,0.5274484753608704,淡紅,primary,tip_middle_root_1_2_2,CNN,1
45,舌中,1,three_one_negative,0,0,0.478326678276062,淡紅,primary,tip_middle_root_1_2_2,CNN,1
92,舌中,1,three_one_negative,0,0,0.20522087812423706,淡紅,primary,tip_middle_root_1_2_2,CNN,1
74,舌左邊,1,three_one_negative,0,0,0.13698865473270416,淡紅,primary,tip_middle_root_1_2_2,CNN,1
73,舌左邊,1,three_one_negative,0,0,0.12547558546066284,淡紅,primary,tip_middle_root_1_2_2,CNN,1
17,舌左邊,1,three_one_negative,0,0,0.25281596183776855,淡紅,primary,tip_middle_root_1_2_2,CNN,1
21,舌左邊,3,three_one_positive,1,0,0.342215359210968,淡紅,primary,tip_middle_root_1_2_2,CNN,1
19,舌左邊,3,three_one_positive,1,0,0.33896318078041077,淡紅,primary,tip_middle_root_1_2_2,CNN,1
55,舌左邊,3,three_one_positive,1,0,0.20166674256324768,淡紅,primary,tip_middle_root_1_2_2,CNN,1
40,舌左邊,1,three_one_negative,0,0,0.23885716497898102,淡紅,primary,tip_middle_root_1_2_2,CNN,1
45,舌左邊,3,three_one_positive,1,0,0.31833192706108093,淡紅,primary,tip_middle_root_1_2_2,CNN,1
92,舌左邊,1,three_one_negative,0,0,0.2629333734512329,淡紅,primary,tip_middle_root_1_2_2,CNN,1
86,舌左邊,3,three_one_positive,1,0,0.2676159739494324,淡紅,primary,tip_middle_root_1_2_2,CNN,1
74,舌右邊,1,three_one_negative,0,0,0.16115987300872803,淡紅,primary,tip_middle_root_1_2_2,CNN,1
73,舌右邊,1,three_one_negative,0,0,0.03427409380674362,淡紅,primary,tip_middle_root_1_2_2,CNN,1
17,舌右邊,1,three_one_negative,0,0,0.3031267523765564,淡紅,primary,tip_middle_root_1_2_2,CNN,1
21,舌右邊,3,three_one_positive,1,0,0.17231138050556183,淡紅,primary,tip_middle_root_1_2_2,CNN,1
19,舌右邊,3,three_one_positive,1,0,0.46531227231025696,淡紅,primary,tip_middle_root_1_2_2,CNN,1
55,舌右邊,3,three_one_positive,1,0,0.18115317821502686,淡紅,primary,tip_middle_root_1_2_2,CNN,1
40,舌右邊,1,three_one_negative,0,0,0.07639288902282715,淡紅,primary,tip_middle_root_1_2_2,CNN,1
45,舌右邊,3,three_one_positive,1,0,0.43414977192878723,淡紅,primary,tip_middle_root_1_2_2,CNN,1
86,舌右邊,3,three_one_positive,1,1,0.5250706672668457,淡紅,primary,tip_middle_root_1_2_2,CNN,1
74,舌根,1,three_one_negative,0,0,0.11135484278202057,淡紅,primary,tip_middle_root_1_2_2,CNN,1
21,舌根,3,three_one_positive,1,1,0.5282773971557617,淡紅,primary,tip_middle_root_1_2_2,CNN,1
31,舌根,1,three_one_negative,0,0,0.20604674518108368,淡紅,primary,tip_middle_root_1_2_2,CNN,1
19,舌根,3,three_one_positive,1,1,0.5637646913528442,淡紅,primary,tip_middle_root_1_2_2,CNN,1
7,舌根,1,three_one_negative,0,0,0.12800699472427368,淡紅,primary,tip_middle_root_1_2_2,CNN,1
40,舌根,1,three_one_negative,0,0,0.11925778537988663,淡紅,primary,tip_middle_root_1_2_2,CNN,1
45,舌根,1,three_one_negative,0,0,0.13261887431144714,淡紅,primary,tip_middle_root_1_2_2,CNN,1
92,舌根,1,three_one_negative,0,0,0.3007977306842804,淡紅,primary,tip_middle_root_1_2_2,CNN,1
32,舌尖,1,three_one_negative,0,0,0.2821372449398041,淡紅,primary,tip_middle_root_1_2_2,CNN,2
95,舌尖,1,three_one_negative,0,0,0.3442043960094452,淡紅,primary,tip_middle_root_1_2_2,CNN,2
57,舌尖,1,three_one_negative,0,1,0.8380804061889648,淡紅,primary,tip_middle_root_1_2_2,CNN,2
54,舌尖,3,three_one_positive,1,1,0.5487304925918579,淡紅,primary,tip_middle_root_1_2_2,CNN,2
50,舌尖,1,three_one_negative,0,1,0.7687380313873291,淡紅,primary,tip_middle_root_1_2_2,CNN,2
90,舌尖,1,three_one_negative,0,0,0.3878523111343384,淡紅,primary,tip_middle_root_1_2_2,CNN,2
53,舌尖,1,three_one_negative,0,1,0.7189088463783264,淡紅,primary,tip_middle_root_1_2_2,CNN,2
14,舌中,3,three_one_positive,1,0,0.27686917781829834,淡紅,primary,tip_middle_root_1_2_2,CNN,2
12,舌中,3,three_one_positive,1,0,0.26776203513145447,淡紅,primary,tip_middle_root_1_2_2,CNN,2
24,舌中,1,three_one_negative,0,1,0.6276893615722656,淡紅,primary,tip_middle_root_1_2_2,CNN,2
95,舌中,1,three_one_negative,0,0,0.071281298995018,淡紅,primary,tip_middle_root_1_2_2,CNN,2
90,舌中,1,three_one_negative,0,0,0.24996542930603027,淡紅,primary,tip_middle_root_1_2_2,CNN,2
14,舌左邊,3,three_one_positive,1,0,0.01435221266001463,淡紅,primary,tip_middle_root_1_2_2,CNN,2
32,舌左邊,1,three_one_negative,0,0,0.20928874611854553,淡紅,primary,tip_middle_root_1_2_2,CNN,2
95,舌左邊,1,three_one_negative,0,0,0.06306236982345581,淡紅,primary,tip_middle_root_1_2_2,CNN,2
57,舌左邊,1,three_one_negative,0,1,0.6722946166992188,淡紅,primary,tip_middle_root_1_2_2,CNN,2
90,舌左邊,1,three_one_negative,0,0,0.012816175818443298,淡紅,primary,tip_middle_root_1_2_2,CNN,2
47,舌左邊,1,three_one_negative,0,0,0.013836937956511974,淡紅,primary,tip_middle_root_1_2_2,CNN,2
14,舌右邊,3,three_one_positive,1,0,0.06724642217159271,淡紅,primary,tip_middle_root_1_2_2,CNN,2
32,舌右邊,1,three_one_negative,0,0,0.07494647800922394,淡紅,primary,tip_middle_root_1_2_2,CNN,2
95,舌右邊,1,three_one_negative,0,0,0.04182671755552292,淡紅,primary,tip_middle_root_1_2_2,CNN,2
57,舌右邊,1,three_one_negative,0,1,0.7420390844345093,淡紅,primary,tip_middle_root_1_2_2,CNN,2
90,舌右邊,1,three_one_negative,0,0,0.012223800644278526,淡紅,primary,tip_middle_root_1_2_2,CNN,2
14,舌根,3,three_one_positive,1,1,0.6996543407440186,淡紅,primary,tip_middle_root_1_2_2,CNN,2
24,舌根,1,three_one_negative,0,1,0.8442931771278381,淡紅,primary,tip_middle_root_1_2_2,CNN,2
95,舌根,1,three_one_negative,0,0,0.2392815202474594,淡紅,primary,tip_middle_root_1_2_2,CNN,2
80,舌根,1,three_one_negative,0,1,0.6163594126701355,淡紅,primary,tip_middle_root_1_2_2,CNN,2
54,舌根,3,three_one_positive,1,0,0.279092013835907,淡紅,primary,tip_middle_root_1_2_2,CNN,2
90,舌根,1,three_one_negative,0,0,0.4154677391052246,淡紅,primary,tip_middle_root_1_2_2,CNN,2
46,舌根,3,three_one_positive,1,1,0.7200543880462646,淡紅,primary,tip_middle_root_1_2_2,CNN,2
49,舌尖,3,three_one_positive,1,0,0.1665911078453064,淡紅,primary,tip_middle_root_1_2_2,CNN,3
13,舌尖,1,three_one_negative,0,0,0.09854450076818466,淡紅,primary,tip_middle_root_1_2_2,CNN,3
43,舌尖,1,three_one_negative,0,0,0.04124441370368004,淡紅,primary,tip_middle_root_1_2_2,CNN,3
94,舌尖,1,three_one_negative,0,0,0.24923677742481232,淡紅,primary,tip_middle_root_1_2_2,CNN,3
78,舌尖,1,three_one_negative,0,0,0.06711141765117645,淡紅,primary,tip_middle_root_1_2_2,CNN,3
51,舌尖,1,three_one_negative,0,0,0.10905320197343826,淡紅,primary,tip_middle_root_1_2_2,CNN,3
15,舌中,3,three_one_positive,1,0,0.21241649985313416,淡紅,primary,tip_middle_root_1_2_2,CNN,3
23,舌中,3,three_one_positive,1,1,0.5748175382614136,淡紅,primary,tip_middle_root_1_2_2,CNN,3
97,舌中,1,three_one_negative,0,0,0.1984618604183197,淡紅,primary,tip_middle_root_1_2_2,CNN,3
51,舌中,1,three_one_negative,0,1,0.5343613028526306,淡紅,primary,tip_middle_root_1_2_2,CNN,3
60,舌左邊,1,three_one_negative,0,0,0.3660718500614166,淡紅,primary,tip_middle_root_1_2_2,CNN,3
49,舌左邊,3,three_one_positive,1,1,0.6840558052062988,淡紅,primary,tip_middle_root_1_2_2,CNN,3
13,舌左邊,1,three_one_negative,0,0,0.24586564302444458,淡紅,primary,tip_middle_root_1_2_2,CNN,3
23,舌左邊,3,three_one_positive,1,0,0.4359523355960846,淡紅,primary,tip_middle_root_1_2_2,CNN,3
43,舌左邊,1,three_one_negative,0,0,0.24218124151229858,淡紅,primary,tip_middle_root_1_2_2,CNN,3
41,舌左邊,3,three_one_positive,1,0,0.46922433376312256,淡紅,primary,tip_middle_root_1_2_2,CNN,3
69,舌左邊,1,three_one_negative,0,0,0.11806581169366837,淡紅,primary,tip_middle_root_1_2_2,CNN,3
51,舌左邊,1,three_one_negative,0,0,0.34750717878341675,淡紅,primary,tip_middle_root_1_2_2,CNN,3
60,舌右邊,1,three_one_negative,0,0,0.4549787938594818,淡紅,primary,tip_middle_root_1_2_2,CNN,3
29,舌右邊,3,three_one_positive,1,1,0.6036451458930969,淡紅,primary,tip_middle_root_1_2_2,CNN,3
13,舌右邊,1,three_one_negative,0,0,0.18771402537822723,淡紅,primary,tip_middle_root_1_2_2,CNN,3
43,舌右邊,1,three_one_negative,0,0,0.24458396434783936,淡紅,primary,tip_middle_root_1_2_2,CNN,3
41,舌右邊,3,three_one_positive,1,0,0.34701618552207947,淡紅,primary,tip_middle_root_1_2_2,CNN,3
51,舌右邊,1,three_one_negative,0,0,0.27830004692077637,淡紅,primary,tip_middle_root_1_2_2,CNN,3
29,舌根,3,three_one_positive,1,1,0.7057234048843384,淡紅,primary,tip_middle_root_1_2_2,CNN,3
15,舌根,3,three_one_positive,1,0,0.1270538866519928,淡紅,primary,tip_middle_root_1_2_2,CNN,3
23,舌根,3,three_one_positive,1,0,0.40299010276794434,淡紅,primary,tip_middle_root_1_2_2,CNN,3
43,舌根,1,three_one_negative,0,0,0.33704978227615356,淡紅,primary,tip_middle_root_1_2_2,CNN,3
41,舌根,3,three_one_positive,1,1,0.6576935648918152,淡紅,primary,tip_middle_root_1_2_2,CNN,3
97,舌根,1,three_one_negative,0,0,0.12344496697187424,淡紅,primary,tip_middle_root_1_2_2,CNN,3
51,舌根,1,three_one_negative,0,1,0.50275057554245,淡紅,primary,tip_middle_root_1_2_2,CNN,3
38,舌尖,3,three_one_positive,1,0,0.3161395788192749,淡紅,primary,tip_middle_root_1_2_2,CNN,4
4,舌尖,1,three_one_negative,0,0,0.1937824785709381,淡紅,primary,tip_middle_root_1_2_2,CNN,4
2,舌尖,1,three_one_negative,0,0,0.16297592222690582,淡紅,primary,tip_middle_root_1_2_2,CNN,4
84,舌尖,3,three_one_positive,1,1,0.5913501381874084,淡紅,primary,tip_middle_root_1_2_2,CNN,4
1,舌尖,1,three_one_negative,0,0,0.037073057144880295,淡紅,primary,tip_middle_root_1_2_2,CNN,4
38,舌中,3,three_one_positive,1,0,0.45904335379600525,淡紅,primary,tip_middle_root_1_2_2,CNN,4
35,舌中,1,three_one_negative,0,1,0.7631346583366394,淡紅,primary,tip_middle_root_1_2_2,CNN,4
18,舌中,3,three_one_positive,1,0,0.37047943472862244,淡紅,primary,tip_middle_root_1_2_2,CNN,4
4,舌中,1,three_one_negative,0,0,0.33142387866973877,淡紅,primary,tip_middle_root_1_2_2,CNN,4
79,舌中,1,three_one_negative,0,0,0.35511514544487,淡紅,primary,tip_middle_root_1_2_2,CNN,4
84,舌中,3,three_one_positive,1,1,0.7898843884468079,淡紅,primary,tip_middle_root_1_2_2,CNN,4
52,舌中,3,three_one_positive,1,1,0.6658359169960022,淡紅,primary,tip_middle_root_1_2_2,CNN,4
38,舌左邊,3,three_one_positive,1,1,0.632268488407135,淡紅,primary,tip_middle_root_1_2_2,CNN,4
35,舌左邊,1,three_one_negative,0,0,0.4642719030380249,淡紅,primary,tip_middle_root_1_2_2,CNN,4
30,舌左邊,1,three_one_negative,0,1,0.6457485556602478,淡紅,primary,tip_middle_root_1_2_2,CNN,4
25,舌左邊,1,three_one_negative,0,0,0.4892140328884125,淡紅,primary,tip_middle_root_1_2_2,CNN,4
84,舌左邊,3,three_one_positive,1,0,0.48725244402885437,淡紅,primary,tip_middle_root_1_2_2,CNN,4
52,舌左邊,3,three_one_positive,1,1,0.6302594542503357,淡紅,primary,tip_middle_root_1_2_2,CNN,4
38,舌右邊,3,three_one_positive,1,1,0.5508978366851807,淡紅,primary,tip_middle_root_1_2_2,CNN,4
35,舌右邊,1,three_one_negative,0,1,0.5409468412399292,淡紅,primary,tip_middle_root_1_2_2,CNN,4
30,舌右邊,1,three_one_negative,0,0,0.3826202154159546,淡紅,primary,tip_middle_root_1_2_2,CNN,4
25,舌右邊,1,three_one_negative,0,0,0.10890498012304306,淡紅,primary,tip_middle_root_1_2_2,CNN,4
84,舌右邊,3,three_one_positive,1,1,0.5506005883216858,淡紅,primary,tip_middle_root_1_2_2,CNN,4
52,舌右邊,3,three_one_positive,1,1,0.6169157028198242,淡紅,primary,tip_middle_root_1_2_2,CNN,4
58,舌根,1,three_one_negative,0,1,0.5066441297531128,淡紅,primary,tip_middle_root_1_2_2,CNN,4
35,舌根,1,three_one_negative,0,1,0.523142397403717,淡紅,primary,tip_middle_root_1_2_2,CNN,4
20,舌根,3,three_one_positive,1,0,0.35024964809417725,淡紅,primary,tip_middle_root_1_2_2,CNN,4
18,舌根,3,three_one_positive,1,0,0.3122962415218353,淡紅,primary,tip_middle_root_1_2_2,CNN,4
25,舌根,1,three_one_negative,0,0,0.18649467825889587,淡紅,primary,tip_middle_root_1_2_2,CNN,4
44,舌根,1,three_one_negative,0,1,0.5938413739204407,淡紅,primary,tip_middle_root_1_2_2,CNN,4
84,舌根,3,three_one_positive,1,1,0.5716015696525574,淡紅,primary,tip_middle_root_1_2_2,CNN,4
52,舌根,3,three_one_positive,1,0,0.4207513630390167,淡紅,primary,tip_middle_root_1_2_2,CNN,4
59,舌尖,1,three_one_negative,0,1,0.5617628693580627,淡紅,primary,tip_middle_root_1_2_2,CNN,5
28,舌尖,3,three_one_positive,1,1,0.5125410556793213,淡紅,primary,tip_middle_root_1_2_2,CNN,5
39,舌尖,3,three_one_positive,1,1,0.5460145473480225,淡紅,primary,tip_middle_root_1_2_2,CNN,5
34,舌尖,1,three_one_negative,0,0,0.34655678272247314,淡紅,primary,tip_middle_root_1_2_2,CNN,5
27,舌尖,3,three_one_positive,1,1,0.5385235548019409,淡紅,primary,tip_middle_root_1_2_2,CNN,5
26,舌尖,3,three_one_positive,1,0,0.281583309173584,淡紅,primary,tip_middle_root_1_2_2,CNN,5
42,舌尖,1,three_one_negative,0,0,0.3509789705276489,淡紅,primary,tip_middle_root_1_2_2,CNN,5
6,舌尖,1,three_one_negative,0,1,0.5176485776901245,淡紅,primary,tip_middle_root_1_2_2,CNN,5
91,舌尖,1,three_one_negative,0,0,0.16806142032146454,淡紅,primary,tip_middle_root_1_2_2,CNN,5
59,舌中,1,three_one_negative,0,0,0.4017752707004547,淡紅,primary,tip_middle_root_1_2_2,CNN,5
98,舌中,1,three_one_negative,0,0,0.2532470226287842,淡紅,primary,tip_middle_root_1_2_2,CNN,5
36,舌中,3,three_one_positive,1,0,0.35752496123313904,淡紅,primary,tip_middle_root_1_2_2,CNN,5
37,舌中,3,three_one_positive,1,1,0.5362914204597473,淡紅,primary,tip_middle_root_1_2_2,CNN,5
26,舌中,3,three_one_positive,1,0,0.45216092467308044,淡紅,primary,tip_middle_root_1_2_2,CNN,5
82,舌中,1,three_one_negative,0,0,0.36317458748817444,淡紅,primary,tip_middle_root_1_2_2,CNN,5
91,舌中,1,three_one_negative,0,0,0.37662872672080994,淡紅,primary,tip_middle_root_1_2_2,CNN,5
59,舌左邊,1,three_one_negative,0,1,0.6009736657142639,淡紅,primary,tip_middle_root_1_2_2,CNN,5
98,舌左邊,1,three_one_negative,0,0,0.47138863801956177,淡紅,primary,tip_middle_root_1_2_2,CNN,5
39,舌左邊,3,three_one_positive,1,0,0.3826203942298889,淡紅,primary,tip_middle_root_1_2_2,CNN,5
34,舌左邊,1,three_one_negative,0,0,0.3823326528072357,淡紅,primary,tip_middle_root_1_2_2,CNN,5
36,舌左邊,3,three_one_positive,1,0,0.36165785789489746,淡紅,primary,tip_middle_root_1_2_2,CNN,5
42,舌左邊,1,three_one_negative,0,0,0.4077358841896057,淡紅,primary,tip_middle_root_1_2_2,CNN,5
91,舌左邊,1,three_one_negative,0,0,0.45169389247894287,淡紅,primary,tip_middle_root_1_2_2,CNN,5
59,舌右邊,1,three_one_negative,0,1,0.6169699430465698,淡紅,primary,tip_middle_root_1_2_2,CNN,5
98,舌右邊,1,three_one_negative,0,0,0.11526460200548172,淡紅,primary,tip_middle_root_1_2_2,CNN,5
34,舌右邊,1,three_one_negative,0,0,0.2787673771381378,淡紅,primary,tip_middle_root_1_2_2,CNN,5
36,舌右邊,3,three_one_positive,1,0,0.23402971029281616,淡紅,primary,tip_middle_root_1_2_2,CNN,5
27,舌右邊,3,three_one_positive,1,0,0.36790138483047485,淡紅,primary,tip_middle_root_1_2_2,CNN,5
42,舌右邊,1,three_one_negative,0,0,0.20859703421592712,淡紅,primary,tip_middle_root_1_2_2,CNN,5
91,舌右邊,1,three_one_negative,0,0,0.1934119164943695,淡紅,primary,tip_middle_root_1_2_2,CNN,5
59,舌根,1,three_one_negative,0,1,0.5236358642578125,淡紅,primary,tip_middle_root_1_2_2,CNN,5
98,舌根,1,three_one_negative,0,0,0.2623874843120575,淡紅,primary,tip_middle_root_1_2_2,CNN,5
34,舌根,1,three_one_negative,0,0,0.3143080472946167,淡紅,primary,tip_middle_root_1_2_2,CNN,5
36,舌根,3,three_one_positive,1,1,0.6012272238731384,淡紅,primary,tip_middle_root_1_2_2,CNN,5
37,舌根,3,three_one_positive,1,0,0.41061821579933167,淡紅,primary,tip_middle_root_1_2_2,CNN,5
82,舌根,1,three_one_negative,0,0,0.43141794204711914,淡紅,primary,tip_middle_root_1_2_2,CNN,5
91,舌根,1,three_one_negative,0,1,0.6198208332061768,淡紅,primary,tip_middle_root_1_2_2,CNN,5
17,舌尖,3,three_one_positive,1,0,0.24807028472423553,淡紅,primary,tip_middle_root_1_3_1,CNN,1
31,舌尖,1,three_one_negative,0,0,0.347322553396225,淡紅,primary,tip_middle_root_1_3_1,CNN,1
19,舌尖,3,three_one_positive,1,0,0.4149850010871887,淡紅,primary,tip_middle_root_1_3_1,CNN,1
55,舌尖,3,three_one_positive,1,0,0.32336190342903137,淡紅,primary,tip_middle_root_1_3_1,CNN,1
40,舌尖,1,three_one_negative,0,0,0.19865667819976807,淡紅,primary,tip_middle_root_1_3_1,CNN,1
93,舌尖,1,three_one_negative,0,0,0.04503694549202919,淡紅,primary,tip_middle_root_1_3_1,CNN,1
86,舌尖,3,three_one_positive,1,0,0.15910090506076813,淡紅,primary,tip_middle_root_1_3_1,CNN,1
74,舌中,1,three_one_negative,0,0,0.2945670485496521,淡紅,primary,tip_middle_root_1_3_1,CNN,1
21,舌中,3,three_one_positive,1,0,0.2558857798576355,淡紅,primary,tip_middle_root_1_3_1,CNN,1
31,舌中,1,three_one_negative,0,0,0.3076798617839813,淡紅,primary,tip_middle_root_1_3_1,CNN,1
19,舌中,3,three_one_positive,1,0,0.31040024757385254,淡紅,primary,tip_middle_root_1_3_1,CNN,1
55,舌中,3,three_one_positive,1,0,0.14995984733104706,淡紅,primary,tip_middle_root_1_3_1,CNN,1
7,舌中,1,three_one_negative,0,0,0.34395843744277954,淡紅,primary,tip_middle_root_1_3_1,CNN,1
40,舌中,1,three_one_negative,0,0,0.26000362634658813,淡紅,primary,tip_middle_root_1_3_1,CNN,1
45,舌中,1,three_one_negative,0,0,0.23608048260211945,淡紅,primary,tip_middle_root_1_3_1,CNN,1
92,舌中,1,three_one_negative,0,0,0.13042490184307098,淡紅,primary,tip_middle_root_1_3_1,CNN,1
74,舌左邊,1,three_one_negative,0,0,0.09503058344125748,淡紅,primary,tip_middle_root_1_3_1,CNN,1
73,舌左邊,1,three_one_negative,0,0,0.03325282782316208,淡紅,primary,tip_middle_root_1_3_1,CNN,1
17,舌左邊,1,three_one_negative,0,0,0.1421090066432953,淡紅,primary,tip_middle_root_1_3_1,CNN,1
21,舌左邊,3,three_one_positive,1,0,0.21375936269760132,淡紅,primary,tip_middle_root_1_3_1,CNN,1
19,舌左邊,3,three_one_positive,1,0,0.13794758915901184,淡紅,primary,tip_middle_root_1_3_1,CNN,1
55,舌左邊,3,three_one_positive,1,0,0.11781696230173111,淡紅,primary,tip_middle_root_1_3_1,CNN,1
40,舌左邊,1,three_one_negative,0,0,0.09228948503732681,淡紅,primary,tip_middle_root_1_3_1,CNN,1
45,舌左邊,3,three_one_positive,1,0,0.040428277105093,淡紅,primary,tip_middle_root_1_3_1,CNN,1
92,舌左邊,1,three_one_negative,0,0,0.27408966422080994,淡紅,primary,tip_middle_root_1_3_1,CNN,1
86,舌左邊,3,three_one_positive,1,0,0.10363177955150604,淡紅,primary,tip_middle_root_1_3_1,CNN,1
74,舌右邊,1,three_one_negative,0,0,0.05436360090970993,淡紅,primary,tip_middle_root_1_3_1,CNN,1
73,舌右邊,1,three_one_negative,0,0,0.04499107971787453,淡紅,primary,tip_middle_root_1_3_1,CNN,1
17,舌右邊,1,three_one_negative,0,0,0.16035860776901245,淡紅,primary,tip_middle_root_1_3_1,CNN,1
21,舌右邊,3,three_one_positive,1,0,0.1379787176847458,淡紅,primary,tip_middle_root_1_3_1,CNN,1
19,舌右邊,3,three_one_positive,1,0,0.17119744420051575,淡紅,primary,tip_middle_root_1_3_1,CNN,1
55,舌右邊,3,three_one_positive,1,0,0.036636438220739365,淡紅,primary,tip_middle_root_1_3_1,CNN,1
40,舌右邊,1,three_one_negative,0,0,0.06028930842876434,淡紅,primary,tip_middle_root_1_3_1,CNN,1
45,舌右邊,3,three_one_positive,1,0,0.22247442603111267,淡紅,primary,tip_middle_root_1_3_1,CNN,1
86,舌右邊,3,three_one_positive,1,0,0.16070902347564697,淡紅,primary,tip_middle_root_1_3_1,CNN,1
74,舌根,1,three_one_negative,0,0,0.10352180898189545,淡紅,primary,tip_middle_root_1_3_1,CNN,1
21,舌根,3,three_one_positive,1,0,0.39502185583114624,淡紅,primary,tip_middle_root_1_3_1,CNN,1
31,舌根,1,three_one_negative,0,0,0.31513258814811707,淡紅,primary,tip_middle_root_1_3_1,CNN,1
19,舌根,3,three_one_positive,1,0,0.40999025106430054,淡紅,primary,tip_middle_root_1_3_1,CNN,1
7,舌根,1,three_one_negative,0,0,0.2297987937927246,淡紅,primary,tip_middle_root_1_3_1,CNN,1
40,舌根,1,three_one_negative,0,0,0.22573405504226685,淡紅,primary,tip_middle_root_1_3_1,CNN,1
45,舌根,1,three_one_negative,0,0,0.20342138409614563,淡紅,primary,tip_middle_root_1_3_1,CNN,1
92,舌根,1,three_one_negative,0,0,0.22552327811717987,淡紅,primary,tip_middle_root_1_3_1,CNN,1
32,舌尖,1,three_one_negative,0,0,0.3577207624912262,淡紅,primary,tip_middle_root_1_3_1,CNN,2
95,舌尖,1,three_one_negative,0,0,0.3378038704395294,淡紅,primary,tip_middle_root_1_3_1,CNN,2
57,舌尖,1,three_one_negative,0,1,0.8580957055091858,淡紅,primary,tip_middle_root_1_3_1,CNN,2
54,舌尖,3,three_one_positive,1,0,0.35508835315704346,淡紅,primary,tip_middle_root_1_3_1,CNN,2
50,舌尖,1,three_one_negative,0,1,0.7519684433937073,淡紅,primary,tip_middle_root_1_3_1,CNN,2
90,舌尖,1,three_one_negative,0,0,0.19922782480716705,淡紅,primary,tip_middle_root_1_3_1,CNN,2
53,舌尖,1,three_one_negative,0,1,0.8002864122390747,淡紅,primary,tip_middle_root_1_3_1,CNN,2
14,舌中,3,three_one_positive,1,0,0.07300793379545212,淡紅,primary,tip_middle_root_1_3_1,CNN,2
12,舌中,3,three_one_positive,1,0,0.32053953409194946,淡紅,primary,tip_middle_root_1_3_1,CNN,2
24,舌中,1,three_one_negative,0,0,0.35272809863090515,淡紅,primary,tip_middle_root_1_3_1,CNN,2
95,舌中,1,three_one_negative,0,0,0.1603131741285324,淡紅,primary,tip_middle_root_1_3_1,CNN,2
90,舌中,1,three_one_negative,0,0,0.3240206837654114,淡紅,primary,tip_middle_root_1_3_1,CNN,2
14,舌左邊,3,three_one_positive,1,0,0.05867739021778107,淡紅,primary,tip_middle_root_1_3_1,CNN,2
32,舌左邊,1,three_one_negative,0,0,0.18173201382160187,淡紅,primary,tip_middle_root_1_3_1,CNN,2
95,舌左邊,1,three_one_negative,0,0,0.07230838388204575,淡紅,primary,tip_middle_root_1_3_1,CNN,2
57,舌左邊,1,three_one_negative,0,0,0.2884000539779663,淡紅,primary,tip_middle_root_1_3_1,CNN,2
90,舌左邊,1,three_one_negative,0,0,0.053383272141218185,淡紅,primary,tip_middle_root_1_3_1,CNN,2
47,舌左邊,1,three_one_negative,0,0,0.04453946277499199,淡紅,primary,tip_middle_root_1_3_1,CNN,2
14,舌右邊,3,three_one_positive,1,0,0.029843123629689217,淡紅,primary,tip_middle_root_1_3_1,CNN,2
32,舌右邊,1,three_one_negative,0,0,0.06888013333082199,淡紅,primary,tip_middle_root_1_3_1,CNN,2
95,舌右邊,1,three_one_negative,0,0,0.0749538242816925,淡紅,primary,tip_middle_root_1_3_1,CNN,2
57,舌右邊,1,three_one_negative,0,1,0.6082172989845276,淡紅,primary,tip_middle_root_1_3_1,CNN,2
90,舌右邊,1,three_one_negative,0,0,0.050157178193330765,淡紅,primary,tip_middle_root_1_3_1,CNN,2
14,舌根,3,three_one_positive,1,1,0.6092983484268188,淡紅,primary,tip_middle_root_1_3_1,CNN,2
24,舌根,1,three_one_negative,0,1,0.714820146560669,淡紅,primary,tip_middle_root_1_3_1,CNN,2
95,舌根,1,three_one_negative,0,0,0.44509416818618774,淡紅,primary,tip_middle_root_1_3_1,CNN,2
80,舌根,1,three_one_negative,0,1,0.7238157391548157,淡紅,primary,tip_middle_root_1_3_1,CNN,2
54,舌根,3,three_one_positive,1,0,0.11424518376588821,淡紅,primary,tip_middle_root_1_3_1,CNN,2
90,舌根,1,three_one_negative,0,0,0.19590917229652405,淡紅,primary,tip_middle_root_1_3_1,CNN,2
46,舌根,3,three_one_positive,1,1,0.7203909754753113,淡紅,primary,tip_middle_root_1_3_1,CNN,2
49,舌尖,3,three_one_positive,1,0,0.110549695789814,淡紅,primary,tip_middle_root_1_3_1,CNN,3
13,舌尖,1,three_one_negative,0,0,0.1293916404247284,淡紅,primary,tip_middle_root_1_3_1,CNN,3
43,舌尖,1,three_one_negative,0,0,0.03433094173669815,淡紅,primary,tip_middle_root_1_3_1,CNN,3
94,舌尖,1,three_one_negative,0,0,0.18459759652614594,淡紅,primary,tip_middle_root_1_3_1,CNN,3
78,舌尖,1,three_one_negative,0,0,0.06129487603902817,淡紅,primary,tip_middle_root_1_3_1,CNN,3
51,舌尖,1,three_one_negative,0,0,0.10136643797159195,淡紅,primary,tip_middle_root_1_3_1,CNN,3
15,舌中,3,three_one_positive,1,0,0.20911383628845215,淡紅,primary,tip_middle_root_1_3_1,CNN,3
23,舌中,3,three_one_positive,1,0,0.24121049046516418,淡紅,primary,tip_middle_root_1_3_1,CNN,3
97,舌中,1,three_one_negative,0,0,0.2692898213863373,淡紅,primary,tip_middle_root_1_3_1,CNN,3
51,舌中,1,three_one_negative,0,0,0.3347727358341217,淡紅,primary,tip_middle_root_1_3_1,CNN,3
60,舌左邊,1,three_one_negative,0,0,0.26453882455825806,淡紅,primary,tip_middle_root_1_3_1,CNN,3
49,舌左邊,3,three_one_positive,1,0,0.10633955150842667,淡紅,primary,tip_middle_root_1_3_1,CNN,3
13,舌左邊,1,three_one_negative,0,0,0.07396622747182846,淡紅,primary,tip_middle_root_1_3_1,CNN,3
23,舌左邊,3,three_one_positive,1,0,0.32448652386665344,淡紅,primary,tip_middle_root_1_3_1,CNN,3
43,舌左邊,1,three_one_negative,0,0,0.1962735950946808,淡紅,primary,tip_middle_root_1_3_1,CNN,3
41,舌左邊,3,three_one_positive,1,0,0.2046126276254654,淡紅,primary,tip_middle_root_1_3_1,CNN,3
69,舌左邊,1,three_one_negative,0,0,0.07193052023649216,淡紅,primary,tip_middle_root_1_3_1,CNN,3
51,舌左邊,1,three_one_negative,0,0,0.07646147161722183,淡紅,primary,tip_middle_root_1_3_1,CNN,3
60,舌右邊,1,three_one_negative,0,0,0.12984560430049896,淡紅,primary,tip_middle_root_1_3_1,CNN,3
29,舌右邊,3,three_one_positive,1,0,0.3784971237182617,淡紅,primary,tip_middle_root_1_3_1,CNN,3
13,舌右邊,1,three_one_negative,0,0,0.08544953912496567,淡紅,primary,tip_middle_root_1_3_1,CNN,3
43,舌右邊,1,three_one_negative,0,0,0.2551993131637573,淡紅,primary,tip_middle_root_1_3_1,CNN,3
41,舌右邊,3,three_one_positive,1,0,0.2629936933517456,淡紅,primary,tip_middle_root_1_3_1,CNN,3
51,舌右邊,1,three_one_negative,0,0,0.1598660796880722,淡紅,primary,tip_middle_root_1_3_1,CNN,3
29,舌根,3,three_one_positive,1,0,0.4927126467227936,淡紅,primary,tip_middle_root_1_3_1,CNN,3
15,舌根,3,three_one_positive,1,0,0.3082796633243561,淡紅,primary,tip_middle_root_1_3_1,CNN,3
23,舌根,3,three_one_positive,1,1,0.5015543699264526,淡紅,primary,tip_middle_root_1_3_1,CNN,3
43,舌根,1,three_one_negative,0,0,0.3355623185634613,淡紅,primary,tip_middle_root_1_3_1,CNN,3
41,舌根,3,three_one_positive,1,1,0.5901920795440674,淡紅,primary,tip_middle_root_1_3_1,CNN,3
97,舌根,1,three_one_negative,0,0,0.35027751326560974,淡紅,primary,tip_middle_root_1_3_1,CNN,3
51,舌根,1,three_one_negative,0,0,0.3694016635417938,淡紅,primary,tip_middle_root_1_3_1,CNN,3
38,舌尖,3,three_one_positive,1,0,0.08494726568460464,淡紅,primary,tip_middle_root_1_3_1,CNN,4
4,舌尖,1,three_one_negative,0,0,0.08526022732257843,淡紅,primary,tip_middle_root_1_3_1,CNN,4
2,舌尖,1,three_one_negative,0,0,0.0749746561050415,淡紅,primary,tip_middle_root_1_3_1,CNN,4
84,舌尖,3,three_one_positive,1,0,0.3302329182624817,淡紅,primary,tip_middle_root_1_3_1,CNN,4
1,舌尖,1,three_one_negative,0,0,0.022698232904076576,淡紅,primary,tip_middle_root_1_3_1,CNN,4
38,舌中,3,three_one_positive,1,0,0.19141604006290436,淡紅,primary,tip_middle_root_1_3_1,CNN,4
35,舌中,1,three_one_negative,0,1,0.5900973677635193,淡紅,primary,tip_middle_root_1_3_1,CNN,4
18,舌中,3,three_one_positive,1,0,0.330780029296875,淡紅,primary,tip_middle_root_1_3_1,CNN,4
4,舌中,1,three_one_negative,0,0,0.19295571744441986,淡紅,primary,tip_middle_root_1_3_1,CNN,4
79,舌中,1,three_one_negative,0,0,0.253348171710968,淡紅,primary,tip_middle_root_1_3_1,CNN,4
84,舌中,3,three_one_positive,1,1,0.52391117811203,淡紅,primary,tip_middle_root_1_3_1,CNN,4
52,舌中,3,three_one_positive,1,1,0.594150960445404,淡紅,primary,tip_middle_root_1_3_1,CNN,4
38,舌左邊,3,three_one_positive,1,0,0.25691574811935425,淡紅,primary,tip_middle_root_1_3_1,CNN,4
35,舌左邊,1,three_one_negative,0,0,0.22351744771003723,淡紅,primary,tip_middle_root_1_3_1,CNN,4
30,舌左邊,1,three_one_negative,0,0,0.3666790723800659,淡紅,primary,tip_middle_root_1_3_1,CNN,4
25,舌左邊,1,three_one_negative,0,0,0.20469313859939575,淡紅,primary,tip_middle_root_1_3_1,CNN,4
84,舌左邊,3,three_one_positive,1,0,0.1136026382446289,淡紅,primary,tip_middle_root_1_3_1,CNN,4
52,舌左邊,3,three_one_positive,1,1,0.5650117993354797,淡紅,primary,tip_middle_root_1_3_1,CNN,4
38,舌右邊,3,three_one_positive,1,0,0.19068977236747742,淡紅,primary,tip_middle_root_1_3_1,CNN,4
35,舌右邊,1,three_one_negative,0,0,0.2836935818195343,淡紅,primary,tip_middle_root_1_3_1,CNN,4
30,舌右邊,1,three_one_negative,0,0,0.21197789907455444,淡紅,primary,tip_middle_root_1_3_1,CNN,4
25,舌右邊,1,three_one_negative,0,0,0.05464359372854233,淡紅,primary,tip_middle_root_1_3_1,CNN,4
84,舌右邊,3,three_one_positive,1,0,0.13522514700889587,淡紅,primary,tip_middle_root_1_3_1,CNN,4
52,舌右邊,3,three_one_positive,1,0,0.4268202781677246,淡紅,primary,tip_middle_root_1_3_1,CNN,4
58,舌根,1,three_one_negative,0,0,0.058014314621686935,淡紅,primary,tip_middle_root_1_3_1,CNN,4
35,舌根,1,three_one_negative,0,0,0.2402416467666626,淡紅,primary,tip_middle_root_1_3_1,CNN,4
20,舌根,3,three_one_positive,1,0,0.1252439022064209,淡紅,primary,tip_middle_root_1_3_1,CNN,4
18,舌根,3,three_one_positive,1,0,0.12484544515609741,淡紅,primary,tip_middle_root_1_3_1,CNN,4
25,舌根,1,three_one_negative,0,0,0.05045506730675697,淡紅,primary,tip_middle_root_1_3_1,CNN,4
44,舌根,1,three_one_negative,0,1,0.5747861266136169,淡紅,primary,tip_middle_root_1_3_1,CNN,4
84,舌根,3,three_one_positive,1,0,0.41005855798721313,淡紅,primary,tip_middle_root_1_3_1,CNN,4
52,舌根,3,three_one_positive,1,0,0.17273733019828796,淡紅,primary,tip_middle_root_1_3_1,CNN,4
59,舌尖,1,three_one_negative,0,1,0.5030303001403809,淡紅,primary,tip_middle_root_1_3_1,CNN,5
28,舌尖,3,three_one_positive,1,0,0.4676322340965271,淡紅,primary,tip_middle_root_1_3_1,CNN,5
39,舌尖,3,three_one_positive,1,0,0.36259379982948303,淡紅,primary,tip_middle_root_1_3_1,CNN,5
34,舌尖,1,three_one_negative,0,0,0.27815142273902893,淡紅,primary,tip_middle_root_1_3_1,CNN,5
27,舌尖,3,three_one_positive,1,0,0.4211612939834595,淡紅,primary,tip_middle_root_1_3_1,CNN,5
26,舌尖,3,three_one_positive,1,0,0.24456411600112915,淡紅,primary,tip_middle_root_1_3_1,CNN,5
42,舌尖,1,three_one_negative,0,0,0.2470739185810089,淡紅,primary,tip_middle_root_1_3_1,CNN,5
6,舌尖,1,three_one_negative,0,0,0.333268404006958,淡紅,primary,tip_middle_root_1_3_1,CNN,5
91,舌尖,1,three_one_negative,0,0,0.18004371225833893,淡紅,primary,tip_middle_root_1_3_1,CNN,5
59,舌中,1,three_one_negative,0,1,0.5821561217308044,淡紅,primary,tip_middle_root_1_3_1,CNN,5
98,舌中,1,three_one_negative,0,0,0.3241707682609558,淡紅,primary,tip_middle_root_1_3_1,CNN,5
36,舌中,3,three_one_positive,1,0,0.32063138484954834,淡紅,primary,tip_middle_root_1_3_1,CNN,5
37,舌中,3,three_one_positive,1,0,0.43456026911735535,淡紅,primary,tip_middle_root_1_3_1,CNN,5
26,舌中,3,three_one_positive,1,0,0.22158034145832062,淡紅,primary,tip_middle_root_1_3_1,CNN,5
82,舌中,1,three_one_negative,0,0,0.3040007948875427,淡紅,primary,tip_middle_root_1_3_1,CNN,5
91,舌中,1,three_one_negative,0,0,0.214497372508049,淡紅,primary,tip_middle_root_1_3_1,CNN,5
59,舌左邊,1,three_one_negative,0,0,0.4178912937641144,淡紅,primary,tip_middle_root_1_3_1,CNN,5
98,舌左邊,1,three_one_negative,0,1,0.607244074344635,淡紅,primary,tip_middle_root_1_3_1,CNN,5
39,舌左邊,3,three_one_positive,1,0,0.3257819414138794,淡紅,primary,tip_middle_root_1_3_1,CNN,5
34,舌左邊,1,three_one_negative,0,0,0.4079105257987976,淡紅,primary,tip_middle_root_1_3_1,CNN,5
36,舌左邊,3,three_one_positive,1,0,0.2643941342830658,淡紅,primary,tip_middle_root_1_3_1,CNN,5
42,舌左邊,1,three_one_negative,0,0,0.22008337080478668,淡紅,primary,tip_middle_root_1_3_1,CNN,5
91,舌左邊,1,three_one_negative,0,0,0.2821016013622284,淡紅,primary,tip_middle_root_1_3_1,CNN,5
59,舌右邊,1,three_one_negative,0,0,0.34233811497688293,淡紅,primary,tip_middle_root_1_3_1,CNN,5
98,舌右邊,1,three_one_negative,0,0,0.14191876351833344,淡紅,primary,tip_middle_root_1_3_1,CNN,5
34,舌右邊,1,three_one_negative,0,0,0.25521960854530334,淡紅,primary,tip_middle_root_1_3_1,CNN,5
36,舌右邊,3,three_one_positive,1,0,0.24403229355812073,淡紅,primary,tip_middle_root_1_3_1,CNN,5
27,舌右邊,3,three_one_positive,1,0,0.13313332200050354,淡紅,primary,tip_middle_root_1_3_1,CNN,5
42,舌右邊,1,three_one_negative,0,0,0.0796930268406868,淡紅,primary,tip_middle_root_1_3_1,CNN,5
91,舌右邊,1,three_one_negative,0,0,0.29882383346557617,淡紅,primary,tip_middle_root_1_3_1,CNN,5
59,舌根,1,three_one_negative,0,1,0.5729708075523376,淡紅,primary,tip_middle_root_1_3_1,CNN,5
98,舌根,1,three_one_negative,0,0,0.31612440943717957,淡紅,primary,tip_middle_root_1_3_1,CNN,5
34,舌根,1,three_one_negative,0,0,0.3353548049926758,淡紅,primary,tip_middle_root_1_3_1,CNN,5
36,舌根,3,three_one_positive,1,1,0.5105862021446228,淡紅,primary,tip_middle_root_1_3_1,CNN,5
37,舌根,3,three_one_positive,1,0,0.2826308310031891,淡紅,primary,tip_middle_root_1_3_1,CNN,5
82,舌根,1,three_one_negative,0,0,0.4743247628211975,淡紅,primary,tip_middle_root_1_3_1,CNN,5
91,舌根,1,three_one_negative,0,0,0.48412391543388367,淡紅,primary,tip_middle_root_1_3_1,CNN,5
63,舌尖,3,three_one_positive,1,1,0.7311351299285889,鮮紅,primary,tip_middle_root_1_2_2,CNN,1
48,舌尖,3,three_one_positive,1,0,0.38402920961380005,鮮紅,primary,tip_middle_root_1_2_2,CNN,1
98,舌尖,1,three_one_negative,0,1,0.5226263403892517,鮮紅,primary,tip_middle_root_1_2_2,CNN,1
12,舌尖,1,three_one_negative,0,1,0.7751363515853882,鮮紅,primary,tip_middle_root_1_2_2,CNN,1
24,舌尖,1,three_one_negative,0,0,0.03742449730634689,鮮紅,primary,tip_middle_root_1_2_2,CNN,1
31,舌尖,3,three_one_positive,1,1,0.548917829990387,鮮紅,primary,tip_middle_root_1_2_2,CNN,1
42,舌尖,3,three_one_positive,1,0,0.48928549885749817,鮮紅,primary,tip_middle_root_1_2_2,CNN,1
54,舌尖,1,three_one_negative,0,0,0.27233314514160156,鮮紅,primary,tip_middle_root_1_2_2,CNN,1
3,舌尖,1,three_one_negative,0,0,0.2218674272298813,鮮紅,primary,tip_middle_root_1_2_2,CNN,1
90,舌尖,3,three_one_positive,1,1,0.5107239484786987,鮮紅,primary,tip_middle_root_1_2_2,CNN,1
85,舌尖,3,three_one_positive,1,1,0.7667228579521179,鮮紅,primary,tip_middle_root_1_2_2,CNN,1
64,舌中,1,three_one_negative,0,1,0.5075253844261169,鮮紅,primary,tip_middle_root_1_2_2,CNN,1
98,舌中,1,three_one_negative,0,0,0.48573824763298035,鮮紅,primary,tip_middle_root_1_2_2,CNN,1
12,舌中,1,three_one_negative,0,1,0.6608792543411255,鮮紅,primary,tip_middle_root_1_2_2,CNN,1
24,舌中,1,three_one_negative,0,0,0.49987509846687317,鮮紅,primary,tip_middle_root_1_2_2,CNN,1
50,舌中,1,three_one_negative,0,1,0.5405566096305847,鮮紅,primary,tip_middle_root_1_2_2,CNN,1
3,舌中,1,three_one_negative,0,1,0.649584174156189,鮮紅,primary,tip_middle_root_1_2_2,CNN,1
85,舌中,3,three_one_positive,1,1,0.6793019771575928,鮮紅,primary,tip_middle_root_1_2_2,CNN,1
64,舌左邊,1,three_one_negative,0,1,0.5415841937065125,鮮紅,primary,tip_middle_root_1_2_2,CNN,1
98,舌左邊,1,three_one_negative,0,0,0.49480772018432617,鮮紅,primary,tip_middle_root_1_2_2,CNN,1
24,舌左邊,1,three_one_negative,0,0,0.3915185034275055,鮮紅,primary,tip_middle_root_1_2_2,CNN,1
42,舌左邊,3,three_one_positive,1,0,0.46891331672668457,鮮紅,primary,tip_middle_root_1_2_2,CNN,1
40,舌左邊,3,three_one_positive,1,1,0.6637750864028931,鮮紅,primary,tip_middle_root_1_2_2,CNN,1
50,舌左邊,1,three_one_negative,0,0,0.37245845794677734,鮮紅,primary,tip_middle_root_1_2_2,CNN,1
3,舌左邊,1,three_one_negative,0,1,0.6756600141525269,鮮紅,primary,tip_middle_root_1_2_2,CNN,1
85,舌左邊,3,three_one_positive,1,1,0.8027950525283813,鮮紅,primary,tip_middle_root_1_2_2,CNN,1
64,舌右邊,1,three_one_negative,0,1,0.7438779473304749,鮮紅,primary,tip_middle_root_1_2_2,CNN,1
98,舌右邊,1,three_one_negative,0,1,0.7296446561813354,鮮紅,primary,tip_middle_root_1_2_2,CNN,1
24,舌右邊,1,three_one_negative,0,0,0.27140066027641296,鮮紅,primary,tip_middle_root_1_2_2,CNN,1
42,舌右邊,3,three_one_positive,1,1,0.6058552265167236,鮮紅,primary,tip_middle_root_1_2_2,CNN,1
40,舌右邊,3,three_one_positive,1,1,0.7042386531829834,鮮紅,primary,tip_middle_root_1_2_2,CNN,1
50,舌右邊,1,three_one_negative,0,0,0.19859792292118073,鮮紅,primary,tip_middle_root_1_2_2,CNN,1
3,舌右邊,1,three_one_negative,0,0,0.3587259352207184,鮮紅,primary,tip_middle_root_1_2_2,CNN,1
85,舌右邊,3,three_one_positive,1,1,0.6617696285247803,鮮紅,primary,tip_middle_root_1_2_2,CNN,1
64,舌根,1,three_one_negative,0,0,0.29057756066322327,鮮紅,primary,tip_middle_root_1_2_2,CNN,1
98,舌根,1,three_one_negative,0,0,0.10546782612800598,鮮紅,primary,tip_middle_root_1_2_2,CNN,1
24,舌根,1,three_one_negative,0,0,0.20573964715003967,鮮紅,primary,tip_middle_root_1_2_2,CNN,1
50,舌根,1,three_one_negative,0,0,0.18767504394054413,鮮紅,primary,tip_middle_root_1_2_2,CNN,1
3,舌根,1,three_one_negative,0,1,0.5596984624862671,鮮紅,primary,tip_middle_root_1_2_2,CNN,1
85,舌根,3,three_one_positive,1,1,0.7154402136802673,鮮紅,primary,tip_middle_root_1_2_2,CNN,1
67,舌尖,3,three_one_positive,1,1,0.7110353112220764,鮮紅,primary,tip_middle_root_1_2_2,CNN,2
38,舌尖,1,three_one_negative,0,1,0.6802880764007568,鮮紅,primary,tip_middle_root_1_2_2,CNN,2
25,舌尖,1,three_one_negative,0,1,0.6644637584686279,鮮紅,primary,tip_middle_root_1_2_2,CNN,2
96,舌尖,3,three_one_positive,1,1,0.848874032497406,鮮紅,primary,tip_middle_root_1_2_2,CNN,2
6,舌尖,1,three_one_negative,0,1,0.6684344410896301,鮮紅,primary,tip_middle_root_1_2_2,CNN,2
15,舌中,1,three_one_negative,0,1,0.5859614014625549,鮮紅,primary,tip_middle_root_1_2_2,CNN,2
10,舌中,3,three_one_positive,1,1,0.5422347784042358,鮮紅,primary,tip_middle_root_1_2_2,CNN,2
25,舌中,1,three_one_negative,0,1,0.6008667349815369,鮮紅,primary,tip_middle_root_1_2_2,CNN,2
82,舌中,3,three_one_positive,1,1,0.6801977753639221,鮮紅,primary,tip_middle_root_1_2_2,CNN,2
96,舌中,3,three_one_positive,1,1,0.5785082578659058,鮮紅,primary,tip_middle_root_1_2_2,CNN,2
6,舌中,1,three_one_negative,0,1,0.5678653717041016,鮮紅,primary,tip_middle_root_1_2_2,CNN,2
67,舌左邊,3,three_one_positive,1,1,0.5476720333099365,鮮紅,primary,tip_middle_root_1_2_2,CNN,2
10,舌左邊,3,three_one_positive,1,1,0.7318807244300842,鮮紅,primary,tip_middle_root_1_2_2,CNN,2
35,舌左邊,3,three_one_positive,1,1,0.6999018788337708,鮮紅,primary,tip_middle_root_1_2_2,CNN,2
25,舌左邊,1,three_one_negative,0,1,0.6827217936515808,鮮紅,primary,tip_middle_root_1_2_2,CNN,2
96,舌左邊,3,three_one_positive,1,1,0.7769904732704163,鮮紅,primary,tip_middle_root_1_2_2,CNN,2
67,舌右邊,3,three_one_positive,1,1,0.7851843237876892,鮮紅,primary,tip_middle_root_1_2_2,CNN,2
10,舌右邊,3,three_one_positive,1,1,0.7288922667503357,鮮紅,primary,tip_middle_root_1_2_2,CNN,2
35,舌右邊,3,three_one_positive,1,1,0.5107870697975159,鮮紅,primary,tip_middle_root_1_2_2,CNN,2
25,舌右邊,1,three_one_negative,0,1,0.8439511656761169,鮮紅,primary,tip_middle_root_1_2_2,CNN,2
96,舌右邊,3,three_one_positive,1,1,0.75455242395401,鮮紅,primary,tip_middle_root_1_2_2,CNN,2
15,舌根,1,three_one_negative,0,1,0.6130170822143555,鮮紅,primary,tip_middle_root_1_2_2,CNN,2
10,舌根,3,three_one_positive,1,1,0.6681569218635559,鮮紅,primary,tip_middle_root_1_2_2,CNN,2
25,舌根,1,three_one_negative,0,1,0.613935649394989,鮮紅,primary,tip_middle_root_1_2_2,CNN,2
82,舌根,3,three_one_positive,1,1,0.6945607662200928,鮮紅,primary,tip_middle_root_1_2_2,CNN,2
6,舌根,1,three_one_negative,0,0,0.3537864089012146,鮮紅,primary,tip_middle_root_1_2_2,CNN,2
88,舌尖,1,three_one_negative,0,1,0.7586426734924316,鮮紅,primary,tip_middle_root_1_2_2,CNN,3
72,舌尖,3,three_one_positive,1,1,0.7930187582969666,鮮紅,primary,tip_middle_root_1_2_2,CNN,3
26,舌尖,1,three_one_negative,0,1,0.6075929403305054,鮮紅,primary,tip_middle_root_1_2_2,CNN,3
94,舌尖,1,three_one_negative,0,1,0.660714864730835,鮮紅,primary,tip_middle_root_1_2_2,CNN,3
93,舌尖,3,three_one_positive,1,1,0.8489659428596497,鮮紅,primary,tip_middle_root_1_2_2,CNN,3
2,舌尖,1,three_one_negative,0,1,0.7612857818603516,鮮紅,primary,tip_middle_root_1_2_2,CNN,3
88,舌中,1,three_one_negative,0,1,0.6820228695869446,鮮紅,primary,tip_middle_root_1_2_2,CNN,3
72,舌中,3,three_one_positive,1,1,0.6461610794067383,鮮紅,primary,tip_middle_root_1_2_2,CNN,3
26,舌中,1,three_one_negative,0,1,0.6741260886192322,鮮紅,primary,tip_middle_root_1_2_2,CNN,3
94,舌中,1,three_one_negative,0,0,0.4415901005268097,鮮紅,primary,tip_middle_root_1_2_2,CNN,3
93,舌中,3,three_one_positive,1,1,0.8071656823158264,鮮紅,primary,tip_middle_root_1_2_2,CNN,3
2,舌中,1,three_one_negative,0,0,0.4896286427974701,鮮紅,primary,tip_middle_root_1_2_2,CNN,3
79,舌中,3,three_one_positive,1,0,0.47234779596328735,鮮紅,primary,tip_middle_root_1_2_2,CNN,3
88,舌左邊,1,three_one_negative,0,1,0.7668116092681885,鮮紅,primary,tip_middle_root_1_2_2,CNN,3
76,舌左邊,3,three_one_positive,1,1,0.7640156745910645,鮮紅,primary,tip_middle_root_1_2_2,CNN,3
72,舌左邊,3,three_one_positive,1,1,0.6463663578033447,鮮紅,primary,tip_middle_root_1_2_2,CNN,3
94,舌左邊,1,three_one_negative,0,1,0.5426023006439209,鮮紅,primary,tip_middle_root_1_2_2,CNN,3
51,舌左邊,3,three_one_positive,1,1,0.7395788431167603,鮮紅,primary,tip_middle_root_1_2_2,CNN,3
88,舌右邊,1,three_one_negative,0,1,0.6420374512672424,鮮紅,primary,tip_middle_root_1_2_2,CNN,3
76,舌右邊,3,three_one_positive,1,1,0.8410782217979431,鮮紅,primary,tip_middle_root_1_2_2,CNN,3
72,舌右邊,3,three_one_positive,1,1,0.8932148218154907,鮮紅,primary,tip_middle_root_1_2_2,CNN,3
94,舌右邊,1,three_one_negative,0,1,0.8001692295074463,鮮紅,primary,tip_middle_root_1_2_2,CNN,3
51,舌右邊,3,three_one_positive,1,1,0.6662752628326416,鮮紅,primary,tip_middle_root_1_2_2,CNN,3
88,舌根,1,three_one_negative,0,0,0.26795530319213867,鮮紅,primary,tip_middle_root_1_2_2,CNN,3
26,舌根,1,three_one_negative,0,1,0.7341856956481934,鮮紅,primary,tip_middle_root_1_2_2,CNN,3
94,舌根,1,three_one_negative,0,1,0.5556546449661255,鮮紅,primary,tip_middle_root_1_2_2,CNN,3
93,舌根,3,three_one_positive,1,1,0.7332795858383179,鮮紅,primary,tip_middle_root_1_2_2,CNN,3
2,舌根,1,three_one_negative,0,0,0.20009852945804596,鮮紅,primary,tip_middle_root_1_2_2,CNN,3
79,舌根,3,three_one_positive,1,0,0.3700564205646515,鮮紅,primary,tip_middle_root_1_2_2,CNN,3
60,舌尖,3,three_one_positive,1,1,0.5982165932655334,鮮紅,primary,tip_middle_root_1_2_2,CNN,4
49,舌尖,1,three_one_negative,0,0,0.27704885601997375,鮮紅,primary,tip_middle_root_1_2_2,CNN,4
11,舌尖,1,three_one_negative,0,1,0.7084677219390869,鮮紅,primary,tip_middle_root_1_2_2,CNN,4
34,舌尖,3,three_one_positive,1,1,0.7227938175201416,鮮紅,primary,tip_middle_root_1_2_2,CNN,4
32,舌尖,3,three_one_positive,1,1,0.8280984163284302,鮮紅,primary,tip_middle_root_1_2_2,CNN,4
43,舌尖,3,three_one_positive,1,1,0.7434123158454895,鮮紅,primary,tip_middle_root_1_2_2,CNN,4
97,舌尖,1,three_one_negative,0,1,0.608885645866394,鮮紅,primary,tip_middle_root_1_2_2,CNN,4
53,舌尖,3,three_one_positive,1,1,0.5704944729804993,鮮紅,primary,tip_middle_root_1_2_2,CNN,4
49,舌中,1,three_one_negative,0,0,0.06606943160295486,鮮紅,primary,tip_middle_root_1_2_2,CNN,4
75,舌中,1,three_one_negative,0,0,0.46975287795066833,鮮紅,primary,tip_middle_root_1_2_2,CNN,4
70,舌中,3,three_one_positive,1,0,0.23257175087928772,鮮紅,primary,tip_middle_root_1_2_2,CNN,4
9,舌中,1,three_one_negative,0,1,0.5737645626068115,鮮紅,primary,tip_middle_root_1_2_2,CNN,4
11,舌中,1,three_one_negative,0,1,0.8127188682556152,鮮紅,primary,tip_middle_root_1_2_2,CNN,4
97,舌中,1,three_one_negative,0,0,0.2521754801273346,鮮紅,primary,tip_middle_root_1_2_2,CNN,4
87,舌中,3,three_one_positive,1,0,0.2820288836956024,鮮紅,primary,tip_middle_root_1_2_2,CNN,4
49,舌左邊,1,three_one_negative,0,0,0.12612183392047882,鮮紅,primary,tip_middle_root_1_2_2,CNN,4
75,舌左邊,1,three_one_negative,0,1,0.7993187308311462,鮮紅,primary,tip_middle_root_1_2_2,CNN,4
9,舌左邊,1,three_one_negative,0,1,0.7984655499458313,鮮紅,primary,tip_middle_root_1_2_2,CNN,4
11,舌左邊,1,three_one_negative,0,1,0.6860591173171997,鮮紅,primary,tip_middle_root_1_2_2,CNN,4
34,舌左邊,3,three_one_positive,1,1,0.5347299575805664,鮮紅,primary,tip_middle_root_1_2_2,CNN,4
32,舌左邊,3,three_one_positive,1,1,0.5321564674377441,鮮紅,primary,tip_middle_root_1_2_2,CNN,4
80,舌左邊,3,three_one_positive,1,1,0.6376465559005737,鮮紅,primary,tip_middle_root_1_2_2,CNN,4
97,舌左邊,1,three_one_negative,0,0,0.34438103437423706,鮮紅,primary,tip_middle_root_1_2_2,CNN,4
49,舌右邊,1,three_one_negative,0,0,0.3531096875667572,鮮紅,primary,tip_middle_root_1_2_2,CNN,4
75,舌右邊,1,three_one_negative,0,0,0.46633410453796387,鮮紅,primary,tip_middle_root_1_2_2,CNN,4
9,舌右邊,1,three_one_negative,0,1,0.6821683049201965,鮮紅,primary,tip_middle_root_1_2_2,CNN,4
11,舌右邊,1,three_one_negative,0,1,0.5798143744468689,鮮紅,primary,tip_middle_root_1_2_2,CNN,4
34,舌右邊,3,three_one_positive,1,0,0.4614364206790924,鮮紅,primary,tip_middle_root_1_2_2,CNN,4
32,舌右邊,3,three_one_positive,1,1,0.5597360730171204,鮮紅,primary,tip_middle_root_1_2_2,CNN,4
80,舌右邊,3,three_one_positive,1,1,0.7558820247650146,鮮紅,primary,tip_middle_root_1_2_2,CNN,4
97,舌右邊,1,three_one_negative,0,1,0.6666615605354309,鮮紅,primary,tip_middle_root_1_2_2,CNN,4
49,舌根,1,three_one_negative,0,0,0.0723617747426033,鮮紅,primary,tip_middle_root_1_2_2,CNN,4
75,舌根,1,three_one_negative,0,0,0.21765418350696564,鮮紅,primary,tip_middle_root_1_2_2,CNN,4
70,舌根,3,three_one_positive,1,1,0.5208221077919006,鮮紅,primary,tip_middle_root_1_2_2,CNN,4
9,舌根,1,three_one_negative,0,0,0.2262885719537735,鮮紅,primary,tip_middle_root_1_2_2,CNN,4
11,舌根,1,three_one_negative,0,1,0.5153401494026184,鮮紅,primary,tip_middle_root_1_2_2,CNN,4
97,舌根,1,three_one_negative,0,0,0.48655325174331665,鮮紅,primary,tip_middle_root_1_2_2,CNN,4
87,舌根,3,three_one_positive,1,0,0.1467173844575882,鮮紅,primary,tip_middle_root_1_2_2,CNN,4
89,舌尖,3,three_one_positive,1,1,0.950695276260376,鮮紅,primary,tip_middle_root_1_2_2,CNN,5
74,舌尖,1,three_one_negative,0,1,0.5520609617233276,鮮紅,primary,tip_middle_root_1_2_2,CNN,5
59,舌尖,3,three_one_positive,1,1,0.6428931951522827,鮮紅,primary,tip_middle_root_1_2_2,CNN,5
66,舌尖,3,three_one_positive,1,1,0.59946209192276,鮮紅,primary,tip_middle_root_1_2_2,CNN,5
33,舌尖,3,three_one_positive,1,0,0.40175679326057434,鮮紅,primary,tip_middle_root_1_2_2,CNN,5
95,舌尖,3,three_one_positive,1,1,0.5425317287445068,鮮紅,primary,tip_middle_root_1_2_2,CNN,5
4,舌尖,1,three_one_negative,0,1,0.8194096684455872,鮮紅,primary,tip_middle_root_1_2_2,CNN,5
56,舌尖,1,three_one_negative,0,1,0.7662675380706787,鮮紅,primary,tip_middle_root_1_2_2,CNN,5
55,舌尖,1,three_one_negative,0,0,0.30667880177497864,鮮紅,primary,tip_middle_root_1_2_2,CNN,5
74,舌中,1,three_one_negative,0,0,0.3530515730381012,鮮紅,primary,tip_middle_root_1_2_2,CNN,5
59,舌中,3,three_one_positive,1,0,0.2763042151927948,鮮紅,primary,tip_middle_root_1_2_2,CNN,5
66,舌中,3,three_one_positive,1,0,0.26158407330513,鮮紅,primary,tip_middle_root_1_2_2,CNN,5
73,舌中,1,three_one_negative,0,1,0.5056432485580444,鮮紅,primary,tip_middle_root_1_2_2,CNN,5
13,舌中,1,three_one_negative,0,0,0.4042641520500183,鮮紅,primary,tip_middle_root_1_2_2,CNN,5
95,舌中,3,three_one_positive,1,0,0.1119740679860115,鮮紅,primary,tip_middle_root_1_2_2,CNN,5
4,舌中,1,three_one_negative,0,0,0.2854962646961212,鮮紅,primary,tip_middle_root_1_2_2,CNN,5
55,舌中,1,three_one_negative,0,0,0.17375989258289337,鮮紅,primary,tip_middle_root_1_2_2,CNN,5
89,舌左邊,3,three_one_positive,1,1,0.7089239954948425,鮮紅,primary,tip_middle_root_1_2_2,CNN,5
74,舌左邊,1,three_one_negative,0,1,0.8463645577430725,鮮紅,primary,tip_middle_root_1_2_2,CNN,5
59,舌左邊,3,three_one_positive,1,0,0.47451063990592957,鮮紅,primary,tip_middle_root_1_2_2,CNN,5
17,舌左邊,1,three_one_negative,0,0,0.29783836007118225,鮮紅,primary,tip_middle_root_1_2_2,CNN,5
13,舌左邊,1,three_one_negative,0,1,0.6854889988899231,鮮紅,primary,tip_middle_root_1_2_2,CNN,5
95,舌左邊,3,three_one_positive,1,0,0.2857283055782318,鮮紅,primary,tip_middle_root_1_2_2,CNN,5
55,舌左邊,1,three_one_negative,0,0,0.29673802852630615,鮮紅,primary,tip_middle_root_1_2_2,CNN,5
89,舌右邊,3,three_one_positive,1,1,0.7114923000335693,鮮紅,primary,tip_middle_root_1_2_2,CNN,5
74,舌右邊,1,three_one_negative,0,1,0.8291993141174316,鮮紅,primary,tip_middle_root_1_2_2,CNN,5
59,舌右邊,3,three_one_positive,1,1,0.5439275503158569,鮮紅,primary,tip_middle_root_1_2_2,CNN,5
17,舌右邊,1,three_one_negative,0,0,0.17489227652549744,鮮紅,primary,tip_middle_root_1_2_2,CNN,5
13,舌右邊,1,three_one_negative,0,1,0.8518026471138,鮮紅,primary,tip_middle_root_1_2_2,CNN,5
95,舌右邊,3,three_one_positive,1,0,0.36499691009521484,鮮紅,primary,tip_middle_root_1_2_2,CNN,5
55,舌右邊,1,three_one_negative,0,1,0.6269345879554749,鮮紅,primary,tip_middle_root_1_2_2,CNN,5
74,舌根,1,three_one_negative,0,0,0.1959151178598404,鮮紅,primary,tip_middle_root_1_2_2,CNN,5
73,舌根,1,three_one_negative,0,0,0.3908616900444031,鮮紅,primary,tip_middle_root_1_2_2,CNN,5
100,舌根,1,three_one_negative,0,0,0.3374052941799164,鮮紅,primary,tip_middle_root_1_2_2,CNN,5
13,舌根,1,three_one_negative,0,0,0.2959611415863037,鮮紅,primary,tip_middle_root_1_2_2,CNN,5
95,舌根,3,three_one_positive,1,1,0.5034717321395874,鮮紅,primary,tip_middle_root_1_2_2,CNN,5
55,舌根,1,three_one_negative,0,0,0.07869338989257812,鮮紅,primary,tip_middle_root_1_2_2,CNN,5
63,舌尖,3,three_one_positive,1,1,0.7757179737091064,鮮紅,primary,tip_middle_root_1_3_1,CNN,1
48,舌尖,3,three_one_positive,1,0,0.3417896628379822,鮮紅,primary,tip_middle_root_1_3_1,CNN,1
98,舌尖,1,three_one_negative,0,0,0.49354204535484314,鮮紅,primary,tip_middle_root_1_3_1,CNN,1
12,舌尖,1,three_one_negative,0,1,0.6710173487663269,鮮紅,primary,tip_middle_root_1_3_1,CNN,1
24,舌尖,1,three_one_negative,0,0,0.12561610341072083,鮮紅,primary,tip_middle_root_1_3_1,CNN,1
31,舌尖,3,three_one_positive,1,0,0.42024415731430054,鮮紅,primary,tip_middle_root_1_3_1,CNN,1
42,舌尖,3,three_one_positive,1,0,0.4936043322086334,鮮紅,primary,tip_middle_root_1_3_1,CNN,1
54,舌尖,1,three_one_negative,0,0,0.2472487986087799,鮮紅,primary,tip_middle_root_1_3_1,CNN,1
3,舌尖,1,three_one_negative,0,0,0.2789027690887451,鮮紅,primary,tip_middle_root_1_3_1,CNN,1
90,舌尖,3,three_one_positive,1,1,0.585814893245697,鮮紅,primary,tip_middle_root_1_3_1,CNN,1
85,舌尖,3,three_one_positive,1,1,0.7255333065986633,鮮紅,primary,tip_middle_root_1_3_1,CNN,1
64,舌中,1,three_one_negative,0,1,0.5323392748832703,鮮紅,primary,tip_middle_root_1_3_1,CNN,1
98,舌中,1,three_one_negative,0,0,0.1364372819662094,鮮紅,primary,tip_middle_root_1_3_1,CNN,1
12,舌中,1,three_one_negative,0,0,0.4307093322277069,鮮紅,primary,tip_middle_root_1_3_1,CNN,1
24,舌中,1,three_one_negative,0,0,0.405879944562912,鮮紅,primary,tip_middle_root_1_3_1,CNN,1
50,舌中,1,three_one_negative,0,1,0.5139967799186707,鮮紅,primary,tip_middle_root_1_3_1,CNN,1
3,舌中,1,three_one_negative,0,1,0.553402304649353,鮮紅,primary,tip_middle_root_1_3_1,CNN,1
85,舌中,3,three_one_positive,1,1,0.5222894549369812,鮮紅,primary,tip_middle_root_1_3_1,CNN,1
64,舌左邊,1,three_one_negative,0,1,0.5517714023590088,鮮紅,primary,tip_middle_root_1_3_1,CNN,1
98,舌左邊,1,three_one_negative,0,0,0.2882399559020996,鮮紅,primary,tip_middle_root_1_3_1,CNN,1
24,舌左邊,1,three_one_negative,0,0,0.377166748046875,鮮紅,primary,tip_middle_root_1_3_1,CNN,1
42,舌左邊,3,three_one_positive,1,1,0.6023181080818176,鮮紅,primary,tip_middle_root_1_3_1,CNN,1
40,舌左邊,3,three_one_positive,1,1,0.6793360114097595,鮮紅,primary,tip_middle_root_1_3_1,CNN,1
50,舌左邊,1,three_one_negative,0,0,0.35662123560905457,鮮紅,primary,tip_middle_root_1_3_1,CNN,1
3,舌左邊,1,three_one_negative,0,1,0.6561702489852905,鮮紅,primary,tip_middle_root_1_3_1,CNN,1
85,舌左邊,3,three_one_positive,1,1,0.8124740719795227,鮮紅,primary,tip_middle_root_1_3_1,CNN,1
64,舌右邊,1,three_one_negative,0,0,0.46588727831840515,鮮紅,primary,tip_middle_root_1_3_1,CNN,1
98,舌右邊,1,three_one_negative,0,0,0.2879255712032318,鮮紅,primary,tip_middle_root_1_3_1,CNN,1
24,舌右邊,1,three_one_negative,0,0,0.34582769870758057,鮮紅,primary,tip_middle_root_1_3_1,CNN,1
42,舌右邊,3,three_one_positive,1,1,0.7714851498603821,鮮紅,primary,tip_middle_root_1_3_1,CNN,1
40,舌右邊,3,three_one_positive,1,1,0.831852912902832,鮮紅,primary,tip_middle_root_1_3_1,CNN,1
50,舌右邊,1,three_one_negative,0,0,0.3110828995704651,鮮紅,primary,tip_middle_root_1_3_1,CNN,1
3,舌右邊,1,three_one_negative,0,1,0.6394471526145935,鮮紅,primary,tip_middle_root_1_3_1,CNN,1
85,舌右邊,3,three_one_positive,1,1,0.7136543989181519,鮮紅,primary,tip_middle_root_1_3_1,CNN,1
64,舌根,1,three_one_negative,0,0,0.4048084318637848,鮮紅,primary,tip_middle_root_1_3_1,CNN,1
98,舌根,1,three_one_negative,0,0,0.23547884821891785,鮮紅,primary,tip_middle_root_1_3_1,CNN,1
24,舌根,1,three_one_negative,0,0,0.34878480434417725,鮮紅,primary,tip_middle_root_1_3_1,CNN,1
50,舌根,1,three_one_negative,0,0,0.3322843015193939,鮮紅,primary,tip_middle_root_1_3_1,CNN,1
3,舌根,1,three_one_negative,0,0,0.4963429570198059,鮮紅,primary,tip_middle_root_1_3_1,CNN,1
85,舌根,3,three_one_positive,1,0,0.4867677092552185,鮮紅,primary,tip_middle_root_1_3_1,CNN,1
67,舌尖,3,three_one_positive,1,1,0.5475245118141174,鮮紅,primary,tip_middle_root_1_3_1,CNN,2
38,舌尖,1,three_one_negative,0,1,0.5875025987625122,鮮紅,primary,tip_middle_root_1_3_1,CNN,2
25,舌尖,1,three_one_negative,0,1,0.5837023258209229,鮮紅,primary,tip_middle_root_1_3_1,CNN,2
96,舌尖,3,three_one_positive,1,1,0.7812261581420898,鮮紅,primary,tip_middle_root_1_3_1,CNN,2
6,舌尖,1,three_one_negative,0,1,0.6950522065162659,鮮紅,primary,tip_middle_root_1_3_1,CNN,2
15,舌中,1,three_one_negative,0,1,0.5626592636108398,鮮紅,primary,tip_middle_root_1_3_1,CNN,2
10,舌中,3,three_one_positive,1,1,0.5054820775985718,鮮紅,primary,tip_middle_root_1_3_1,CNN,2
25,舌中,1,three_one_negative,0,0,0.3518790602684021,鮮紅,primary,tip_middle_root_1_3_1,CNN,2
82,舌中,3,three_one_positive,1,1,0.5882897973060608,鮮紅,primary,tip_middle_root_1_3_1,CNN,2
96,舌中,3,three_one_positive,1,1,0.5293910503387451,鮮紅,primary,tip_middle_root_1_3_1,CNN,2
6,舌中,1,three_one_negative,0,0,0.4645000100135803,鮮紅,primary,tip_middle_root_1_3_1,CNN,2
67,舌左邊,3,three_one_positive,1,1,0.5626845955848694,鮮紅,primary,tip_middle_root_1_3_1,CNN,2
10,舌左邊,3,three_one_positive,1,1,0.5989484786987305,鮮紅,primary,tip_middle_root_1_3_1,CNN,2
35,舌左邊,3,three_one_positive,1,0,0.45361799001693726,鮮紅,primary,tip_middle_root_1_3_1,CNN,2
25,舌左邊,1,three_one_negative,0,1,0.5246817469596863,鮮紅,primary,tip_middle_root_1_3_1,CNN,2
96,舌左邊,3,three_one_positive,1,0,0.35844725370407104,鮮紅,primary,tip_middle_root_1_3_1,CNN,2
67,舌右邊,3,three_one_positive,1,1,0.7216527462005615,鮮紅,primary,tip_middle_root_1_3_1,CNN,2
10,舌右邊,3,three_one_positive,1,1,0.6964539289474487,鮮紅,primary,tip_middle_root_1_3_1,CNN,2
35,舌右邊,3,three_one_positive,1,0,0.32453396916389465,鮮紅,primary,tip_middle_root_1_3_1,CNN,2
25,舌右邊,1,three_one_negative,0,1,0.5333964824676514,鮮紅,primary,tip_middle_root_1_3_1,CNN,2
96,舌右邊,3,three_one_positive,1,0,0.3508041203022003,鮮紅,primary,tip_middle_root_1_3_1,CNN,2
15,舌根,1,three_one_negative,0,0,0.27237415313720703,鮮紅,primary,tip_middle_root_1_3_1,CNN,2
10,舌根,3,three_one_positive,1,0,0.43848714232444763,鮮紅,primary,tip_middle_root_1_3_1,CNN,2
25,舌根,1,three_one_negative,0,0,0.4017985463142395,鮮紅,primary,tip_middle_root_1_3_1,CNN,2
82,舌根,3,three_one_positive,1,1,0.5920942425727844,鮮紅,primary,tip_middle_root_1_3_1,CNN,2
6,舌根,1,three_one_negative,0,0,0.3069228231906891,鮮紅,primary,tip_middle_root_1_3_1,CNN,2
88,舌尖,1,three_one_negative,0,1,0.6567197442054749,鮮紅,primary,tip_middle_root_1_3_1,CNN,3
72,舌尖,3,three_one_positive,1,1,0.7190117239952087,鮮紅,primary,tip_middle_root_1_3_1,CNN,3
26,舌尖,1,three_one_negative,0,1,0.6445475220680237,鮮紅,primary,tip_middle_root_1_3_1,CNN,3
94,舌尖,1,three_one_negative,0,1,0.726087749004364,鮮紅,primary,tip_middle_root_1_3_1,CNN,3
93,舌尖,3,three_one_positive,1,1,0.7848299741744995,鮮紅,primary,tip_middle_root_1_3_1,CNN,3
2,舌尖,1,three_one_negative,0,1,0.6905387043952942,鮮紅,primary,tip_middle_root_1_3_1,CNN,3
88,舌中,1,three_one_negative,0,0,0.44215384125709534,鮮紅,primary,tip_middle_root_1_3_1,CNN,3
72,舌中,3,three_one_positive,1,0,0.4255339205265045,鮮紅,primary,tip_middle_root_1_3_1,CNN,3
26,舌中,1,three_one_negative,0,0,0.4914449155330658,鮮紅,primary,tip_middle_root_1_3_1,CNN,3
94,舌中,1,three_one_negative,0,0,0.31692153215408325,鮮紅,primary,tip_middle_root_1_3_1,CNN,3
93,舌中,3,three_one_positive,1,0,0.4140869379043579,鮮紅,primary,tip_middle_root_1_3_1,CNN,3
2,舌中,1,three_one_negative,0,1,0.507066011428833,鮮紅,primary,tip_middle_root_1_3_1,CNN,3
79,舌中,3,three_one_positive,1,0,0.48306792974472046,鮮紅,primary,tip_middle_root_1_3_1,CNN,3
88,舌左邊,1,three_one_negative,0,1,0.5648855566978455,鮮紅,primary,tip_middle_root_1_3_1,CNN,3
76,舌左邊,3,three_one_positive,1,1,0.7256654500961304,鮮紅,primary,tip_middle_root_1_3_1,CNN,3
72,舌左邊,3,three_one_positive,1,0,0.44616642594337463,鮮紅,primary,tip_middle_root_1_3_1,CNN,3
94,舌左邊,1,three_one_negative,0,0,0.4897869825363159,鮮紅,primary,tip_middle_root_1_3_1,CNN,3
51,舌左邊,3,three_one_positive,1,1,0.718223512172699,鮮紅,primary,tip_middle_root_1_3_1,CNN,3
88,舌右邊,1,three_one_negative,0,0,0.43372654914855957,鮮紅,primary,tip_middle_root_1_3_1,CNN,3
76,舌右邊,3,three_one_positive,1,1,0.8147947788238525,鮮紅,primary,tip_middle_root_1_3_1,CNN,3
72,舌右邊,3,three_one_positive,1,1,0.6483495235443115,鮮紅,primary,tip_middle_root_1_3_1,CNN,3
94,舌右邊,1,three_one_negative,0,1,0.7767821550369263,鮮紅,primary,tip_middle_root_1_3_1,CNN,3
51,舌右邊,3,three_one_positive,1,1,0.6867198348045349,鮮紅,primary,tip_middle_root_1_3_1,CNN,3
88,舌根,1,three_one_negative,0,0,0.47526878118515015,鮮紅,primary,tip_middle_root_1_3_1,CNN,3
26,舌根,1,three_one_negative,0,1,0.7367129325866699,鮮紅,primary,tip_middle_root_1_3_1,CNN,3
94,舌根,1,three_one_negative,0,1,0.5399171113967896,鮮紅,primary,tip_middle_root_1_3_1,CNN,3
93,舌根,3,three_one_positive,1,1,0.7491445541381836,鮮紅,primary,tip_middle_root_1_3_1,CNN,3
2,舌根,1,three_one_negative,0,0,0.4090483486652374,鮮紅,primary,tip_middle_root_1_3_1,CNN,3
79,舌根,3,three_one_positive,1,0,0.41357851028442383,鮮紅,primary,tip_middle_root_1_3_1,CNN,3
60,舌尖,3,three_one_positive,1,1,0.6172613501548767,鮮紅,primary,tip_middle_root_1_3_1,CNN,4
49,舌尖,1,three_one_negative,0,1,0.6522648930549622,鮮紅,primary,tip_middle_root_1_3_1,CNN,4
11,舌尖,1,three_one_negative,0,1,0.725612223148346,鮮紅,primary,tip_middle_root_1_3_1,CNN,4
34,舌尖,3,three_one_positive,1,1,0.7658424973487854,鮮紅,primary,tip_middle_root_1_3_1,CNN,4
32,舌尖,3,three_one_positive,1,1,0.8351534008979797,鮮紅,primary,tip_middle_root_1_3_1,CNN,4
43,舌尖,3,three_one_positive,1,1,0.8246724605560303,鮮紅,primary,tip_middle_root_1_3_1,CNN,4
97,舌尖,1,three_one_negative,0,1,0.777973473072052,鮮紅,primary,tip_middle_root_1_3_1,CNN,4
53,舌尖,3,three_one_positive,1,1,0.6272512078285217,鮮紅,primary,tip_middle_root_1_3_1,CNN,4
49,舌中,1,three_one_negative,0,0,0.19445210695266724,鮮紅,primary,tip_middle_root_1_3_1,CNN,4
75,舌中,1,three_one_negative,0,0,0.41988837718963623,鮮紅,primary,tip_middle_root_1_3_1,CNN,4
70,舌中,3,three_one_positive,1,0,0.250092476606369,鮮紅,primary,tip_middle_root_1_3_1,CNN,4
9,舌中,1,three_one_negative,0,0,0.37503334879875183,鮮紅,primary,tip_middle_root_1_3_1,CNN,4
11,舌中,1,three_one_negative,0,0,0.463220477104187,鮮紅,primary,tip_middle_root_1_3_1,CNN,4
97,舌中,1,three_one_negative,0,0,0.19958597421646118,鮮紅,primary,tip_middle_root_1_3_1,CNN,4
87,舌中,3,three_one_positive,1,0,0.09267669916152954,鮮紅,primary,tip_middle_root_1_3_1,CNN,4
49,舌左邊,1,three_one_negative,0,0,0.3743257224559784,鮮紅,primary,tip_middle_root_1_3_1,CNN,4
75,舌左邊,1,three_one_negative,0,1,0.6367806792259216,鮮紅,primary,tip_middle_root_1_3_1,CNN,4
9,舌左邊,1,three_one_negative,0,1,0.6297844648361206,鮮紅,primary,tip_middle_root_1_3_1,CNN,4
11,舌左邊,1,three_one_negative,0,1,0.6015871167182922,鮮紅,primary,tip_middle_root_1_3_1,CNN,4
34,舌左邊,3,three_one_positive,1,1,0.5723636150360107,鮮紅,primary,tip_middle_root_1_3_1,CNN,4
32,舌左邊,3,three_one_positive,1,1,0.6689637303352356,鮮紅,primary,tip_middle_root_1_3_1,CNN,4
80,舌左邊,3,three_one_positive,1,1,0.8288853168487549,鮮紅,primary,tip_middle_root_1_3_1,CNN,4
97,舌左邊,1,three_one_negative,0,0,0.2737000584602356,鮮紅,primary,tip_middle_root_1_3_1,CNN,4
49,舌右邊,1,three_one_negative,0,1,0.5578712821006775,鮮紅,primary,tip_middle_root_1_3_1,CNN,4
75,舌右邊,1,three_one_negative,0,1,0.530918538570404,鮮紅,primary,tip_middle_root_1_3_1,CNN,4
9,舌右邊,1,three_one_negative,0,1,0.647314190864563,鮮紅,primary,tip_middle_root_1_3_1,CNN,4
11,舌右邊,1,three_one_negative,0,0,0.47839993238449097,鮮紅,primary,tip_middle_root_1_3_1,CNN,4
34,舌右邊,3,three_one_positive,1,1,0.5173242092132568,鮮紅,primary,tip_middle_root_1_3_1,CNN,4
32,舌右邊,3,three_one_positive,1,1,0.6563852429389954,鮮紅,primary,tip_middle_root_1_3_1,CNN,4
80,舌右邊,3,three_one_positive,1,1,0.7538967132568359,鮮紅,primary,tip_middle_root_1_3_1,CNN,4
97,舌右邊,1,three_one_negative,0,1,0.7164665460586548,鮮紅,primary,tip_middle_root_1_3_1,CNN,4
49,舌根,1,three_one_negative,0,0,0.4576725661754608,鮮紅,primary,tip_middle_root_1_3_1,CNN,4
75,舌根,1,three_one_negative,0,0,0.4491702914237976,鮮紅,primary,tip_middle_root_1_3_1,CNN,4
70,舌根,3,three_one_positive,1,1,0.537033200263977,鮮紅,primary,tip_middle_root_1_3_1,CNN,4
9,舌根,1,three_one_negative,0,0,0.4717683792114258,鮮紅,primary,tip_middle_root_1_3_1,CNN,4
11,舌根,1,three_one_negative,0,1,0.5895438194274902,鮮紅,primary,tip_middle_root_1_3_1,CNN,4
97,舌根,1,three_one_negative,0,0,0.4907333254814148,鮮紅,primary,tip_middle_root_1_3_1,CNN,4
87,舌根,3,three_one_positive,1,0,0.3873874843120575,鮮紅,primary,tip_middle_root_1_3_1,CNN,4
89,舌尖,3,three_one_positive,1,1,0.9045441150665283,鮮紅,primary,tip_middle_root_1_3_1,CNN,5
74,舌尖,1,three_one_negative,0,1,0.5035500526428223,鮮紅,primary,tip_middle_root_1_3_1,CNN,5
59,舌尖,3,three_one_positive,1,1,0.5425096750259399,鮮紅,primary,tip_middle_root_1_3_1,CNN,5
66,舌尖,3,three_one_positive,1,1,0.7389001846313477,鮮紅,primary,tip_middle_root_1_3_1,CNN,5
33,舌尖,3,three_one_positive,1,0,0.4756474494934082,鮮紅,primary,tip_middle_root_1_3_1,CNN,5
95,舌尖,3,three_one_positive,1,1,0.5675725936889648,鮮紅,primary,tip_middle_root_1_3_1,CNN,5
4,舌尖,1,three_one_negative,0,1,0.7106388211250305,鮮紅,primary,tip_middle_root_1_3_1,CNN,5
56,舌尖,1,three_one_negative,0,1,0.5667318105697632,鮮紅,primary,tip_middle_root_1_3_1,CNN,5
55,舌尖,1,three_one_negative,0,0,0.378173291683197,鮮紅,primary,tip_middle_root_1_3_1,CNN,5
74,舌中,1,three_one_negative,0,0,0.31381821632385254,鮮紅,primary,tip_middle_root_1_3_1,CNN,5
59,舌中,3,three_one_positive,1,0,0.4294857680797577,鮮紅,primary,tip_middle_root_1_3_1,CNN,5
66,舌中,3,three_one_positive,1,0,0.4207058548927307,鮮紅,primary,tip_middle_root_1_3_1,CNN,5
73,舌中,1,three_one_negative,0,0,0.3872567117214203,鮮紅,primary,tip_middle_root_1_3_1,CNN,5
13,舌中,1,three_one_negative,0,0,0.20901738107204437,鮮紅,primary,tip_middle_root_1_3_1,CNN,5
95,舌中,3,three_one_positive,1,0,0.1915837526321411,鮮紅,primary,tip_middle_root_1_3_1,CNN,5
4,舌中,1,three_one_negative,0,0,0.201509490609169,鮮紅,primary,tip_middle_root_1_3_1,CNN,5
55,舌中,1,three_one_negative,0,0,0.18254771828651428,鮮紅,primary,tip_middle_root_1_3_1,CNN,5
89,舌左邊,3,three_one_positive,1,1,0.814278781414032,鮮紅,primary,tip_middle_root_1_3_1,CNN,5
74,舌左邊,1,three_one_negative,0,1,0.8918254971504211,鮮紅,primary,tip_middle_root_1_3_1,CNN,5
59,舌左邊,3,three_one_positive,1,1,0.5996213555335999,鮮紅,primary,tip_middle_root_1_3_1,CNN,5
17,舌左邊,1,three_one_negative,0,1,0.6588045954704285,鮮紅,primary,tip_middle_root_1_3_1,CNN,5
13,舌左邊,1,three_one_negative,0,1,0.7583304047584534,鮮紅,primary,tip_middle_root_1_3_1,CNN,5
95,舌左邊,3,three_one_positive,1,1,0.54999178647995,鮮紅,primary,tip_middle_root_1_3_1,CNN,5
55,舌左邊,1,three_one_negative,0,1,0.5987019538879395,鮮紅,primary,tip_middle_root_1_3_1,CNN,5
89,舌右邊,3,three_one_positive,1,1,0.8499635457992554,鮮紅,primary,tip_middle_root_1_3_1,CNN,5
74,舌右邊,1,three_one_negative,0,1,0.7389215230941772,鮮紅,primary,tip_middle_root_1_3_1,CNN,5
59,舌右邊,3,three_one_positive,1,1,0.6291764378547668,鮮紅,primary,tip_middle_root_1_3_1,CNN,5
17,舌右邊,1,three_one_negative,0,1,0.6160493493080139,鮮紅,primary,tip_middle_root_1_3_1,CNN,5
13,舌右邊,1,three_one_negative,0,1,0.7053837776184082,鮮紅,primary,tip_middle_root_1_3_1,CNN,5
95,舌右邊,3,three_one_positive,1,1,0.6712040901184082,鮮紅,primary,tip_middle_root_1_3_1,CNN,5
55,舌右邊,1,three_one_negative,0,1,0.8932462930679321,鮮紅,primary,tip_middle_root_1_3_1,CNN,5
74,舌根,1,three_one_negative,0,0,0.14294227957725525,鮮紅,primary,tip_middle_root_1_3_1,CNN,5
73,舌根,1,three_one_negative,0,1,0.586624801158905,鮮紅,primary,tip_middle_root_1_3_1,CNN,5
100,舌根,1,three_one_negative,0,0,0.3260907530784607,鮮紅,primary,tip_middle_root_1_3_1,CNN,5
13,舌根,1,three_one_negative,0,0,0.1844189614057541,鮮紅,primary,tip_middle_root_1_3_1,CNN,5
95,舌根,3,three_one_positive,1,0,0.3985193073749542,鮮紅,primary,tip_middle_root_1_3_1,CNN,5
55,舌根,1,three_one_negative,0,0,0.480049729347229,鮮紅,primary,tip_middle_root_1_3_1,CNN,5
