segmentation_method,image_id,region,original_image,region_file,pixel_count,tip_ratio,middle_ratio,root_ratio,left_ratio,center_ratio,right_ratio
tip_middle_root_1_3_1,10,舌根,/Users/yuchiwu/Desktop/tongue_project/images_json/10.jpg,/Users/yuchiwu/Desktop/tongue_project/output/tip_middle_root_1_3_1/regions/舌根/10.png,217187,0.2,0.6000000000000001,0.2,0.25,0.5,0.25
tip_middle_root_1_3_1,10,舌尖,/Users/yuchiwu/Desktop/tongue_project/images_json/10.jpg,/Users/yuchiwu/Desktop/tongue_project/output/tip_middle_root_1_3_1/regions/舌尖/10.png,108549,0.2,0.6000000000000001,0.2,0.25,0.5,0.25
tip_middle_root_1_3_1,10,舌左邊,/Users/yuchiwu/Desktop/tongue_project/images_json/10.jpg,/Users/yuchiwu/Desktop/tongue_project/output/tip_middle_root_1_3_1/regions/舌左邊/10.png,163154,0.2,0.6000000000000001,0.2,0.25,0.5,0.25
tip_middle_root_1_3_1,10,舌中,/Users/yuchiwu/Desktop/tongue_project/images_json/10.jpg,/Users/yuchiwu/Desktop/tongue_project/output/tip_middle_root_1_3_1/regions/舌中/10.png,428972,0.2,0.6000000000000001,0.2,0.25,0.5,0.25
tip_middle_root_1_3_1,10,舌右邊,/Users/yuchiwu/Desktop/tongue_project/images_json/10.jpg,/Users/yuchiwu/Desktop/tongue_project/output/tip_middle_root_1_3_1/regions/舌右邊/10.png,130946,0.2,0.6000000000000001,0.2,0.25,0.5,0.25
tip_middle_root_1_3_1,11,舌根,/Users/yuchiwu/Desktop/tongue_project/images_json/11.jpg,/Users/yuchiwu/Desktop/tongue_project/output/tip_middle_root_1_3_1/regions/舌根/11.png,184719,0.2,0.6000000000000001,0.2,0.25,0.5,0.25
tip_middle_root_1_3_1,11,舌尖,/Users/yuchiwu/Desktop/tongue_project/images_json/11.jpg,/Users/yuchiwu/Desktop/tongue_project/output/tip_middle_root_1_3_1/regions/舌尖/11.png,85645,0.2,0.6000000000000001,0.2,0.25,0.5,0.25
tip_middle_root_1_3_1,11,舌左邊,/Users/yuchiwu/Desktop/tongue_project/images_json/11.jpg,/Users/yuchiwu/Desktop/tongue_project/output/tip_middle_root_1_3_1/regions/舌左邊/11.png,111627,0.2,0.6000000000000001,0.2,0.25,0.5,0.25
tip_middle_root_1_3_1,11,舌中,/Users/yuchiwu/Desktop/tongue_project/images_json/11.jpg,/Users/yuchiwu/Desktop/tongue_project/output/tip_middle_root_1_3_1/regions/舌中/11.png,357845,0.2,0.6000000000000001,0.2,0.25,0.5,0.25
tip_middle_root_1_3_1,11,舌右邊,/Users/yuchiwu/Desktop/tongue_project/images_json/11.jpg,/Users/yuchiwu/Desktop/tongue_project/output/tip_middle_root_1_3_1/regions/舌右邊/11.png,135100,0.2,0.6000000000000001,0.2,0.25,0.5,0.25
tip_middle_root_1_3_1,13,舌根,/Users/yuchiwu/Desktop/tongue_project/images_json/13.jpg,/Users/yuchiwu/Desktop/tongue_project/output/tip_middle_root_1_3_1/regions/舌根/13.png,150693,0.2,0.6000000000000001,0.2,0.25,0.5,0.25
tip_middle_root_1_3_1,13,舌尖,/Users/yuchiwu/Desktop/tongue_project/images_json/13.jpg,/Users/yuchiwu/Desktop/tongue_project/output/tip_middle_root_1_3_1/regions/舌尖/13.png,145598,0.2,0.6000000000000001,0.2,0.25,0.5,0.25
tip_middle_root_1_3_1,13,舌左邊,/Users/yuchiwu/Desktop/tongue_project/images_json/13.jpg,/Users/yuchiwu/Desktop/tongue_project/output/tip_middle_root_1_3_1/regions/舌左邊/13.png,157938,0.2,0.6000000000000001,0.2,0.25,0.5,0.25
tip_middle_root_1_3_1,13,舌中,/Users/yuchiwu/Desktop/tongue_project/images_json/13.jpg,/Users/yuchiwu/Desktop/tongue_project/output/tip_middle_root_1_3_1/regions/舌中/13.png,347964,0.2,0.6000000000000001,0.2,0.25,0.5,0.25
tip_middle_root_1_3_1,13,舌右邊,/Users/yuchiwu/Desktop/tongue_project/images_json/13.jpg,/Users/yuchiwu/Desktop/tongue_project/output/tip_middle_root_1_3_1/regions/舌右邊/13.png,152731,0.2,0.6000000000000001,0.2,0.25,0.5,0.25
tip_middle_root_1_3_1,17,舌根,/Users/yuchiwu/Desktop/tongue_project/images_json/17.jpg,/Users/yuchiwu/Desktop/tongue_project/output/tip_middle_root_1_3_1/regions/舌根/17.png,130141,0.2,0.6000000000000001,0.2,0.25,0.5,0.25
tip_middle_root_1_3_1,17,舌尖,/Users/yuchiwu/Desktop/tongue_project/images_json/17.jpg,/Users/yuchiwu/Desktop/tongue_project/output/tip_middle_root_1_3_1/regions/舌尖/17.png,123238,0.2,0.6000000000000001,0.2,0.25,0.5,0.25
tip_middle_root_1_3_1,17,舌左邊,/Users/yuchiwu/Desktop/tongue_project/images_json/17.jpg,/Users/yuchiwu/Desktop/tongue_project/output/tip_middle_root_1_3_1/regions/舌左邊/17.png,150574,0.2,0.6000000000000001,0.2,0.25,0.5,0.25
tip_middle_root_1_3_1,17,舌中,/Users/yuchiwu/Desktop/tongue_project/images_json/17.jpg,/Users/yuchiwu/Desktop/tongue_project/output/tip_middle_root_1_3_1/regions/舌中/17.png,326314,0.2,0.6000000000000001,0.2,0.25,0.5,0.25
tip_middle_root_1_3_1,17,舌右邊,/Users/yuchiwu/Desktop/tongue_project/images_json/17.jpg,/Users/yuchiwu/Desktop/tongue_project/output/tip_middle_root_1_3_1/regions/舌右邊/17.png,136065,0.2,0.6000000000000001,0.2,0.25,0.5,0.25
tip_middle_root_1_3_1,19,舌根,/Users/yuchiwu/Desktop/tongue_project/images_json/19.jpg,/Users/yuchiwu/Desktop/tongue_project/output/tip_middle_root_1_3_1/regions/舌根/19.png,313820,0.2,0.6000000000000001,0.2,0.25,0.5,0.25
tip_middle_root_1_3_1,19,舌尖,/Users/yuchiwu/Desktop/tongue_project/images_json/19.jpg,/Users/yuchiwu/Desktop/tongue_project/output/tip_middle_root_1_3_1/regions/舌尖/19.png,333052,0.2,0.6000000000000001,0.2,0.25,0.5,0.25
tip_middle_root_1_3_1,19,舌左邊,/Users/yuchiwu/Desktop/tongue_project/images_json/19.jpg,/Users/yuchiwu/Desktop/tongue_project/output/tip_middle_root_1_3_1/regions/舌左邊/19.png,378415,0.2,0.6000000000000001,0.2,0.25,0.5,0.25
tip_middle_root_1_3_1,19,舌中,/Users/yuchiwu/Desktop/tongue_project/images_json/19.jpg,/Users/yuchiwu/Desktop/tongue_project/output/tip_middle_root_1_3_1/regions/舌中/19.png,787101,0.2,0.6000000000000001,0.2,0.25,0.5,0.25
tip_middle_root_1_3_1,19,舌右邊,/Users/yuchiwu/Desktop/tongue_project/images_json/19.jpg,/Users/yuchiwu/Desktop/tongue_project/output/tip_middle_root_1_3_1/regions/舌右邊/19.png,347319,0.2,0.6000000000000001,0.2,0.25,0.5,0.25
tip_middle_root_1_3_1,2,舌根,/Users/yuchiwu/Desktop/tongue_project/images_json/2.jpg,/Users/yuchiwu/Desktop/tongue_project/output/tip_middle_root_1_3_1/regions/舌根/2.png,99793,0.2,0.6000000000000001,0.2,0.25,0.5,0.25
tip_middle_root_1_3_1,2,舌尖,/Users/yuchiwu/Desktop/tongue_project/images_json/2.jpg,/Users/yuchiwu/Desktop/tongue_project/output/tip_middle_root_1_3_1/regions/舌尖/2.png,85333,0.2,0.6000000000000001,0.2,0.25,0.5,0.25
tip_middle_root_1_3_1,2,舌左邊,/Users/yuchiwu/Desktop/tongue_project/images_json/2.jpg,/Users/yuchiwu/Desktop/tongue_project/output/tip_middle_root_1_3_1/regions/舌左邊/2.png,113234,0.2,0.6000000000000001,0.2,0.25,0.5,0.25
tip_middle_root_1_3_1,2,舌中,/Users/yuchiwu/Desktop/tongue_project/images_json/2.jpg,/Users/yuchiwu/Desktop/tongue_project/output/tip_middle_root_1_3_1/regions/舌中/2.png,260096,0.2,0.6000000000000001,0.2,0.25,0.5,0.25
tip_middle_root_1_3_1,2,舌右邊,/Users/yuchiwu/Desktop/tongue_project/images_json/2.jpg,/Users/yuchiwu/Desktop/tongue_project/output/tip_middle_root_1_3_1/regions/舌右邊/2.png,107603,0.2,0.6000000000000001,0.2,0.25,0.5,0.25
tip_middle_root_1_3_1,20,舌根,/Users/yuchiwu/Desktop/tongue_project/images_json/20.jpg,/Users/yuchiwu/Desktop/tongue_project/output/tip_middle_root_1_3_1/regions/舌根/20.png,310413,0.2,0.6000000000000001,0.2,0.25,0.5,0.25
tip_middle_root_1_3_1,20,舌尖,/Users/yuchiwu/Desktop/tongue_project/images_json/20.jpg,/Users/yuchiwu/Desktop/tongue_project/output/tip_middle_root_1_3_1/regions/舌尖/20.png,201404,0.2,0.6000000000000001,0.2,0.25,0.5,0.25
tip_middle_root_1_3_1,20,舌左邊,/Users/yuchiwu/Desktop/tongue_project/images_json/20.jpg,/Users/yuchiwu/Desktop/tongue_project/output/tip_middle_root_1_3_1/regions/舌左邊/20.png,273959,0.2,0.6000000000000001,0.2,0.25,0.5,0.25
tip_middle_root_1_3_1,20,舌中,/Users/yuchiwu/Desktop/tongue_project/images_json/20.jpg,/Users/yuchiwu/Desktop/tongue_project/output/tip_middle_root_1_3_1/regions/舌中/20.png,601426,0.2,0.6000000000000001,0.2,0.25,0.5,0.25
tip_middle_root_1_3_1,20,舌右邊,/Users/yuchiwu/Desktop/tongue_project/images_json/20.jpg,/Users/yuchiwu/Desktop/tongue_project/output/tip_middle_root_1_3_1/regions/舌右邊/20.png,229455,0.2,0.6000000000000001,0.2,0.25,0.5,0.25
tip_middle_root_1_3_1,23,舌根,/Users/yuchiwu/Desktop/tongue_project/images_json/23.jpg,/Users/yuchiwu/Desktop/tongue_project/output/tip_middle_root_1_3_1/regions/舌根/23.png,331837,0.2,0.6000000000000001,0.2,0.25,0.5,0.25
tip_middle_root_1_3_1,23,舌尖,/Users/yuchiwu/Desktop/tongue_project/images_json/23.jpg,/Users/yuchiwu/Desktop/tongue_project/output/tip_middle_root_1_3_1/regions/舌尖/23.png,291939,0.2,0.6000000000000001,0.2,0.25,0.5,0.25
tip_middle_root_1_3_1,23,舌左邊,/Users/yuchiwu/Desktop/tongue_project/images_json/23.jpg,/Users/yuchiwu/Desktop/tongue_project/output/tip_middle_root_1_3_1/regions/舌左邊/23.png,303494,0.2,0.6000000000000001,0.2,0.25,0.5,0.25
tip_middle_root_1_3_1,23,舌中,/Users/yuchiwu/Desktop/tongue_project/images_json/23.jpg,/Users/yuchiwu/Desktop/tongue_project/output/tip_middle_root_1_3_1/regions/舌中/23.png,729640,0.2,0.6000000000000001,0.2,0.25,0.5,0.25
tip_middle_root_1_3_1,23,舌右邊,/Users/yuchiwu/Desktop/tongue_project/images_json/23.jpg,/Users/yuchiwu/Desktop/tongue_project/output/tip_middle_root_1_3_1/regions/舌右邊/23.png,320128,0.2,0.6000000000000001,0.2,0.25,0.5,0.25
tip_middle_root_1_3_1,24,舌根,/Users/yuchiwu/Desktop/tongue_project/images_json/24.jpg,/Users/yuchiwu/Desktop/tongue_project/output/tip_middle_root_1_3_1/regions/舌根/24.png,321046,0.2,0.6000000000000001,0.2,0.25,0.5,0.25
tip_middle_root_1_3_1,24,舌尖,/Users/yuchiwu/Desktop/tongue_project/images_json/24.jpg,/Users/yuchiwu/Desktop/tongue_project/output/tip_middle_root_1_3_1/regions/舌尖/24.png,210268,0.2,0.6000000000000001,0.2,0.25,0.5,0.25
tip_middle_root_1_3_1,24,舌左邊,/Users/yuchiwu/Desktop/tongue_project/images_json/24.jpg,/Users/yuchiwu/Desktop/tongue_project/output/tip_middle_root_1_3_1/regions/舌左邊/24.png,235462,0.2,0.6000000000000001,0.2,0.25,0.5,0.25
tip_middle_root_1_3_1,24,舌中,/Users/yuchiwu/Desktop/tongue_project/images_json/24.jpg,/Users/yuchiwu/Desktop/tongue_project/output/tip_middle_root_1_3_1/regions/舌中/24.png,553146,0.2,0.6000000000000001,0.2,0.25,0.5,0.25
tip_middle_root_1_3_1,24,舌右邊,/Users/yuchiwu/Desktop/tongue_project/images_json/24.jpg,/Users/yuchiwu/Desktop/tongue_project/output/tip_middle_root_1_3_1/regions/舌右邊/24.png,246841,0.2,0.6000000000000001,0.2,0.25,0.5,0.25
tip_middle_root_1_3_1,26,舌根,/Users/yuchiwu/Desktop/tongue_project/images_json/26.jpg,/Users/yuchiwu/Desktop/tongue_project/output/tip_middle_root_1_3_1/regions/舌根/26.png,361018,0.2,0.6000000000000001,0.2,0.25,0.5,0.25
tip_middle_root_1_3_1,26,舌尖,/Users/yuchiwu/Desktop/tongue_project/images_json/26.jpg,/Users/yuchiwu/Desktop/tongue_project/output/tip_middle_root_1_3_1/regions/舌尖/26.png,224198,0.2,0.6000000000000001,0.2,0.25,0.5,0.25
tip_middle_root_1_3_1,26,舌左邊,/Users/yuchiwu/Desktop/tongue_project/images_json/26.jpg,/Users/yuchiwu/Desktop/tongue_project/output/tip_middle_root_1_3_1/regions/舌左邊/26.png,329671,0.2,0.6000000000000001,0.2,0.25,0.5,0.25
tip_middle_root_1_3_1,26,舌中,/Users/yuchiwu/Desktop/tongue_project/images_json/26.jpg,/Users/yuchiwu/Desktop/tongue_project/output/tip_middle_root_1_3_1/regions/舌中/26.png,764211,0.2,0.6000000000000001,0.2,0.25,0.5,0.25
tip_middle_root_1_3_1,26,舌右邊,/Users/yuchiwu/Desktop/tongue_project/images_json/26.jpg,/Users/yuchiwu/Desktop/tongue_project/output/tip_middle_root_1_3_1/regions/舌右邊/26.png,332471,0.2,0.6000000000000001,0.2,0.25,0.5,0.25
tip_middle_root_1_3_1,27,舌根,/Users/yuchiwu/Desktop/tongue_project/images_json/27.jpg,/Users/yuchiwu/Desktop/tongue_project/output/tip_middle_root_1_3_1/regions/舌根/27.png,492681,0.2,0.6000000000000001,0.2,0.25,0.5,0.25
tip_middle_root_1_3_1,27,舌尖,/Users/yuchiwu/Desktop/tongue_project/images_json/27.jpg,/Users/yuchiwu/Desktop/tongue_project/output/tip_middle_root_1_3_1/regions/舌尖/27.png,438014,0.2,0.6000000000000001,0.2,0.25,0.5,0.25
tip_middle_root_1_3_1,27,舌左邊,/Users/yuchiwu/Desktop/tongue_project/images_json/27.jpg,/Users/yuchiwu/Desktop/tongue_project/output/tip_middle_root_1_3_1/regions/舌左邊/27.png,486750,0.2,0.6000000000000001,0.2,0.25,0.5,0.25
tip_middle_root_1_3_1,27,舌中,/Users/yuchiwu/Desktop/tongue_project/images_json/27.jpg,/Users/yuchiwu/Desktop/tongue_project/output/tip_middle_root_1_3_1/regions/舌中/27.png,1065128,0.2,0.6000000000000001,0.2,0.25,0.5,0.25
tip_middle_root_1_3_1,27,舌右邊,/Users/yuchiwu/Desktop/tongue_project/images_json/27.jpg,/Users/yuchiwu/Desktop/tongue_project/output/tip_middle_root_1_3_1/regions/舌右邊/27.png,439769,0.2,0.6000000000000001,0.2,0.25,0.5,0.25
tip_middle_root_1_3_1,29,舌根,/Users/yuchiwu/Desktop/tongue_project/images_json/29.jpg,/Users/yuchiwu/Desktop/tongue_project/output/tip_middle_root_1_3_1/regions/舌根/29.png,213049,0.2,0.6000000000000001,0.2,0.25,0.5,0.25
tip_middle_root_1_3_1,29,舌尖,/Users/yuchiwu/Desktop/tongue_project/images_json/29.jpg,/Users/yuchiwu/Desktop/tongue_project/output/tip_middle_root_1_3_1/regions/舌尖/29.png,178950,0.2,0.6000000000000001,0.2,0.25,0.5,0.25
tip_middle_root_1_3_1,29,舌左邊,/Users/yuchiwu/Desktop/tongue_project/images_json/29.jpg,/Users/yuchiwu/Desktop/tongue_project/output/tip_middle_root_1_3_1/regions/舌左邊/29.png,199802,0.2,0.6000000000000001,0.2,0.25,0.5,0.25
tip_middle_root_1_3_1,29,舌中,/Users/yuchiwu/Desktop/tongue_project/images_json/29.jpg,/Users/yuchiwu/Desktop/tongue_project/output/tip_middle_root_1_3_1/regions/舌中/29.png,480000,0.2,0.6000000000000001,0.2,0.25,0.5,0.25
tip_middle_root_1_3_1,29,舌右邊,/Users/yuchiwu/Desktop/tongue_project/images_json/29.jpg,/Users/yuchiwu/Desktop/tongue_project/output/tip_middle_root_1_3_1/regions/舌右邊/29.png,214464,0.2,0.6000000000000001,0.2,0.25,0.5,0.25
tip_middle_root_1_3_1,30,舌根,/Users/yuchiwu/Desktop/tongue_project/images_json/30.jpg,/Users/yuchiwu/Desktop/tongue_project/output/tip_middle_root_1_3_1/regions/舌根/30.png,231950,0.2,0.6000000000000001,0.2,0.25,0.5,0.25
tip_middle_root_1_3_1,30,舌尖,/Users/yuchiwu/Desktop/tongue_project/images_json/30.jpg,/Users/yuchiwu/Desktop/tongue_project/output/tip_middle_root_1_3_1/regions/舌尖/30.png,132921,0.2,0.6000000000000001,0.2,0.25,0.5,0.25
tip_middle_root_1_3_1,30,舌左邊,/Users/yuchiwu/Desktop/tongue_project/images_json/30.jpg,/Users/yuchiwu/Desktop/tongue_project/output/tip_middle_root_1_3_1/regions/舌左邊/30.png,165262,0.2,0.6000000000000001,0.2,0.25,0.5,0.25
tip_middle_root_1_3_1,30,舌中,/Users/yuchiwu/Desktop/tongue_project/images_json/30.jpg,/Users/yuchiwu/Desktop/tongue_project/output/tip_middle_root_1_3_1/regions/舌中/30.png,387590,0.2,0.6000000000000001,0.2,0.25,0.5,0.25
tip_middle_root_1_3_1,30,舌右邊,/Users/yuchiwu/Desktop/tongue_project/images_json/30.jpg,/Users/yuchiwu/Desktop/tongue_project/output/tip_middle_root_1_3_1/regions/舌右邊/30.png,131755,0.2,0.6000000000000001,0.2,0.25,0.5,0.25
tip_middle_root_1_3_1,31,舌根,/Users/yuchiwu/Desktop/tongue_project/images_json/31.jpg,/Users/yuchiwu/Desktop/tongue_project/output/tip_middle_root_1_3_1/regions/舌根/31.png,201749,0.2,0.6000000000000001,0.2,0.25,0.5,0.25
tip_middle_root_1_3_1,31,舌尖,/Users/yuchiwu/Desktop/tongue_project/images_json/31.jpg,/Users/yuchiwu/Desktop/tongue_project/output/tip_middle_root_1_3_1/regions/舌尖/31.png,178799,0.2,0.6000000000000001,0.2,0.25,0.5,0.25
tip_middle_root_1_3_1,31,舌左邊,/Users/yuchiwu/Desktop/tongue_project/images_json/31.jpg,/Users/yuchiwu/Desktop/tongue_project/output/tip_middle_root_1_3_1/regions/舌左邊/31.png,215334,0.2,0.6000000000000001,0.2,0.25,0.5,0.25
tip_middle_root_1_3_1,31,舌中,/Users/yuchiwu/Desktop/tongue_project/images_json/31.jpg,/Users/yuchiwu/Desktop/tongue_project/output/tip_middle_root_1_3_1/regions/舌中/31.png,451820,0.2,0.6000000000000001,0.2,0.25,0.5,0.25
tip_middle_root_1_3_1,31,舌右邊,/Users/yuchiwu/Desktop/tongue_project/images_json/31.jpg,/Users/yuchiwu/Desktop/tongue_project/output/tip_middle_root_1_3_1/regions/舌右邊/31.png,182207,0.2,0.6000000000000001,0.2,0.25,0.5,0.25
tip_middle_root_1_3_1,32,舌根,/Users/yuchiwu/Desktop/tongue_project/images_json/32.jpg,/Users/yuchiwu/Desktop/tongue_project/output/tip_middle_root_1_3_1/regions/舌根/32.png,233151,0.2,0.6000000000000001,0.2,0.25,0.5,0.25
tip_middle_root_1_3_1,32,舌尖,/Users/yuchiwu/Desktop/tongue_project/images_json/32.jpg,/Users/yuchiwu/Desktop/tongue_project/output/tip_middle_root_1_3_1/regions/舌尖/32.png,123092,0.2,0.6000000000000001,0.2,0.25,0.5,0.25
tip_middle_root_1_3_1,32,舌左邊,/Users/yuchiwu/Desktop/tongue_project/images_json/32.jpg,/Users/yuchiwu/Desktop/tongue_project/output/tip_middle_root_1_3_1/regions/舌左邊/32.png,153022,0.2,0.6000000000000001,0.2,0.25,0.5,0.25
tip_middle_root_1_3_1,32,舌中,/Users/yuchiwu/Desktop/tongue_project/images_json/32.jpg,/Users/yuchiwu/Desktop/tongue_project/output/tip_middle_root_1_3_1/regions/舌中/32.png,382320,0.2,0.6000000000000001,0.2,0.25,0.5,0.25
tip_middle_root_1_3_1,32,舌右邊,/Users/yuchiwu/Desktop/tongue_project/images_json/32.jpg,/Users/yuchiwu/Desktop/tongue_project/output/tip_middle_root_1_3_1/regions/舌右邊/32.png,131000,0.2,0.6000000000000001,0.2,0.25,0.5,0.25
tip_middle_root_1_3_1,34,舌根,/Users/yuchiwu/Desktop/tongue_project/images_json/34.jpg,/Users/yuchiwu/Desktop/tongue_project/output/tip_middle_root_1_3_1/regions/舌根/34.png,324962,0.2,0.6000000000000001,0.2,0.25,0.5,0.25
tip_middle_root_1_3_1,34,舌尖,/Users/yuchiwu/Desktop/tongue_project/images_json/34.jpg,/Users/yuchiwu/Desktop/tongue_project/output/tip_middle_root_1_3_1/regions/舌尖/34.png,193362,0.2,0.6000000000000001,0.2,0.25,0.5,0.25
tip_middle_root_1_3_1,34,舌左邊,/Users/yuchiwu/Desktop/tongue_project/images_json/34.jpg,/Users/yuchiwu/Desktop/tongue_project/output/tip_middle_root_1_3_1/regions/舌左邊/34.png,284913,0.2,0.6000000000000001,0.2,0.25,0.5,0.25
tip_middle_root_1_3_1,34,舌中,/Users/yuchiwu/Desktop/tongue_project/images_json/34.jpg,/Users/yuchiwu/Desktop/tongue_project/output/tip_middle_root_1_3_1/regions/舌中/34.png,691745,0.2,0.6000000000000001,0.2,0.25,0.5,0.25
tip_middle_root_1_3_1,34,舌右邊,/Users/yuchiwu/Desktop/tongue_project/images_json/34.jpg,/Users/yuchiwu/Desktop/tongue_project/output/tip_middle_root_1_3_1/regions/舌右邊/34.png,254263,0.2,0.6000000000000001,0.2,0.25,0.5,0.25
tip_middle_root_1_3_1,35,舌根,/Users/yuchiwu/Desktop/tongue_project/images_json/35.jpg,/Users/yuchiwu/Desktop/tongue_project/output/tip_middle_root_1_3_1/regions/舌根/35.png,219101,0.2,0.6000000000000001,0.2,0.25,0.5,0.25
tip_middle_root_1_3_1,35,舌尖,/Users/yuchiwu/Desktop/tongue_project/images_json/35.jpg,/Users/yuchiwu/Desktop/tongue_project/output/tip_middle_root_1_3_1/regions/舌尖/35.png,164624,0.2,0.6000000000000001,0.2,0.25,0.5,0.25
tip_middle_root_1_3_1,35,舌左邊,/Users/yuchiwu/Desktop/tongue_project/images_json/35.jpg,/Users/yuchiwu/Desktop/tongue_project/output/tip_middle_root_1_3_1/regions/舌左邊/35.png,215592,0.2,0.6000000000000001,0.2,0.25,0.5,0.25
tip_middle_root_1_3_1,35,舌中,/Users/yuchiwu/Desktop/tongue_project/images_json/35.jpg,/Users/yuchiwu/Desktop/tongue_project/output/tip_middle_root_1_3_1/regions/舌中/35.png,459690,0.2,0.6000000000000001,0.2,0.25,0.5,0.25
tip_middle_root_1_3_1,35,舌右邊,/Users/yuchiwu/Desktop/tongue_project/images_json/35.jpg,/Users/yuchiwu/Desktop/tongue_project/output/tip_middle_root_1_3_1/regions/舌右邊/35.png,212621,0.2,0.6000000000000001,0.2,0.25,0.5,0.25
tip_middle_root_1_3_1,36,舌根,/Users/yuchiwu/Desktop/tongue_project/images_json/36.jpg,/Users/yuchiwu/Desktop/tongue_project/output/tip_middle_root_1_3_1/regions/舌根/36.png,175121,0.2,0.6000000000000001,0.2,0.25,0.5,0.25
tip_middle_root_1_3_1,36,舌尖,/Users/yuchiwu/Desktop/tongue_project/images_json/36.jpg,/Users/yuchiwu/Desktop/tongue_project/output/tip_middle_root_1_3_1/regions/舌尖/36.png,113109,0.2,0.6000000000000001,0.2,0.25,0.5,0.25
tip_middle_root_1_3_1,36,舌左邊,/Users/yuchiwu/Desktop/tongue_project/images_json/36.jpg,/Users/yuchiwu/Desktop/tongue_project/output/tip_middle_root_1_3_1/regions/舌左邊/36.png,133701,0.2,0.6000000000000001,0.2,0.25,0.5,0.25
tip_middle_root_1_3_1,36,舌中,/Users/yuchiwu/Desktop/tongue_project/images_json/36.jpg,/Users/yuchiwu/Desktop/tongue_project/output/tip_middle_root_1_3_1/regions/舌中/36.png,425216,0.2,0.6000000000000001,0.2,0.25,0.5,0.25
tip_middle_root_1_3_1,36,舌右邊,/Users/yuchiwu/Desktop/tongue_project/images_json/36.jpg,/Users/yuchiwu/Desktop/tongue_project/output/tip_middle_root_1_3_1/regions/舌右邊/36.png,131112,0.2,0.6000000000000001,0.2,0.25,0.5,0.25
tip_middle_root_1_3_1,37,舌根,/Users/yuchiwu/Desktop/tongue_project/images_json/37.jpg,/Users/yuchiwu/Desktop/tongue_project/output/tip_middle_root_1_3_1/regions/舌根/37.png,317662,0.2,0.6000000000000001,0.2,0.25,0.5,0.25
tip_middle_root_1_3_1,37,舌尖,/Users/yuchiwu/Desktop/tongue_project/images_json/37.jpg,/Users/yuchiwu/Desktop/tongue_project/output/tip_middle_root_1_3_1/regions/舌尖/37.png,277888,0.2,0.6000000000000001,0.2,0.25,0.5,0.25
tip_middle_root_1_3_1,37,舌左邊,/Users/yuchiwu/Desktop/tongue_project/images_json/37.jpg,/Users/yuchiwu/Desktop/tongue_project/output/tip_middle_root_1_3_1/regions/舌左邊/37.png,325713,0.2,0.6000000000000001,0.2,0.25,0.5,0.25
tip_middle_root_1_3_1,37,舌中,/Users/yuchiwu/Desktop/tongue_project/images_json/37.jpg,/Users/yuchiwu/Desktop/tongue_project/output/tip_middle_root_1_3_1/regions/舌中/37.png,699130,0.2,0.6000000000000001,0.2,0.25,0.5,0.25
tip_middle_root_1_3_1,37,舌右邊,/Users/yuchiwu/Desktop/tongue_project/images_json/37.jpg,/Users/yuchiwu/Desktop/tongue_project/output/tip_middle_root_1_3_1/regions/舌右邊/37.png,278465,0.2,0.6000000000000001,0.2,0.25,0.5,0.25
tip_middle_root_1_3_1,38,舌根,/Users/yuchiwu/Desktop/tongue_project/images_json/38.jpg,/Users/yuchiwu/Desktop/tongue_project/output/tip_middle_root_1_3_1/regions/舌根/38.png,288717,0.2,0.6000000000000001,0.2,0.25,0.5,0.25
tip_middle_root_1_3_1,38,舌尖,/Users/yuchiwu/Desktop/tongue_project/images_json/38.jpg,/Users/yuchiwu/Desktop/tongue_project/output/tip_middle_root_1_3_1/regions/舌尖/38.png,154370,0.2,0.6000000000000001,0.2,0.25,0.5,0.25
tip_middle_root_1_3_1,38,舌左邊,/Users/yuchiwu/Desktop/tongue_project/images_json/38.jpg,/Users/yuchiwu/Desktop/tongue_project/output/tip_middle_root_1_3_1/regions/舌左邊/38.png,188405,0.2,0.6000000000000001,0.2,0.25,0.5,0.25
tip_middle_root_1_3_1,38,舌中,/Users/yuchiwu/Desktop/tongue_project/images_json/38.jpg,/Users/yuchiwu/Desktop/tongue_project/output/tip_middle_root_1_3_1/regions/舌中/38.png,554250,0.2,0.6000000000000001,0.2,0.25,0.5,0.25
tip_middle_root_1_3_1,38,舌右邊,/Users/yuchiwu/Desktop/tongue_project/images_json/38.jpg,/Users/yuchiwu/Desktop/tongue_project/output/tip_middle_root_1_3_1/regions/舌右邊/38.png,188276,0.2,0.6000000000000001,0.2,0.25,0.5,0.25
tip_middle_root_1_3_1,39,舌根,/Users/yuchiwu/Desktop/tongue_project/images_json/39.jpg,/Users/yuchiwu/Desktop/tongue_project/output/tip_middle_root_1_3_1/regions/舌根/39.png,277365,0.2,0.6000000000000001,0.2,0.25,0.5,0.25
tip_middle_root_1_3_1,39,舌尖,/Users/yuchiwu/Desktop/tongue_project/images_json/39.jpg,/Users/yuchiwu/Desktop/tongue_project/output/tip_middle_root_1_3_1/regions/舌尖/39.png,153963,0.2,0.6000000000000001,0.2,0.25,0.5,0.25
tip_middle_root_1_3_1,39,舌左邊,/Users/yuchiwu/Desktop/tongue_project/images_json/39.jpg,/Users/yuchiwu/Desktop/tongue_project/output/tip_middle_root_1_3_1/regions/舌左邊/39.png,183405,0.2,0.6000000000000001,0.2,0.25,0.5,0.25
tip_middle_root_1_3_1,39,舌中,/Users/yuchiwu/Desktop/tongue_project/images_json/39.jpg,/Users/yuchiwu/Desktop/tongue_project/output/tip_middle_root_1_3_1/regions/舌中/39.png,555616,0.2,0.6000000000000001,0.2,0.25,0.5,0.25
tip_middle_root_1_3_1,39,舌右邊,/Users/yuchiwu/Desktop/tongue_project/images_json/39.jpg,/Users/yuchiwu/Desktop/tongue_project/output/tip_middle_root_1_3_1/regions/舌右邊/39.png,198668,0.2,0.6000000000000001,0.2,0.25,0.5,0.25
tip_middle_root_1_3_1,40,舌根,/Users/yuchiwu/Desktop/tongue_project/images_json/40.jpg,/Users/yuchiwu/Desktop/tongue_project/output/tip_middle_root_1_3_1/regions/舌根/40.png,197647,0.2,0.6000000000000001,0.2,0.25,0.5,0.25
tip_middle_root_1_3_1,40,舌尖,/Users/yuchiwu/Desktop/tongue_project/images_json/40.jpg,/Users/yuchiwu/Desktop/tongue_project/output/tip_middle_root_1_3_1/regions/舌尖/40.png,159037,0.2,0.6000000000000001,0.2,0.25,0.5,0.25
tip_middle_root_1_3_1,40,舌左邊,/Users/yuchiwu/Desktop/tongue_project/images_json/40.jpg,/Users/yuchiwu/Desktop/tongue_project/output/tip_middle_root_1_3_1/regions/舌左邊/40.png,192122,0.2,0.6000000000000001,0.2,0.25,0.5,0.25
tip_middle_root_1_3_1,40,舌中,/Users/yuchiwu/Desktop/tongue_project/images_json/40.jpg,/Users/yuchiwu/Desktop/tongue_project/output/tip_middle_root_1_3_1/regions/舌中/40.png,428274,0.2,0.6000000000000001,0.2,0.25,0.5,0.25
tip_middle_root_1_3_1,40,舌右邊,/Users/yuchiwu/Desktop/tongue_project/images_json/40.jpg,/Users/yuchiwu/Desktop/tongue_project/output/tip_middle_root_1_3_1/regions/舌右邊/40.png,150666,0.2,0.6000000000000001,0.2,0.25,0.5,0.25
tip_middle_root_1_3_1,41,舌根,/Users/yuchiwu/Desktop/tongue_project/images_json/41.jpg,/Users/yuchiwu/Desktop/tongue_project/output/tip_middle_root_1_3_1/regions/舌根/41.png,396180,0.2,0.6000000000000001,0.2,0.25,0.5,0.25
tip_middle_root_1_3_1,41,舌尖,/Users/yuchiwu/Desktop/tongue_project/images_json/41.jpg,/Users/yuchiwu/Desktop/tongue_project/output/tip_middle_root_1_3_1/regions/舌尖/41.png,256749,0.2,0.6000000000000001,0.2,0.25,0.5,0.25
tip_middle_root_1_3_1,41,舌左邊,/Users/yuchiwu/Desktop/tongue_project/images_json/41.jpg,/Users/yuchiwu/Desktop/tongue_project/output/tip_middle_root_1_3_1/regions/舌左邊/41.png,324366,0.2,0.6000000000000001,0.2,0.25,0.5,0.25
tip_middle_root_1_3_1,41,舌中,/Users/yuchiwu/Desktop/tongue_project/images_json/41.jpg,/Users/yuchiwu/Desktop/tongue_project/output/tip_middle_root_1_3_1/regions/舌中/41.png,695505,0.2,0.6000000000000001,0.2,0.25,0.5,0.25
tip_middle_root_1_3_1,41,舌右邊,/Users/yuchiwu/Desktop/tongue_project/images_json/41.jpg,/Users/yuchiwu/Desktop/tongue_project/output/tip_middle_root_1_3_1/regions/舌右邊/41.png,194675,0.2,0.6000000000000001,0.2,0.25,0.5,0.25
tip_middle_root_1_3_1,42,舌根,/Users/yuchiwu/Desktop/tongue_project/images_json/42.jpg,/Users/yuchiwu/Desktop/tongue_project/output/tip_middle_root_1_3_1/regions/舌根/42.png,293995,0.2,0.6000000000000001,0.2,0.25,0.5,0.25
tip_middle_root_1_3_1,42,舌尖,/Users/yuchiwu/Desktop/tongue_project/images_json/42.jpg,/Users/yuchiwu/Desktop/tongue_project/output/tip_middle_root_1_3_1/regions/舌尖/42.png,131922,0.2,0.6000000000000001,0.2,0.25,0.5,0.25
tip_middle_root_1_3_1,42,舌左邊,/Users/yuchiwu/Desktop/tongue_project/images_json/42.jpg,/Users/yuchiwu/Desktop/tongue_project/output/tip_middle_root_1_3_1/regions/舌左邊/42.png,209027,0.2,0.6000000000000001,0.2,0.25,0.5,0.25
tip_middle_root_1_3_1,42,舌中,/Users/yuchiwu/Desktop/tongue_project/images_json/42.jpg,/Users/yuchiwu/Desktop/tongue_project/output/tip_middle_root_1_3_1/regions/舌中/42.png,560305,0.2,0.6000000000000001,0.2,0.25,0.5,0.25
tip_middle_root_1_3_1,42,舌右邊,/Users/yuchiwu/Desktop/tongue_project/images_json/42.jpg,/Users/yuchiwu/Desktop/tongue_project/output/tip_middle_root_1_3_1/regions/舌右邊/42.png,135010,0.2,0.6000000000000001,0.2,0.25,0.5,0.25
tip_middle_root_1_3_1,44,舌根,/Users/yuchiwu/Desktop/tongue_project/images_json/44.jpg,/Users/yuchiwu/Desktop/tongue_project/output/tip_middle_root_1_3_1/regions/舌根/44.png,202207,0.2,0.6000000000000001,0.2,0.25,0.5,0.25
tip_middle_root_1_3_1,44,舌尖,/Users/yuchiwu/Desktop/tongue_project/images_json/44.jpg,/Users/yuchiwu/Desktop/tongue_project/output/tip_middle_root_1_3_1/regions/舌尖/44.png,105367,0.2,0.6000000000000001,0.2,0.25,0.5,0.25
tip_middle_root_1_3_1,44,舌左邊,/Users/yuchiwu/Desktop/tongue_project/images_json/44.jpg,/Users/yuchiwu/Desktop/tongue_project/output/tip_middle_root_1_3_1/regions/舌左邊/44.png,149808,0.2,0.6000000000000001,0.2,0.25,0.5,0.25
tip_middle_root_1_3_1,44,舌中,/Users/yuchiwu/Desktop/tongue_project/images_json/44.jpg,/Users/yuchiwu/Desktop/tongue_project/output/tip_middle_root_1_3_1/regions/舌中/44.png,434481,0.2,0.6000000000000001,0.2,0.25,0.5,0.25
tip_middle_root_1_3_1,44,舌右邊,/Users/yuchiwu/Desktop/tongue_project/images_json/44.jpg,/Users/yuchiwu/Desktop/tongue_project/output/tip_middle_root_1_3_1/regions/舌右邊/44.png,156024,0.2,0.6000000000000001,0.2,0.25,0.5,0.25
tip_middle_root_1_3_1,45,舌根,/Users/yuchiwu/Desktop/tongue_project/images_json/45.jpg,/Users/yuchiwu/Desktop/tongue_project/output/tip_middle_root_1_3_1/regions/舌根/45.png,303716,0.2,0.6000000000000001,0.2,0.25,0.5,0.25
tip_middle_root_1_3_1,45,舌尖,/Users/yuchiwu/Desktop/tongue_project/images_json/45.jpg,/Users/yuchiwu/Desktop/tongue_project/output/tip_middle_root_1_3_1/regions/舌尖/45.png,286420,0.2,0.6000000000000001,0.2,0.25,0.5,0.25
tip_middle_root_1_3_1,45,舌左邊,/Users/yuchiwu/Desktop/tongue_project/images_json/45.jpg,/Users/yuchiwu/Desktop/tongue_project/output/tip_middle_root_1_3_1/regions/舌左邊/45.png,306869,0.2,0.6000000000000001,0.2,0.25,0.5,0.25
tip_middle_root_1_3_1,45,舌中,/Users/yuchiwu/Desktop/tongue_project/images_json/45.jpg,/Users/yuchiwu/Desktop/tongue_project/output/tip_middle_root_1_3_1/regions/舌中/45.png,696440,0.2,0.6000000000000001,0.2,0.25,0.5,0.25
tip_middle_root_1_3_1,45,舌右邊,/Users/yuchiwu/Desktop/tongue_project/images_json/45.jpg,/Users/yuchiwu/Desktop/tongue_project/output/tip_middle_root_1_3_1/regions/舌右邊/45.png,313805,0.2,0.6000000000000001,0.2,0.25,0.5,0.25
tip_middle_root_1_3_1,46,舌根,/Users/yuchiwu/Desktop/tongue_project/images_json/46.jpg,/Users/yuchiwu/Desktop/tongue_project/output/tip_middle_root_1_3_1/regions/舌根/46.png,224972,0.2,0.6000000000000001,0.2,0.25,0.5,0.25
tip_middle_root_1_3_1,46,舌尖,/Users/yuchiwu/Desktop/tongue_project/images_json/46.jpg,/Users/yuchiwu/Desktop/tongue_project/output/tip_middle_root_1_3_1/regions/舌尖/46.png,122980,0.2,0.6000000000000001,0.2,0.25,0.5,0.25
tip_middle_root_1_3_1,46,舌左邊,/Users/yuchiwu/Desktop/tongue_project/images_json/46.jpg,/Users/yuchiwu/Desktop/tongue_project/output/tip_middle_root_1_3_1/regions/舌左邊/46.png,98605,0.2,0.6000000000000001,0.2,0.25,0.5,0.25
tip_middle_root_1_3_1,46,舌中,/Users/yuchiwu/Desktop/tongue_project/images_json/46.jpg,/Users/yuchiwu/Desktop/tongue_project/output/tip_middle_root_1_3_1/regions/舌中/46.png,450144,0.2,0.6000000000000001,0.2,0.25,0.5,0.25
tip_middle_root_1_3_1,46,舌右邊,/Users/yuchiwu/Desktop/tongue_project/images_json/46.jpg,/Users/yuchiwu/Desktop/tongue_project/output/tip_middle_root_1_3_1/regions/舌右邊/46.png,139719,0.2,0.6000000000000001,0.2,0.25,0.5,0.25
tip_middle_root_1_3_1,47,舌根,/Users/yuchiwu/Desktop/tongue_project/images_json/47.jpg,/Users/yuchiwu/Desktop/tongue_project/output/tip_middle_root_1_3_1/regions/舌根/47.png,265285,0.2,0.6000000000000001,0.2,0.25,0.5,0.25
tip_middle_root_1_3_1,47,舌尖,/Users/yuchiwu/Desktop/tongue_project/images_json/47.jpg,/Users/yuchiwu/Desktop/tongue_project/output/tip_middle_root_1_3_1/regions/舌尖/47.png,152418,0.2,0.6000000000000001,0.2,0.25,0.5,0.25
tip_middle_root_1_3_1,47,舌左邊,/Users/yuchiwu/Desktop/tongue_project/images_json/47.jpg,/Users/yuchiwu/Desktop/tongue_project/output/tip_middle_root_1_3_1/regions/舌左邊/47.png,207882,0.2,0.6000000000000001,0.2,0.25,0.5,0.25
tip_middle_root_1_3_1,47,舌中,/Users/yuchiwu/Desktop/tongue_project/images_json/47.jpg,/Users/yuchiwu/Desktop/tongue_project/output/tip_middle_root_1_3_1/regions/舌中/47.png,636560,0.2,0.6000000000000001,0.2,0.25,0.5,0.25
tip_middle_root_1_3_1,47,舌右邊,/Users/yuchiwu/Desktop/tongue_project/images_json/47.jpg,/Users/yuchiwu/Desktop/tongue_project/output/tip_middle_root_1_3_1/regions/舌右邊/47.png,171063,0.2,0.6000000000000001,0.2,0.25,0.5,0.25
tip_middle_root_1_3_1,48,舌根,/Users/yuchiwu/Desktop/tongue_project/images_json/48.jpg,/Users/yuchiwu/Desktop/tongue_project/output/tip_middle_root_1_3_1/regions/舌根/48.png,311250,0.2,0.6000000000000001,0.2,0.25,0.5,0.25
tip_middle_root_1_3_1,48,舌尖,/Users/yuchiwu/Desktop/tongue_project/images_json/48.jpg,/Users/yuchiwu/Desktop/tongue_project/output/tip_middle_root_1_3_1/regions/舌尖/48.png,118348,0.2,0.6000000000000001,0.2,0.25,0.5,0.25
tip_middle_root_1_3_1,48,舌左邊,/Users/yuchiwu/Desktop/tongue_project/images_json/48.jpg,/Users/yuchiwu/Desktop/tongue_project/output/tip_middle_root_1_3_1/regions/舌左邊/48.png,188871,0.2,0.6000000000000001,0.2,0.25,0.5,0.25
tip_middle_root_1_3_1,48,舌中,/Users/yuchiwu/Desktop/tongue_project/images_json/48.jpg,/Users/yuchiwu/Desktop/tongue_project/output/tip_middle_root_1_3_1/regions/舌中/48.png,501695,0.2,0.6000000000000001,0.2,0.25,0.5,0.25
tip_middle_root_1_3_1,48,舌右邊,/Users/yuchiwu/Desktop/tongue_project/images_json/48.jpg,/Users/yuchiwu/Desktop/tongue_project/output/tip_middle_root_1_3_1/regions/舌右邊/48.png,93671,0.2,0.6000000000000001,0.2,0.25,0.5,0.25
tip_middle_root_1_3_1,49,舌根,/Users/yuchiwu/Desktop/tongue_project/images_json/49.jpg,/Users/yuchiwu/Desktop/tongue_project/output/tip_middle_root_1_3_1/regions/舌根/49.png,189773,0.2,0.6000000000000001,0.2,0.25,0.5,0.25
tip_middle_root_1_3_1,49,舌尖,/Users/yuchiwu/Desktop/tongue_project/images_json/49.jpg,/Users/yuchiwu/Desktop/tongue_project/output/tip_middle_root_1_3_1/regions/舌尖/49.png,195532,0.2,0.6000000000000001,0.2,0.25,0.5,0.25
tip_middle_root_1_3_1,49,舌左邊,/Users/yuchiwu/Desktop/tongue_project/images_json/49.jpg,/Users/yuchiwu/Desktop/tongue_project/output/tip_middle_root_1_3_1/regions/舌左邊/49.png,255574,0.2,0.6000000000000001,0.2,0.25,0.5,0.25
tip_middle_root_1_3_1,49,舌中,/Users/yuchiwu/Desktop/tongue_project/images_json/49.jpg,/Users/yuchiwu/Desktop/tongue_project/output/tip_middle_root_1_3_1/regions/舌中/49.png,526720,0.2,0.6000000000000001,0.2,0.25,0.5,0.25
tip_middle_root_1_3_1,49,舌右邊,/Users/yuchiwu/Desktop/tongue_project/images_json/49.jpg,/Users/yuchiwu/Desktop/tongue_project/output/tip_middle_root_1_3_1/regions/舌右邊/49.png,165596,0.2,0.6000000000000001,0.2,0.25,0.5,0.25
tip_middle_root_1_3_1,5,舌根,/Users/yuchiwu/Desktop/tongue_project/images_json/5.jpg,/Users/yuchiwu/Desktop/tongue_project/output/tip_middle_root_1_3_1/regions/舌根/5.png,155704,0.2,0.6000000000000001,0.2,0.25,0.5,0.25
tip_middle_root_1_3_1,5,舌尖,/Users/yuchiwu/Desktop/tongue_project/images_json/5.jpg,/Users/yuchiwu/Desktop/tongue_project/output/tip_middle_root_1_3_1/regions/舌尖/5.png,70292,0.2,0.6000000000000001,0.2,0.25,0.5,0.25
tip_middle_root_1_3_1,5,舌左邊,/Users/yuchiwu/Desktop/tongue_project/images_json/5.jpg,/Users/yuchiwu/Desktop/tongue_project/output/tip_middle_root_1_3_1/regions/舌左邊/5.png,87389,0.2,0.6000000000000001,0.2,0.25,0.5,0.25
tip_middle_root_1_3_1,5,舌中,/Users/yuchiwu/Desktop/tongue_project/images_json/5.jpg,/Users/yuchiwu/Desktop/tongue_project/output/tip_middle_root_1_3_1/regions/舌中/5.png,251550,0.2,0.6000000000000001,0.2,0.25,0.5,0.25
tip_middle_root_1_3_1,5,舌右邊,/Users/yuchiwu/Desktop/tongue_project/images_json/5.jpg,/Users/yuchiwu/Desktop/tongue_project/output/tip_middle_root_1_3_1/regions/舌右邊/5.png,109430,0.2,0.6000000000000001,0.2,0.25,0.5,0.25
tip_middle_root_1_3_1,50,舌根,/Users/yuchiwu/Desktop/tongue_project/images_json/50.jpg,/Users/yuchiwu/Desktop/tongue_project/output/tip_middle_root_1_3_1/regions/舌根/50.png,241973,0.2,0.6000000000000001,0.2,0.25,0.5,0.25
tip_middle_root_1_3_1,50,舌尖,/Users/yuchiwu/Desktop/tongue_project/images_json/50.jpg,/Users/yuchiwu/Desktop/tongue_project/output/tip_middle_root_1_3_1/regions/舌尖/50.png,134641,0.2,0.6000000000000001,0.2,0.25,0.5,0.25
tip_middle_root_1_3_1,50,舌左邊,/Users/yuchiwu/Desktop/tongue_project/images_json/50.jpg,/Users/yuchiwu/Desktop/tongue_project/output/tip_middle_root_1_3_1/regions/舌左邊/50.png,132095,0.2,0.6000000000000001,0.2,0.25,0.5,0.25
tip_middle_root_1_3_1,50,舌中,/Users/yuchiwu/Desktop/tongue_project/images_json/50.jpg,/Users/yuchiwu/Desktop/tongue_project/output/tip_middle_root_1_3_1/regions/舌中/50.png,464802,0.2,0.6000000000000001,0.2,0.25,0.5,0.25
tip_middle_root_1_3_1,50,舌右邊,/Users/yuchiwu/Desktop/tongue_project/images_json/50.jpg,/Users/yuchiwu/Desktop/tongue_project/output/tip_middle_root_1_3_1/regions/舌右邊/50.png,189862,0.2,0.6000000000000001,0.2,0.25,0.5,0.25
tip_middle_root_1_3_1,51,舌根,/Users/yuchiwu/Desktop/tongue_project/images_json/51.jpg,/Users/yuchiwu/Desktop/tongue_project/output/tip_middle_root_1_3_1/regions/舌根/51.png,189996,0.2,0.6000000000000001,0.2,0.25,0.5,0.25
tip_middle_root_1_3_1,51,舌尖,/Users/yuchiwu/Desktop/tongue_project/images_json/51.jpg,/Users/yuchiwu/Desktop/tongue_project/output/tip_middle_root_1_3_1/regions/舌尖/51.png,132867,0.2,0.6000000000000001,0.2,0.25,0.5,0.25
tip_middle_root_1_3_1,51,舌左邊,/Users/yuchiwu/Desktop/tongue_project/images_json/51.jpg,/Users/yuchiwu/Desktop/tongue_project/output/tip_middle_root_1_3_1/regions/舌左邊/51.png,166014,0.2,0.6000000000000001,0.2,0.25,0.5,0.25
tip_middle_root_1_3_1,51,舌中,/Users/yuchiwu/Desktop/tongue_project/images_json/51.jpg,/Users/yuchiwu/Desktop/tongue_project/output/tip_middle_root_1_3_1/regions/舌中/51.png,382402,0.2,0.6000000000000001,0.2,0.25,0.5,0.25
tip_middle_root_1_3_1,51,舌右邊,/Users/yuchiwu/Desktop/tongue_project/images_json/51.jpg,/Users/yuchiwu/Desktop/tongue_project/output/tip_middle_root_1_3_1/regions/舌右邊/51.png,117794,0.2,0.6000000000000001,0.2,0.25,0.5,0.25
tip_middle_root_1_3_1,52,舌根,/Users/yuchiwu/Desktop/tongue_project/images_json/52.jpg,/Users/yuchiwu/Desktop/tongue_project/output/tip_middle_root_1_3_1/regions/舌根/52.png,356550,0.2,0.6000000000000001,0.2,0.25,0.5,0.25
tip_middle_root_1_3_1,52,舌尖,/Users/yuchiwu/Desktop/tongue_project/images_json/52.jpg,/Users/yuchiwu/Desktop/tongue_project/output/tip_middle_root_1_3_1/regions/舌尖/52.png,272677,0.2,0.6000000000000001,0.2,0.25,0.5,0.25
tip_middle_root_1_3_1,52,舌左邊,/Users/yuchiwu/Desktop/tongue_project/images_json/52.jpg,/Users/yuchiwu/Desktop/tongue_project/output/tip_middle_root_1_3_1/regions/舌左邊/52.png,290541,0.2,0.6000000000000001,0.2,0.25,0.5,0.25
tip_middle_root_1_3_1,52,舌中,/Users/yuchiwu/Desktop/tongue_project/images_json/52.jpg,/Users/yuchiwu/Desktop/tongue_project/output/tip_middle_root_1_3_1/regions/舌中/52.png,711592,0.2,0.6000000000000001,0.2,0.25,0.5,0.25
tip_middle_root_1_3_1,52,舌右邊,/Users/yuchiwu/Desktop/tongue_project/images_json/52.jpg,/Users/yuchiwu/Desktop/tongue_project/output/tip_middle_root_1_3_1/regions/舌右邊/52.png,326379,0.2,0.6000000000000001,0.2,0.25,0.5,0.25
tip_middle_root_1_3_1,53,舌根,/Users/yuchiwu/Desktop/tongue_project/images_json/53.jpg,/Users/yuchiwu/Desktop/tongue_project/output/tip_middle_root_1_3_1/regions/舌根/53.png,301345,0.2,0.6000000000000001,0.2,0.25,0.5,0.25
tip_middle_root_1_3_1,53,舌尖,/Users/yuchiwu/Desktop/tongue_project/images_json/53.jpg,/Users/yuchiwu/Desktop/tongue_project/output/tip_middle_root_1_3_1/regions/舌尖/53.png,223083,0.2,0.6000000000000001,0.2,0.25,0.5,0.25
tip_middle_root_1_3_1,53,舌左邊,/Users/yuchiwu/Desktop/tongue_project/images_json/53.jpg,/Users/yuchiwu/Desktop/tongue_project/output/tip_middle_root_1_3_1/regions/舌左邊/53.png,286652,0.2,0.6000000000000001,0.2,0.25,0.5,0.25
tip_middle_root_1_3_1,53,舌中,/Users/yuchiwu/Desktop/tongue_project/images_json/53.jpg,/Users/yuchiwu/Desktop/tongue_project/output/tip_middle_root_1_3_1/regions/舌中/53.png,714922,0.2,0.6000000000000001,0.2,0.25,0.5,0.25
tip_middle_root_1_3_1,53,舌右邊,/Users/yuchiwu/Desktop/tongue_project/images_json/53.jpg,/Users/yuchiwu/Desktop/tongue_project/output/tip_middle_root_1_3_1/regions/舌右邊/53.png,306720,0.2,0.6000000000000001,0.2,0.25,0.5,0.25
tip_middle_root_1_3_1,54,舌根,/Users/yuchiwu/Desktop/tongue_project/images_json/54.jpg,/Users/yuchiwu/Desktop/tongue_project/output/tip_middle_root_1_3_1/regions/舌根/54.png,377212,0.2,0.6000000000000001,0.2,0.25,0.5,0.25
tip_middle_root_1_3_1,54,舌尖,/Users/yuchiwu/Desktop/tongue_project/images_json/54.jpg,/Users/yuchiwu/Desktop/tongue_project/output/tip_middle_root_1_3_1/regions/舌尖/54.png,292282,0.2,0.6000000000000001,0.2,0.25,0.5,0.25
tip_middle_root_1_3_1,54,舌左邊,/Users/yuchiwu/Desktop/tongue_project/images_json/54.jpg,/Users/yuchiwu/Desktop/tongue_project/output/tip_middle_root_1_3_1/regions/舌左邊/54.png,292380,0.2,0.6000000000000001,0.2,0.25,0.5,0.25
tip_middle_root_1_3_1,54,舌中,/Users/yuchiwu/Desktop/tongue_project/images_json/54.jpg,/Users/yuchiwu/Desktop/tongue_project/output/tip_middle_root_1_3_1/regions/舌中/54.png,692586,0.2,0.6000000000000001,0.2,0.25,0.5,0.25
tip_middle_root_1_3_1,54,舌右邊,/Users/yuchiwu/Desktop/tongue_project/images_json/54.jpg,/Users/yuchiwu/Desktop/tongue_project/output/tip_middle_root_1_3_1/regions/舌右邊/54.png,308572,0.2,0.6000000000000001,0.2,0.25,0.5,0.25
tip_middle_root_1_3_1,55,舌根,/Users/yuchiwu/Desktop/tongue_project/images_json/55.jpg,/Users/yuchiwu/Desktop/tongue_project/output/tip_middle_root_1_3_1/regions/舌根/55.png,403142,0.2,0.6000000000000001,0.2,0.25,0.5,0.25
tip_middle_root_1_3_1,55,舌尖,/Users/yuchiwu/Desktop/tongue_project/images_json/55.jpg,/Users/yuchiwu/Desktop/tongue_project/output/tip_middle_root_1_3_1/regions/舌尖/55.png,261943,0.2,0.6000000000000001,0.2,0.25,0.5,0.25
tip_middle_root_1_3_1,55,舌左邊,/Users/yuchiwu/Desktop/tongue_project/images_json/55.jpg,/Users/yuchiwu/Desktop/tongue_project/output/tip_middle_root_1_3_1/regions/舌左邊/55.png,306842,0.2,0.6000000000000001,0.2,0.25,0.5,0.25
tip_middle_root_1_3_1,55,舌中,/Users/yuchiwu/Desktop/tongue_project/images_json/55.jpg,/Users/yuchiwu/Desktop/tongue_project/output/tip_middle_root_1_3_1/regions/舌中/55.png,795168,0.2,0.6000000000000001,0.2,0.25,0.5,0.25
tip_middle_root_1_3_1,55,舌右邊,/Users/yuchiwu/Desktop/tongue_project/images_json/55.jpg,/Users/yuchiwu/Desktop/tongue_project/output/tip_middle_root_1_3_1/regions/舌右邊/55.png,279671,0.2,0.6000000000000001,0.2,0.25,0.5,0.25
tip_middle_root_1_3_1,56,舌根,/Users/yuchiwu/Desktop/tongue_project/images_json/56.jpg,/Users/yuchiwu/Desktop/tongue_project/output/tip_middle_root_1_3_1/regions/舌根/56.png,348419,0.2,0.6000000000000001,0.2,0.25,0.5,0.25
tip_middle_root_1_3_1,56,舌尖,/Users/yuchiwu/Desktop/tongue_project/images_json/56.jpg,/Users/yuchiwu/Desktop/tongue_project/output/tip_middle_root_1_3_1/regions/舌尖/56.png,209730,0.2,0.6000000000000001,0.2,0.25,0.5,0.25
tip_middle_root_1_3_1,56,舌左邊,/Users/yuchiwu/Desktop/tongue_project/images_json/56.jpg,/Users/yuchiwu/Desktop/tongue_project/output/tip_middle_root_1_3_1/regions/舌左邊/56.png,260051,0.2,0.6000000000000001,0.2,0.25,0.5,0.25
tip_middle_root_1_3_1,56,舌中,/Users/yuchiwu/Desktop/tongue_project/images_json/56.jpg,/Users/yuchiwu/Desktop/tongue_project/output/tip_middle_root_1_3_1/regions/舌中/56.png,638064,0.2,0.6000000000000001,0.2,0.25,0.5,0.25
tip_middle_root_1_3_1,56,舌右邊,/Users/yuchiwu/Desktop/tongue_project/images_json/56.jpg,/Users/yuchiwu/Desktop/tongue_project/output/tip_middle_root_1_3_1/regions/舌右邊/56.png,269632,0.2,0.6000000000000001,0.2,0.25,0.5,0.25
tip_middle_root_1_3_1,57,舌根,/Users/yuchiwu/Desktop/tongue_project/images_json/57.jpg,/Users/yuchiwu/Desktop/tongue_project/output/tip_middle_root_1_3_1/regions/舌根/57.png,236275,0.2,0.6000000000000001,0.2,0.25,0.5,0.25
tip_middle_root_1_3_1,57,舌尖,/Users/yuchiwu/Desktop/tongue_project/images_json/57.jpg,/Users/yuchiwu/Desktop/tongue_project/output/tip_middle_root_1_3_1/regions/舌尖/57.png,138156,0.2,0.6000000000000001,0.2,0.25,0.5,0.25
tip_middle_root_1_3_1,57,舌左邊,/Users/yuchiwu/Desktop/tongue_project/images_json/57.jpg,/Users/yuchiwu/Desktop/tongue_project/output/tip_middle_root_1_3_1/regions/舌左邊/57.png,157649,0.2,0.6000000000000001,0.2,0.25,0.5,0.25
tip_middle_root_1_3_1,57,舌中,/Users/yuchiwu/Desktop/tongue_project/images_json/57.jpg,/Users/yuchiwu/Desktop/tongue_project/output/tip_middle_root_1_3_1/regions/舌中/57.png,606684,0.2,0.6000000000000001,0.2,0.25,0.5,0.25
tip_middle_root_1_3_1,57,舌右邊,/Users/yuchiwu/Desktop/tongue_project/images_json/57.jpg,/Users/yuchiwu/Desktop/tongue_project/output/tip_middle_root_1_3_1/regions/舌右邊/57.png,267984,0.2,0.6000000000000001,0.2,0.25,0.5,0.25
tip_middle_root_1_3_1,58,舌根,/Users/yuchiwu/Desktop/tongue_project/images_json/58.jpg,/Users/yuchiwu/Desktop/tongue_project/output/tip_middle_root_1_3_1/regions/舌根/58.png,287781,0.2,0.6000000000000001,0.2,0.25,0.5,0.25
tip_middle_root_1_3_1,58,舌尖,/Users/yuchiwu/Desktop/tongue_project/images_json/58.jpg,/Users/yuchiwu/Desktop/tongue_project/output/tip_middle_root_1_3_1/regions/舌尖/58.png,236475,0.2,0.6000000000000001,0.2,0.25,0.5,0.25
tip_middle_root_1_3_1,58,舌左邊,/Users/yuchiwu/Desktop/tongue_project/images_json/58.jpg,/Users/yuchiwu/Desktop/tongue_project/output/tip_middle_root_1_3_1/regions/舌左邊/58.png,252539,0.2,0.6000000000000001,0.2,0.25,0.5,0.25
tip_middle_root_1_3_1,58,舌中,/Users/yuchiwu/Desktop/tongue_project/images_json/58.jpg,/Users/yuchiwu/Desktop/tongue_project/output/tip_middle_root_1_3_1/regions/舌中/58.png,578500,0.2,0.6000000000000001,0.2,0.25,0.5,0.25
tip_middle_root_1_3_1,58,舌右邊,/Users/yuchiwu/Desktop/tongue_project/images_json/58.jpg,/Users/yuchiwu/Desktop/tongue_project/output/tip_middle_root_1_3_1/regions/舌右邊/58.png,265365,0.2,0.6000000000000001,0.2,0.25,0.5,0.25
tip_middle_root_1_3_1,59,舌根,/Users/yuchiwu/Desktop/tongue_project/images_json/59.jpg,/Users/yuchiwu/Desktop/tongue_project/output/tip_middle_root_1_3_1/regions/舌根/59.png,306267,0.2,0.6000000000000001,0.2,0.25,0.5,0.25
tip_middle_root_1_3_1,59,舌尖,/Users/yuchiwu/Desktop/tongue_project/images_json/59.jpg,/Users/yuchiwu/Desktop/tongue_project/output/tip_middle_root_1_3_1/regions/舌尖/59.png,161058,0.2,0.6000000000000001,0.2,0.25,0.5,0.25
tip_middle_root_1_3_1,59,舌左邊,/Users/yuchiwu/Desktop/tongue_project/images_json/59.jpg,/Users/yuchiwu/Desktop/tongue_project/output/tip_middle_root_1_3_1/regions/舌左邊/59.png,233836,0.2,0.6000000000000001,0.2,0.25,0.5,0.25
tip_middle_root_1_3_1,59,舌中,/Users/yuchiwu/Desktop/tongue_project/images_json/59.jpg,/Users/yuchiwu/Desktop/tongue_project/output/tip_middle_root_1_3_1/regions/舌中/59.png,597618,0.2,0.6000000000000001,0.2,0.25,0.5,0.25
tip_middle_root_1_3_1,59,舌右邊,/Users/yuchiwu/Desktop/tongue_project/images_json/59.jpg,/Users/yuchiwu/Desktop/tongue_project/output/tip_middle_root_1_3_1/regions/舌右邊/59.png,221865,0.2,0.6000000000000001,0.2,0.25,0.5,0.25
tip_middle_root_1_3_1,6,舌根,/Users/yuchiwu/Desktop/tongue_project/images_json/6.jpg,/Users/yuchiwu/Desktop/tongue_project/output/tip_middle_root_1_3_1/regions/舌根/6.png,114900,0.2,0.6000000000000001,0.2,0.25,0.5,0.25
tip_middle_root_1_3_1,6,舌尖,/Users/yuchiwu/Desktop/tongue_project/images_json/6.jpg,/Users/yuchiwu/Desktop/tongue_project/output/tip_middle_root_1_3_1/regions/舌尖/6.png,66238,0.2,0.6000000000000001,0.2,0.25,0.5,0.25
tip_middle_root_1_3_1,6,舌左邊,/Users/yuchiwu/Desktop/tongue_project/images_json/6.jpg,/Users/yuchiwu/Desktop/tongue_project/output/tip_middle_root_1_3_1/regions/舌左邊/6.png,87257,0.2,0.6000000000000001,0.2,0.25,0.5,0.25
tip_middle_root_1_3_1,6,舌中,/Users/yuchiwu/Desktop/tongue_project/images_json/6.jpg,/Users/yuchiwu/Desktop/tongue_project/output/tip_middle_root_1_3_1/regions/舌中/6.png,228360,0.2,0.6000000000000001,0.2,0.25,0.5,0.25
tip_middle_root_1_3_1,6,舌右邊,/Users/yuchiwu/Desktop/tongue_project/images_json/6.jpg,/Users/yuchiwu/Desktop/tongue_project/output/tip_middle_root_1_3_1/regions/舌右邊/6.png,41695,0.2,0.6000000000000001,0.2,0.25,0.5,0.25
tip_middle_root_1_3_1,60,舌根,/Users/yuchiwu/Desktop/tongue_project/images_json/60.jpg,/Users/yuchiwu/Desktop/tongue_project/output/tip_middle_root_1_3_1/regions/舌根/60.png,237197,0.2,0.6000000000000001,0.2,0.25,0.5,0.25
tip_middle_root_1_3_1,60,舌尖,/Users/yuchiwu/Desktop/tongue_project/images_json/60.jpg,/Users/yuchiwu/Desktop/tongue_project/output/tip_middle_root_1_3_1/regions/舌尖/60.png,204487,0.2,0.6000000000000001,0.2,0.25,0.5,0.25
tip_middle_root_1_3_1,60,舌左邊,/Users/yuchiwu/Desktop/tongue_project/images_json/60.jpg,/Users/yuchiwu/Desktop/tongue_project/output/tip_middle_root_1_3_1/regions/舌左邊/60.png,231081,0.2,0.6000000000000001,0.2,0.25,0.5,0.25
tip_middle_root_1_3_1,60,舌中,/Users/yuchiwu/Desktop/tongue_project/images_json/60.jpg,/Users/yuchiwu/Desktop/tongue_project/output/tip_middle_root_1_3_1/regions/舌中/60.png,558360,0.2,0.6000000000000001,0.2,0.25,0.5,0.25
tip_middle_root_1_3_1,60,舌右邊,/Users/yuchiwu/Desktop/tongue_project/images_json/60.jpg,/Users/yuchiwu/Desktop/tongue_project/output/tip_middle_root_1_3_1/regions/舌右邊/60.png,240941,0.2,0.6000000000000001,0.2,0.25,0.5,0.25
tip_middle_root_1_3_1,64,舌根,/Users/yuchiwu/Desktop/tongue_project/images_json/64.jpg,/Users/yuchiwu/Desktop/tongue_project/output/tip_middle_root_1_3_1/regions/舌根/64.png,314860,0.2,0.6000000000000001,0.2,0.25,0.5,0.25
tip_middle_root_1_3_1,64,舌尖,/Users/yuchiwu/Desktop/tongue_project/images_json/64.jpg,/Users/yuchiwu/Desktop/tongue_project/output/tip_middle_root_1_3_1/regions/舌尖/64.png,188809,0.2,0.6000000000000001,0.2,0.25,0.5,0.25
tip_middle_root_1_3_1,64,舌左邊,/Users/yuchiwu/Desktop/tongue_project/images_json/64.jpg,/Users/yuchiwu/Desktop/tongue_project/output/tip_middle_root_1_3_1/regions/舌左邊/64.png,238844,0.2,0.6000000000000001,0.2,0.25,0.5,0.25
tip_middle_root_1_3_1,64,舌中,/Users/yuchiwu/Desktop/tongue_project/images_json/64.jpg,/Users/yuchiwu/Desktop/tongue_project/output/tip_middle_root_1_3_1/regions/舌中/64.png,589536,0.2,0.6000000000000001,0.2,0.25,0.5,0.25
tip_middle_root_1_3_1,64,舌右邊,/Users/yuchiwu/Desktop/tongue_project/images_json/64.jpg,/Users/yuchiwu/Desktop/tongue_project/output/tip_middle_root_1_3_1/regions/舌右邊/64.png,232288,0.2,0.6000000000000001,0.2,0.25,0.5,0.25
tip_middle_root_1_3_1,68,舌根,/Users/yuchiwu/Desktop/tongue_project/images_json/68.jpg,/Users/yuchiwu/Desktop/tongue_project/output/tip_middle_root_1_3_1/regions/舌根/68.png,192640,0.2,0.6000000000000001,0.2,0.25,0.5,0.25
tip_middle_root_1_3_1,68,舌尖,/Users/yuchiwu/Desktop/tongue_project/images_json/68.jpg,/Users/yuchiwu/Desktop/tongue_project/output/tip_middle_root_1_3_1/regions/舌尖/68.png,125699,0.2,0.6000000000000001,0.2,0.25,0.5,0.25
tip_middle_root_1_3_1,68,舌左邊,/Users/yuchiwu/Desktop/tongue_project/images_json/68.jpg,/Users/yuchiwu/Desktop/tongue_project/output/tip_middle_root_1_3_1/regions/舌左邊/68.png,126283,0.2,0.6000000000000001,0.2,0.25,0.5,0.25
tip_middle_root_1_3_1,68,舌中,/Users/yuchiwu/Desktop/tongue_project/images_json/68.jpg,/Users/yuchiwu/Desktop/tongue_project/output/tip_middle_root_1_3_1/regions/舌中/68.png,370682,0.2,0.6000000000000001,0.2,0.25,0.5,0.25
tip_middle_root_1_3_1,68,舌右邊,/Users/yuchiwu/Desktop/tongue_project/images_json/68.jpg,/Users/yuchiwu/Desktop/tongue_project/output/tip_middle_root_1_3_1/regions/舌右邊/68.png,176306,0.2,0.6000000000000001,0.2,0.25,0.5,0.25
tip_middle_root_1_3_1,7,舌根,/Users/yuchiwu/Desktop/tongue_project/images_json/7.jpg,/Users/yuchiwu/Desktop/tongue_project/output/tip_middle_root_1_3_1/regions/舌根/7.png,173689,0.2,0.6000000000000001,0.2,0.25,0.5,0.25
tip_middle_root_1_3_1,7,舌尖,/Users/yuchiwu/Desktop/tongue_project/images_json/7.jpg,/Users/yuchiwu/Desktop/tongue_project/output/tip_middle_root_1_3_1/regions/舌尖/7.png,129100,0.2,0.6000000000000001,0.2,0.25,0.5,0.25
tip_middle_root_1_3_1,7,舌左邊,/Users/yuchiwu/Desktop/tongue_project/images_json/7.jpg,/Users/yuchiwu/Desktop/tongue_project/output/tip_middle_root_1_3_1/regions/舌左邊/7.png,139635,0.2,0.6000000000000001,0.2,0.25,0.5,0.25
tip_middle_root_1_3_1,7,舌中,/Users/yuchiwu/Desktop/tongue_project/images_json/7.jpg,/Users/yuchiwu/Desktop/tongue_project/output/tip_middle_root_1_3_1/regions/舌中/7.png,413722,0.2,0.6000000000000001,0.2,0.25,0.5,0.25
tip_middle_root_1_3_1,7,舌右邊,/Users/yuchiwu/Desktop/tongue_project/images_json/7.jpg,/Users/yuchiwu/Desktop/tongue_project/output/tip_middle_root_1_3_1/regions/舌右邊/7.png,170639,0.2,0.6000000000000001,0.2,0.25,0.5,0.25
tip_middle_root_1_3_1,70,舌根,/Users/yuchiwu/Desktop/tongue_project/images_json/70.jpg,/Users/yuchiwu/Desktop/tongue_project/output/tip_middle_root_1_3_1/regions/舌根/70.png,107744,0.2,0.6000000000000001,0.2,0.25,0.5,0.25
tip_middle_root_1_3_1,70,舌尖,/Users/yuchiwu/Desktop/tongue_project/images_json/70.jpg,/Users/yuchiwu/Desktop/tongue_project/output/tip_middle_root_1_3_1/regions/舌尖/70.png,64140,0.2,0.6000000000000001,0.2,0.25,0.5,0.25
tip_middle_root_1_3_1,70,舌左邊,/Users/yuchiwu/Desktop/tongue_project/images_json/70.jpg,/Users/yuchiwu/Desktop/tongue_project/output/tip_middle_root_1_3_1/regions/舌左邊/70.png,89374,0.2,0.6000000000000001,0.2,0.25,0.5,0.25
tip_middle_root_1_3_1,70,舌中,/Users/yuchiwu/Desktop/tongue_project/images_json/70.jpg,/Users/yuchiwu/Desktop/tongue_project/output/tip_middle_root_1_3_1/regions/舌中/70.png,228259,0.2,0.6000000000000001,0.2,0.25,0.5,0.25
tip_middle_root_1_3_1,70,舌右邊,/Users/yuchiwu/Desktop/tongue_project/images_json/70.jpg,/Users/yuchiwu/Desktop/tongue_project/output/tip_middle_root_1_3_1/regions/舌右邊/70.png,82474,0.2,0.6000000000000001,0.2,0.25,0.5,0.25
tip_middle_root_1_3_1,72,舌根,/Users/yuchiwu/Desktop/tongue_project/images_json/72.jpg,/Users/yuchiwu/Desktop/tongue_project/output/tip_middle_root_1_3_1/regions/舌根/72.png,222562,0.2,0.6000000000000001,0.2,0.25,0.5,0.25
tip_middle_root_1_3_1,72,舌尖,/Users/yuchiwu/Desktop/tongue_project/images_json/72.jpg,/Users/yuchiwu/Desktop/tongue_project/output/tip_middle_root_1_3_1/regions/舌尖/72.png,251532,0.2,0.6000000000000001,0.2,0.25,0.5,0.25
tip_middle_root_1_3_1,72,舌左邊,/Users/yuchiwu/Desktop/tongue_project/images_json/72.jpg,/Users/yuchiwu/Desktop/tongue_project/output/tip_middle_root_1_3_1/regions/舌左邊/72.png,318753,0.2,0.6000000000000001,0.2,0.25,0.5,0.25
tip_middle_root_1_3_1,72,舌中,/Users/yuchiwu/Desktop/tongue_project/images_json/72.jpg,/Users/yuchiwu/Desktop/tongue_project/output/tip_middle_root_1_3_1/regions/舌中/72.png,712556,0.2,0.6000000000000001,0.2,0.25,0.5,0.25
tip_middle_root_1_3_1,72,舌右邊,/Users/yuchiwu/Desktop/tongue_project/images_json/72.jpg,/Users/yuchiwu/Desktop/tongue_project/output/tip_middle_root_1_3_1/regions/舌右邊/72.png,306898,0.2,0.6000000000000001,0.2,0.25,0.5,0.25
tip_middle_root_1_3_1,74,舌根,/Users/yuchiwu/Desktop/tongue_project/images_json/74.jpg,/Users/yuchiwu/Desktop/tongue_project/output/tip_middle_root_1_3_1/regions/舌根/74.png,390267,0.2,0.6000000000000001,0.2,0.25,0.5,0.25
tip_middle_root_1_3_1,74,舌尖,/Users/yuchiwu/Desktop/tongue_project/images_json/74.jpg,/Users/yuchiwu/Desktop/tongue_project/output/tip_middle_root_1_3_1/regions/舌尖/74.png,394385,0.2,0.6000000000000001,0.2,0.25,0.5,0.25
tip_middle_root_1_3_1,74,舌左邊,/Users/yuchiwu/Desktop/tongue_project/images_json/74.jpg,/Users/yuchiwu/Desktop/tongue_project/output/tip_middle_root_1_3_1/regions/舌左邊/74.png,362596,0.2,0.6000000000000001,0.2,0.25,0.5,0.25
tip_middle_root_1_3_1,74,舌中,/Users/yuchiwu/Desktop/tongue_project/images_json/74.jpg,/Users/yuchiwu/Desktop/tongue_project/output/tip_middle_root_1_3_1/regions/舌中/74.png,848022,0.2,0.6000000000000001,0.2,0.25,0.5,0.25
tip_middle_root_1_3_1,74,舌右邊,/Users/yuchiwu/Desktop/tongue_project/images_json/74.jpg,/Users/yuchiwu/Desktop/tongue_project/output/tip_middle_root_1_3_1/regions/舌右邊/74.png,376302,0.2,0.6000000000000001,0.2,0.25,0.5,0.25
tip_middle_root_1_3_1,8,舌根,/Users/yuchiwu/Desktop/tongue_project/images_json/8.jpg,/Users/yuchiwu/Desktop/tongue_project/output/tip_middle_root_1_3_1/regions/舌根/8.png,231745,0.2,0.6000000000000001,0.2,0.25,0.5,0.25
tip_middle_root_1_3_1,8,舌尖,/Users/yuchiwu/Desktop/tongue_project/images_json/8.jpg,/Users/yuchiwu/Desktop/tongue_project/output/tip_middle_root_1_3_1/regions/舌尖/8.png,151026,0.2,0.6000000000000001,0.2,0.25,0.5,0.25
tip_middle_root_1_3_1,8,舌左邊,/Users/yuchiwu/Desktop/tongue_project/images_json/8.jpg,/Users/yuchiwu/Desktop/tongue_project/output/tip_middle_root_1_3_1/regions/舌左邊/8.png,157967,0.2,0.6000000000000001,0.2,0.25,0.5,0.25
tip_middle_root_1_3_1,8,舌中,/Users/yuchiwu/Desktop/tongue_project/images_json/8.jpg,/Users/yuchiwu/Desktop/tongue_project/output/tip_middle_root_1_3_1/regions/舌中/8.png,456600,0.2,0.6000000000000001,0.2,0.25,0.5,0.25
tip_middle_root_1_3_1,8,舌右邊,/Users/yuchiwu/Desktop/tongue_project/images_json/8.jpg,/Users/yuchiwu/Desktop/tongue_project/output/tip_middle_root_1_3_1/regions/舌右邊/8.png,206343,0.2,0.6000000000000001,0.2,0.25,0.5,0.25
tip_middle_root_1_3_1,85,舌根,/Users/yuchiwu/Desktop/tongue_project/images_json/85.jpg,/Users/yuchiwu/Desktop/tongue_project/output/tip_middle_root_1_3_1/regions/舌根/85.png,255498,0.2,0.6000000000000001,0.2,0.25,0.5,0.25
tip_middle_root_1_3_1,85,舌尖,/Users/yuchiwu/Desktop/tongue_project/images_json/85.jpg,/Users/yuchiwu/Desktop/tongue_project/output/tip_middle_root_1_3_1/regions/舌尖/85.png,157723,0.2,0.6000000000000001,0.2,0.25,0.5,0.25
tip_middle_root_1_3_1,85,舌左邊,/Users/yuchiwu/Desktop/tongue_project/images_json/85.jpg,/Users/yuchiwu/Desktop/tongue_project/output/tip_middle_root_1_3_1/regions/舌左邊/85.png,157126,0.2,0.6000000000000001,0.2,0.25,0.5,0.25
tip_middle_root_1_3_1,85,舌中,/Users/yuchiwu/Desktop/tongue_project/images_json/85.jpg,/Users/yuchiwu/Desktop/tongue_project/output/tip_middle_root_1_3_1/regions/舌中/85.png,483575,0.2,0.6000000000000001,0.2,0.25,0.5,0.25
tip_middle_root_1_3_1,85,舌右邊,/Users/yuchiwu/Desktop/tongue_project/images_json/85.jpg,/Users/yuchiwu/Desktop/tongue_project/output/tip_middle_root_1_3_1/regions/舌右邊/85.png,112433,0.2,0.6000000000000001,0.2,0.25,0.5,0.25
tip_middle_root_1_3_1,87,舌根,/Users/yuchiwu/Desktop/tongue_project/images_json/87.jpg,/Users/yuchiwu/Desktop/tongue_project/output/tip_middle_root_1_3_1/regions/舌根/87.png,110305,0.2,0.6000000000000001,0.2,0.25,0.5,0.25
tip_middle_root_1_3_1,87,舌尖,/Users/yuchiwu/Desktop/tongue_project/images_json/87.jpg,/Users/yuchiwu/Desktop/tongue_project/output/tip_middle_root_1_3_1/regions/舌尖/87.png,71647,0.2,0.6000000000000001,0.2,0.25,0.5,0.25
tip_middle_root_1_3_1,87,舌左邊,/Users/yuchiwu/Desktop/tongue_project/images_json/87.jpg,/Users/yuchiwu/Desktop/tongue_project/output/tip_middle_root_1_3_1/regions/舌左邊/87.png,91948,0.2,0.6000000000000001,0.2,0.25,0.5,0.25
tip_middle_root_1_3_1,87,舌中,/Users/yuchiwu/Desktop/tongue_project/images_json/87.jpg,/Users/yuchiwu/Desktop/tongue_project/output/tip_middle_root_1_3_1/regions/舌中/87.png,246168,0.2,0.6000000000000001,0.2,0.25,0.5,0.25
tip_middle_root_1_3_1,87,舌右邊,/Users/yuchiwu/Desktop/tongue_project/images_json/87.jpg,/Users/yuchiwu/Desktop/tongue_project/output/tip_middle_root_1_3_1/regions/舌右邊/87.png,107953,0.2,0.6000000000000001,0.2,0.25,0.5,0.25
tip_middle_root_1_3_1,9,舌根,/Users/yuchiwu/Desktop/tongue_project/images_json/9.jpg,/Users/yuchiwu/Desktop/tongue_project/output/tip_middle_root_1_3_1/regions/舌根/9.png,171328,0.2,0.6000000000000001,0.2,0.25,0.5,0.25
tip_middle_root_1_3_1,9,舌尖,/Users/yuchiwu/Desktop/tongue_project/images_json/9.jpg,/Users/yuchiwu/Desktop/tongue_project/output/tip_middle_root_1_3_1/regions/舌尖/9.png,129485,0.2,0.6000000000000001,0.2,0.25,0.5,0.25
tip_middle_root_1_3_1,9,舌左邊,/Users/yuchiwu/Desktop/tongue_project/images_json/9.jpg,/Users/yuchiwu/Desktop/tongue_project/output/tip_middle_root_1_3_1/regions/舌左邊/9.png,159598,0.2,0.6000000000000001,0.2,0.25,0.5,0.25
tip_middle_root_1_3_1,9,舌中,/Users/yuchiwu/Desktop/tongue_project/images_json/9.jpg,/Users/yuchiwu/Desktop/tongue_project/output/tip_middle_root_1_3_1/regions/舌中/9.png,366448,0.2,0.6000000000000001,0.2,0.25,0.5,0.25
tip_middle_root_1_3_1,9,舌右邊,/Users/yuchiwu/Desktop/tongue_project/images_json/9.jpg,/Users/yuchiwu/Desktop/tongue_project/output/tip_middle_root_1_3_1/regions/舌右邊/9.png,152702,0.2,0.6000000000000001,0.2,0.25,0.5,0.25
tip_middle_root_1_3_1,96,舌根,/Users/yuchiwu/Desktop/tongue_project/images_json/96.jpg,/Users/yuchiwu/Desktop/tongue_project/output/tip_middle_root_1_3_1/regions/舌根/96.png,140577,0.2,0.6000000000000001,0.2,0.25,0.5,0.25
tip_middle_root_1_3_1,96,舌尖,/Users/yuchiwu/Desktop/tongue_project/images_json/96.jpg,/Users/yuchiwu/Desktop/tongue_project/output/tip_middle_root_1_3_1/regions/舌尖/96.png,72528,0.2,0.6000000000000001,0.2,0.25,0.5,0.25
tip_middle_root_1_3_1,96,舌左邊,/Users/yuchiwu/Desktop/tongue_project/images_json/96.jpg,/Users/yuchiwu/Desktop/tongue_project/output/tip_middle_root_1_3_1/regions/舌左邊/96.png,112388,0.2,0.6000000000000001,0.2,0.25,0.5,0.25
tip_middle_root_1_3_1,96,舌中,/Users/yuchiwu/Desktop/tongue_project/images_json/96.jpg,/Users/yuchiwu/Desktop/tongue_project/output/tip_middle_root_1_3_1/regions/舌中/96.png,277730,0.2,0.6000000000000001,0.2,0.25,0.5,0.25
tip_middle_root_1_3_1,96,舌右邊,/Users/yuchiwu/Desktop/tongue_project/images_json/96.jpg,/Users/yuchiwu/Desktop/tongue_project/output/tip_middle_root_1_3_1/regions/舌右邊/96.png,89275,0.2,0.6000000000000001,0.2,0.25,0.5,0.25
