image_id,region,color,label,D1,D2,D3,D4,positive_votes,agreement_type
1,舌尖,淡紅,舌尖_淡紅,1,0,0,0,1,3:1
1,舌尖,淡白,舌尖_淡白,0,0,0,0,0,4:0
1,舌尖,鮮紅,舌尖_鮮紅,0,0,0,0,0,4:0
1,舌尖,暗紅,舌尖_暗紅,0,0,0,0,0,4:0
1,舌尖,青紫,舌尖_青紫,0,1,1,1,3,3:1
1,舌尖,灰黑,舌尖_灰黑,0,0,0,0,0,4:0
1,舌中,淡紅,舌中_淡紅,0,0,0,0,0,4:0
1,舌中,淡白,舌中_淡白,0,0,0,0,0,4:0
1,舌中,鮮紅,舌中_鮮紅,0,0,0,0,0,4:0
1,舌中,暗紅,舌中_暗紅,1,1,1,0,3,3:1
1,舌中,青紫,舌中_青紫,0,0,0,1,1,3:1
1,舌中,灰黑,舌中_灰黑,0,0,0,0,0,4:0
1,舌左邊,淡紅,舌左邊_淡紅,0,0,0,0,0,4:0
1,舌左邊,淡白,舌左邊_淡白,0,0,0,0,0,4:0
1,舌左邊,鮮紅,舌左邊_鮮紅,0,0,0,0,0,4:0
1,舌左邊,暗紅,舌左邊_暗紅,0,1,1,1,3,3:1
1,舌左邊,青紫,舌左邊_青紫,1,0,0,1,2,2:2
1,舌左邊,灰黑,舌左邊_灰黑,0,0,0,0,0,4:0
1,舌右邊,淡紅,舌右邊_淡紅,0,0,0,0,0,4:0
1,舌右邊,淡白,舌右邊_淡白,0,0,0,0,0,4:0
1,舌右邊,鮮紅,舌右邊_鮮紅,0,0,0,0,0,4:0
1,舌右邊,暗紅,舌右邊_暗紅,0,1,1,1,3,3:1
1,舌右邊,青紫,舌右邊_青紫,1,0,0,0,1,3:1
1,舌右邊,灰黑,舌右邊_灰黑,0,0,0,0,0,4:0
1,舌根,淡紅,舌根_淡紅,0,0,0,0,0,4:0
1,舌根,淡白,舌根_淡白,0,0,0,0,0,4:0
1,舌根,鮮紅,舌根_鮮紅,0,0,0,0,0,4:0
1,舌根,暗紅,舌根_暗紅,0,1,1,1,3,3:1
1,舌根,青紫,舌根_青紫,0,0,0,0,0,4:0
1,舌根,灰黑,舌根_灰黑,1,0,0,0,1,3:1
10,舌尖,淡紅,舌尖_淡紅,0,0,0,0,0,4:0
10,舌尖,淡白,舌尖_淡白,0,0,0,0,0,4:0
10,舌尖,鮮紅,舌尖_鮮紅,1,1,1,1,4,4:0
10,舌尖,暗紅,舌尖_暗紅,0,0,0,1,1,3:1
10,舌尖,青紫,舌尖_青紫,0,0,0,0,0,4:0
10,舌尖,灰黑,舌尖_灰黑,0,0,0,0,0,4:0
10,舌中,淡紅,舌中_淡紅,0,0,0,0,0,4:0
10,舌中,淡白,舌中_淡白,0,0,0,0,0,4:0
10,舌中,鮮紅,舌中_鮮紅,0,1,1,1,3,3:1
10,舌中,暗紅,舌中_暗紅,1,0,0,1,2,2:2
10,舌中,青紫,舌中_青紫,0,0,0,0,0,4:0
10,舌中,灰黑,舌中_灰黑,0,0,0,0,0,4:0
10,舌左邊,淡紅,舌左邊_淡紅,0,0,0,0,0,4:0
10,舌左邊,淡白,舌左邊_淡白,0,0,0,0,0,4:0
10,舌左邊,鮮紅,舌左邊_鮮紅,0,1,1,1,3,3:1
10,舌左邊,暗紅,舌左邊_暗紅,0,0,0,1,1,3:1
10,舌左邊,青紫,舌左邊_青紫,1,0,0,0,1,3:1
10,舌左邊,灰黑,舌左邊_灰黑,0,0,0,0,0,4:0
10,舌右邊,淡紅,舌右邊_淡紅,0,0,0,0,0,4:0
10,舌右邊,淡白,舌右邊_淡白,0,0,0,0,0,4:0
10,舌右邊,鮮紅,舌右邊_鮮紅,0,1,1,1,3,3:1
10,舌右邊,暗紅,舌右邊_暗紅,0,0,0,1,1,3:1
10,舌右邊,青紫,舌右邊_青紫,1,0,0,0,1,3:1
10,舌右邊,灰黑,舌右邊_灰黑,0,0,0,0,0,4:0
10,舌根,淡紅,舌根_淡紅,0,0,0,0,0,4:0
10,舌根,淡白,舌根_淡白,0,0,0,0,0,4:0
10,舌根,鮮紅,舌根_鮮紅,0,1,1,1,3,3:1
10,舌根,暗紅,舌根_暗紅,1,0,0,1,2,2:2
10,舌根,青紫,舌根_青紫,0,0,0,0,0,4:0
10,舌根,灰黑,舌根_灰黑,0,0,0,0,0,4:0
100,舌尖,淡紅,舌尖_淡紅,0,0,0,0,0,4:0
100,舌尖,淡白,舌尖_淡白,0,0,0,0,0,4:0
100,舌尖,鮮紅,舌尖_鮮紅,1,0,1,0,2,2:2
100,舌尖,暗紅,舌尖_暗紅,0,0,1,0,1,3:1
100,舌尖,青紫,舌尖_青紫,1,1,1,1,4,4:0
100,舌尖,灰黑,舌尖_灰黑,0,0,0,0,0,4:0
100,舌中,淡紅,舌中_淡紅,0,1,0,1,2,2:2
100,舌中,淡白,舌中_淡白,0,0,0,0,0,4:0
100,舌中,鮮紅,舌中_鮮紅,1,0,1,0,2,2:2
100,舌中,暗紅,舌中_暗紅,0,0,1,0,1,3:1
100,舌中,青紫,舌中_青紫,1,0,1,0,2,2:2
100,舌中,灰黑,舌中_灰黑,0,0,0,0,0,4:0
100,舌左邊,淡紅,舌左邊_淡紅,0,1,0,1,2,2:2
100,舌左邊,淡白,舌左邊_淡白,0,0,0,0,0,4:0
100,舌左邊,鮮紅,舌左邊_鮮紅,1,0,1,0,2,2:2
100,舌左邊,暗紅,舌左邊_暗紅,0,0,1,0,1,3:1
100,舌左邊,青紫,舌左邊_青紫,1,0,1,0,2,2:2
100,舌左邊,灰黑,舌左邊_灰黑,0,0,0,0,0,4:0
100,舌右邊,淡紅,舌右邊_淡紅,0,1,0,1,2,2:2
100,舌右邊,淡白,舌右邊_淡白,0,0,0,0,0,4:0
100,舌右邊,鮮紅,舌右邊_鮮紅,1,0,1,0,2,2:2
100,舌右邊,暗紅,舌右邊_暗紅,0,0,1,0,1,3:1
100,舌右邊,青紫,舌右邊_青紫,1,0,1,0,2,2:2
100,舌右邊,灰黑,舌右邊_灰黑,0,0,0,0,0,4:0
100,舌根,淡紅,舌根_淡紅,0,1,0,1,2,2:2
100,舌根,淡白,舌根_淡白,0,0,0,0,0,4:0
100,舌根,鮮紅,舌根_鮮紅,0,0,1,0,1,3:1
100,舌根,暗紅,舌根_暗紅,1,0,1,0,2,2:2
100,舌根,青紫,舌根_青紫,0,0,0,0,0,4:0
100,舌根,灰黑,舌根_灰黑,0,0,0,0,0,4:0
11,舌尖,淡紅,舌尖_淡紅,0,0,0,0,0,4:0
11,舌尖,淡白,舌尖_淡白,0,0,0,0,0,4:0
11,舌尖,鮮紅,舌尖_鮮紅,0,0,0,1,1,3:1
11,舌尖,暗紅,舌尖_暗紅,1,1,1,1,4,4:0
11,舌尖,青紫,舌尖_青紫,0,0,0,0,0,4:0
11,舌尖,灰黑,舌尖_灰黑,0,0,0,0,0,4:0
11,舌中,淡紅,舌中_淡紅,0,0,0,0,0,4:0
11,舌中,淡白,舌中_淡白,0,0,0,0,0,4:0
11,舌中,鮮紅,舌中_鮮紅,0,0,0,1,1,3:1
11,舌中,暗紅,舌中_暗紅,1,1,1,1,4,4:0
11,舌中,青紫,舌中_青紫,0,0,0,0,0,4:0
11,舌中,灰黑,舌中_灰黑,0,0,0,0,0,4:0
11,舌左邊,淡紅,舌左邊_淡紅,0,0,0,0,0,4:0
11,舌左邊,淡白,舌左邊_淡白,0,0,0,0,0,4:0
11,舌左邊,鮮紅,舌左邊_鮮紅,0,0,0,1,1,3:1
11,舌左邊,暗紅,舌左邊_暗紅,0,1,1,1,3,3:1
11,舌左邊,青紫,舌左邊_青紫,1,0,0,0,1,3:1
11,舌左邊,灰黑,舌左邊_灰黑,0,0,0,0,0,4:0
11,舌右邊,淡紅,舌右邊_淡紅,0,0,0,0,0,4:0
11,舌右邊,淡白,舌右邊_淡白,0,0,0,0,0,4:0
11,舌右邊,鮮紅,舌右邊_鮮紅,0,0,0,1,1,3:1
11,舌右邊,暗紅,舌右邊_暗紅,0,1,1,1,3,3:1
11,舌右邊,青紫,舌右邊_青紫,1,0,0,0,1,3:1
11,舌右邊,灰黑,舌右邊_灰黑,0,0,0,0,0,4:0
11,舌根,淡紅,舌根_淡紅,0,0,0,0,0,4:0
11,舌根,淡白,舌根_淡白,0,0,0,0,0,4:0
11,舌根,鮮紅,舌根_鮮紅,0,0,0,1,1,3:1
11,舌根,暗紅,舌根_暗紅,1,1,1,1,4,4:0
11,舌根,青紫,舌根_青紫,0,0,0,0,0,4:0
11,舌根,灰黑,舌根_灰黑,0,0,0,0,0,4:0
12,舌尖,淡紅,舌尖_淡紅,0,0,0,0,0,4:0
12,舌尖,淡白,舌尖_淡白,0,0,0,0,0,4:0
12,舌尖,鮮紅,舌尖_鮮紅,0,0,0,1,1,3:1
12,舌尖,暗紅,舌尖_暗紅,1,1,1,0,3,3:1
12,舌尖,青紫,舌尖_青紫,0,0,0,1,1,3:1
12,舌尖,灰黑,舌尖_灰黑,0,0,0,0,0,4:0
12,舌中,淡紅,舌中_淡紅,1,1,1,0,3,3:1
12,舌中,淡白,舌中_淡白,0,0,0,0,0,4:0
12,舌中,鮮紅,舌中_鮮紅,0,0,0,1,1,3:1
12,舌中,暗紅,舌中_暗紅,0,0,0,0,0,4:0
12,舌中,青紫,舌中_青紫,0,0,0,1,1,3:1
12,舌中,灰黑,舌中_灰黑,0,0,0,0,0,4:0
12,舌左邊,淡紅,舌左邊_淡紅,1,1,1,1,4,4:0
12,舌左邊,淡白,舌左邊_淡白,0,0,0,0,0,4:0
12,舌左邊,鮮紅,舌左邊_鮮紅,0,0,0,0,0,4:0
12,舌左邊,暗紅,舌左邊_暗紅,0,0,0,0,0,4:0
12,舌左邊,青紫,舌左邊_青紫,0,0,0,0,0,4:0
12,舌左邊,灰黑,舌左邊_灰黑,0,0,0,0,0,4:0
12,舌右邊,淡紅,舌右邊_淡紅,1,1,1,1,4,4:0
12,舌右邊,淡白,舌右邊_淡白,0,0,0,0,0,4:0
12,舌右邊,鮮紅,舌右邊_鮮紅,0,0,0,0,0,4:0
12,舌右邊,暗紅,舌右邊_暗紅,0,0,0,0,0,4:0
12,舌右邊,青紫,舌右邊_青紫,0,0,0,0,0,4:0
12,舌右邊,灰黑,舌右邊_灰黑,0,0,0,0,0,4:0
12,舌根,淡紅,舌根_淡紅,1,1,1,1,4,4:0
12,舌根,淡白,舌根_淡白,0,0,0,0,0,4:0
12,舌根,鮮紅,舌根_鮮紅,0,0,0,0,0,4:0
12,舌根,暗紅,舌根_暗紅,0,0,0,0,0,4:0
12,舌根,青紫,舌根_青紫,0,0,0,0,0,4:0
12,舌根,灰黑,舌根_灰黑,0,0,0,0,0,4:0
13,舌尖,淡紅,舌尖_淡紅,0,0,0,1,1,3:1
13,舌尖,淡白,舌尖_淡白,0,0,0,0,0,4:0
13,舌尖,鮮紅,舌尖_鮮紅,1,0,0,1,2,2:2
13,舌尖,暗紅,舌尖_暗紅,0,0,0,0,0,4:0
13,舌尖,青紫,舌尖_青紫,0,1,1,0,2,2:2
13,舌尖,灰黑,舌尖_灰黑,0,0,0,0,0,4:0
13,舌中,淡紅,舌中_淡紅,1,0,0,1,2,2:2
13,舌中,淡白,舌中_淡白,0,1,1,0,2,2:2
13,舌中,鮮紅,舌中_鮮紅,0,0,0,1,1,3:1
13,舌中,暗紅,舌中_暗紅,0,0,0,0,0,4:0
13,舌中,青紫,舌中_青紫,0,0,0,0,0,4:0
13,舌中,灰黑,舌中_灰黑,0,0,0,0,0,4:0
13,舌左邊,淡紅,舌左邊_淡紅,0,0,0,1,1,3:1
13,舌左邊,淡白,舌左邊_淡白,0,0,0,0,0,4:0
13,舌左邊,鮮紅,舌左邊_鮮紅,0,0,0,1,1,3:1
13,舌左邊,暗紅,舌左邊_暗紅,1,0,0,0,1,3:1
13,舌左邊,青紫,舌左邊_青紫,0,1,1,0,2,2:2
13,舌左邊,灰黑,舌左邊_灰黑,0,0,0,0,0,4:0
13,舌右邊,淡紅,舌右邊_淡紅,0,0,0,1,1,3:1
13,舌右邊,淡白,舌右邊_淡白,0,0,0,0,0,4:0
13,舌右邊,鮮紅,舌右邊_鮮紅,0,0,0,1,1,3:1
13,舌右邊,暗紅,舌右邊_暗紅,1,0,0,0,1,3:1
13,舌右邊,青紫,舌右邊_青紫,0,1,1,0,2,2:2
13,舌右邊,灰黑,舌右邊_灰黑,0,0,0,0,0,4:0
13,舌根,淡紅,舌根_淡紅,1,0,0,1,2,2:2
13,舌根,淡白,舌根_淡白,0,1,1,0,2,2:2
13,舌根,鮮紅,舌根_鮮紅,0,0,0,1,1,3:1
13,舌根,暗紅,舌根_暗紅,0,0,0,0,0,4:0
13,舌根,青紫,舌根_青紫,0,0,0,0,0,4:0
13,舌根,灰黑,舌根_灰黑,0,0,0,0,0,4:0
14,舌尖,淡紅,舌尖_淡紅,1,0,0,1,2,2:2
14,舌尖,淡白,舌尖_淡白,0,1,1,0,2,2:2
14,舌尖,鮮紅,舌尖_鮮紅,0,0,0,0,0,4:0
14,舌尖,暗紅,舌尖_暗紅,0,0,0,0,0,4:0
14,舌尖,青紫,舌尖_青紫,0,0,0,1,1,3:1
14,舌尖,灰黑,舌尖_灰黑,0,0,0,0,0,4:0
14,舌中,淡紅,舌中_淡紅,0,1,1,1,3,3:1
14,舌中,淡白,舌中_淡白,0,0,0,0,0,4:0
14,舌中,鮮紅,舌中_鮮紅,0,0,0,0,0,4:0
14,舌中,暗紅,舌中_暗紅,1,0,0,0,1,3:1
14,舌中,青紫,舌中_青紫,0,0,0,1,1,3:1
14,舌中,灰黑,舌中_灰黑,0,0,0,0,0,4:0
14,舌左邊,淡紅,舌左邊_淡紅,0,1,1,1,3,3:1
14,舌左邊,淡白,舌左邊_淡白,0,0,0,0,0,4:0
14,舌左邊,鮮紅,舌左邊_鮮紅,0,0,0,0,0,4:0
14,舌左邊,暗紅,舌左邊_暗紅,1,0,0,0,1,3:1
14,舌左邊,青紫,舌左邊_青紫,0,0,0,0,0,4:0
14,舌左邊,灰黑,舌左邊_灰黑,0,0,0,0,0,4:0
14,舌右邊,淡紅,舌右邊_淡紅,0,1,1,1,3,3:1
14,舌右邊,淡白,舌右邊_淡白,0,0,0,0,0,4:0
14,舌右邊,鮮紅,舌右邊_鮮紅,0,0,0,0,0,4:0
14,舌右邊,暗紅,舌右邊_暗紅,1,0,0,0,1,3:1
14,舌右邊,青紫,舌右邊_青紫,0,0,0,0,0,4:0
14,舌右邊,灰黑,舌右邊_灰黑,0,0,0,0,0,4:0
14,舌根,淡紅,舌根_淡紅,0,1,1,1,3,3:1
14,舌根,淡白,舌根_淡白,0,0,0,0,0,4:0
14,舌根,鮮紅,舌根_鮮紅,0,0,0,0,0,4:0
14,舌根,暗紅,舌根_暗紅,1,0,0,0,1,3:1
14,舌根,青紫,舌根_青紫,0,0,0,0,0,4:0
14,舌根,灰黑,舌根_灰黑,0,0,0,0,0,4:0
15,舌尖,淡紅,舌尖_淡紅,0,0,0,0,0,4:0
15,舌尖,淡白,舌尖_淡白,0,0,0,0,0,4:0
15,舌尖,鮮紅,舌尖_鮮紅,1,1,1,1,4,4:0
15,舌尖,暗紅,舌尖_暗紅,0,0,0,0,0,4:0
15,舌尖,青紫,舌尖_青紫,0,0,0,1,1,3:1
15,舌尖,灰黑,舌尖_灰黑,0,0,0,0,0,4:0
15,舌中,淡紅,舌中_淡紅,1,1,1,0,3,3:1
15,舌中,淡白,舌中_淡白,0,0,0,0,0,4:0
15,舌中,鮮紅,舌中_鮮紅,0,0,0,1,1,3:1
15,舌中,暗紅,舌中_暗紅,0,0,0,0,0,4:0
15,舌中,青紫,舌中_青紫,0,0,0,1,1,3:1
15,舌中,灰黑,舌中_灰黑,0,0,0,0,0,4:0
15,舌左邊,淡紅,舌左邊_淡紅,0,0,0,0,0,4:0
15,舌左邊,淡白,舌左邊_淡白,0,0,0,0,0,4:0
15,舌左邊,鮮紅,舌左邊_鮮紅,1,1,1,1,4,4:0
15,舌左邊,暗紅,舌左邊_暗紅,0,0,0,0,0,4:0
15,舌左邊,青紫,舌左邊_青紫,0,0,0,0,0,4:0
15,舌左邊,灰黑,舌左邊_灰黑,0,0,0,0,0,4:0
15,舌右邊,淡紅,舌右邊_淡紅,0,0,0,0,0,4:0
15,舌右邊,淡白,舌右邊_淡白,0,0,0,0,0,4:0
15,舌右邊,鮮紅,舌右邊_鮮紅,1,1,1,1,4,4:0
15,舌右邊,暗紅,舌右邊_暗紅,0,0,0,0,0,4:0
15,舌右邊,青紫,舌右邊_青紫,0,0,0,0,0,4:0
15,舌右邊,灰黑,舌右邊_灰黑,0,0,0,0,0,4:0
15,舌根,淡紅,舌根_淡紅,1,1,1,0,3,3:1
15,舌根,淡白,舌根_淡白,0,0,0,0,0,4:0
15,舌根,鮮紅,舌根_鮮紅,0,0,0,1,1,3:1
15,舌根,暗紅,舌根_暗紅,0,0,0,0,0,4:0
15,舌根,青紫,舌根_青紫,0,0,0,0,0,4:0
15,舌根,灰黑,舌根_灰黑,0,0,0,0,0,4:0
16,舌尖,淡紅,舌尖_淡紅,0,0,0,0,0,4:0
16,舌尖,淡白,舌尖_淡白,1,1,1,1,4,4:0
16,舌尖,鮮紅,舌尖_鮮紅,0,0,0,0,0,4:0
16,舌尖,暗紅,舌尖_暗紅,0,0,0,0,0,4:0
16,舌尖,青紫,舌尖_青紫,0,0,0,0,0,4:0
16,舌尖,灰黑,舌尖_灰黑,0,0,0,0,0,4:0
16,舌中,淡紅,舌中_淡紅,0,0,0,0,0,4:0
16,舌中,淡白,舌中_淡白,1,1,1,1,4,4:0
16,舌中,鮮紅,舌中_鮮紅,0,0,0,0,0,4:0
16,舌中,暗紅,舌中_暗紅,0,0,0,0,0,4:0
16,舌中,青紫,舌中_青紫,0,0,0,1,1,3:1
16,舌中,灰黑,舌中_灰黑,0,0,0,0,0,4:0
16,舌左邊,淡紅,舌左邊_淡紅,0,0,0,0,0,4:0
16,舌左邊,淡白,舌左邊_淡白,0,1,1,1,3,3:1
16,舌左邊,鮮紅,舌左邊_鮮紅,0,0,0,0,0,4:0
16,舌左邊,暗紅,舌左邊_暗紅,1,0,0,0,1,3:1
16,舌左邊,青紫,舌左邊_青紫,0,0,0,1,1,3:1
16,舌左邊,灰黑,舌左邊_灰黑,0,0,0,0,0,4:0
16,舌右邊,淡紅,舌右邊_淡紅,0,0,0,0,0,4:0
16,舌右邊,淡白,舌右邊_淡白,0,1,1,1,3,3:1
16,舌右邊,鮮紅,舌右邊_鮮紅,0,0,0,0,0,4:0
16,舌右邊,暗紅,舌右邊_暗紅,1,0,0,0,1,3:1
16,舌右邊,青紫,舌右邊_青紫,0,0,0,1,1,3:1
16,舌右邊,灰黑,舌右邊_灰黑,0,0,0,0,0,4:0
16,舌根,淡紅,舌根_淡紅,0,0,0,0,0,4:0
16,舌根,淡白,舌根_淡白,0,1,1,1,3,3:1
16,舌根,鮮紅,舌根_鮮紅,0,0,0,0,0,4:0
16,舌根,暗紅,舌根_暗紅,0,0,0,0,0,4:0
16,舌根,青紫,舌根_青紫,0,0,0,0,0,4:0
16,舌根,灰黑,舌根_灰黑,1,0,0,0,1,3:1
17,舌尖,淡紅,舌尖_淡紅,1,1,1,0,3,3:1
17,舌尖,淡白,舌尖_淡白,0,0,0,0,0,4:0
17,舌尖,鮮紅,舌尖_鮮紅,0,0,0,0,0,4:0
17,舌尖,暗紅,舌尖_暗紅,0,0,1,1,2,2:2
17,舌尖,青紫,舌尖_青紫,0,0,1,1,2,2:2
17,舌尖,灰黑,舌尖_灰黑,0,0,0,0,0,4:0
17,舌中,淡紅,舌中_淡紅,0,1,1,0,2,2:2
17,舌中,淡白,舌中_淡白,0,0,0,0,0,4:0
17,舌中,鮮紅,舌中_鮮紅,0,0,0,0,0,4:0
17,舌中,暗紅,舌中_暗紅,0,0,1,1,2,2:2
17,舌中,青紫,舌中_青紫,1,0,0,0,1,3:1
17,舌中,灰黑,舌中_灰黑,0,0,0,0,0,4:0
17,舌左邊,淡紅,舌左邊_淡紅,0,0,1,0,1,3:1
17,舌左邊,淡白,舌左邊_淡白,0,0,0,0,0,4:0
17,舌左邊,鮮紅,舌左邊_鮮紅,0,1,0,0,1,3:1
17,舌左邊,暗紅,舌左邊_暗紅,1,0,1,1,3,3:1
17,舌左邊,青紫,舌左邊_青紫,0,0,1,1,2,2:2
17,舌左邊,灰黑,舌左邊_灰黑,0,0,0,0,0,4:0
17,舌右邊,淡紅,舌右邊_淡紅,0,0,1,0,1,3:1
17,舌右邊,淡白,舌右邊_淡白,0,0,0,0,0,4:0
17,舌右邊,鮮紅,舌右邊_鮮紅,0,1,0,0,1,3:1
17,舌右邊,暗紅,舌右邊_暗紅,1,0,1,1,3,3:1
17,舌右邊,青紫,舌右邊_青紫,0,0,0,0,0,4:0
17,舌右邊,灰黑,舌右邊_灰黑,0,0,0,0,0,4:0
17,舌根,淡紅,舌根_淡紅,0,1,1,0,2,2:2
17,舌根,淡白,舌根_淡白,0,0,0,0,0,4:0
17,舌根,鮮紅,舌根_鮮紅,0,0,0,0,0,4:0
17,舌根,暗紅,舌根_暗紅,1,0,1,1,3,3:1
17,舌根,青紫,舌根_青紫,0,0,0,0,0,4:0
17,舌根,灰黑,舌根_灰黑,0,0,0,0,0,4:0
18,舌尖,淡紅,舌尖_淡紅,1,1,1,1,4,4:0
18,舌尖,淡白,舌尖_淡白,0,0,0,0,0,4:0
18,舌尖,鮮紅,舌尖_鮮紅,0,0,0,0,0,4:0
18,舌尖,暗紅,舌尖_暗紅,0,0,0,0,0,4:0
18,舌尖,青紫,舌尖_青紫,0,0,0,1,1,3:1
18,舌尖,灰黑,舌尖_灰黑,0,0,0,0,0,4:0
18,舌中,淡紅,舌中_淡紅,0,1,1,1,3,3:1
18,舌中,淡白,舌中_淡白,1,0,0,0,1,3:1
18,舌中,鮮紅,舌中_鮮紅,0,0,0,0,0,4:0
18,舌中,暗紅,舌中_暗紅,0,0,0,0,0,4:0
18,舌中,青紫,舌中_青紫,0,0,0,0,0,4:0
18,舌中,灰黑,舌中_灰黑,0,0,0,0,0,4:0
18,舌左邊,淡紅,舌左邊_淡紅,0,0,1,1,2,2:2
18,舌左邊,淡白,舌左邊_淡白,0,0,0,0,0,4:0
18,舌左邊,鮮紅,舌左邊_鮮紅,0,0,0,0,0,4:0
18,舌左邊,暗紅,舌左邊_暗紅,0,1,0,0,1,3:1
18,舌左邊,青紫,舌左邊_青紫,1,0,0,1,2,2:2
18,舌左邊,灰黑,舌左邊_灰黑,0,0,0,0,0,4:0
18,舌右邊,淡紅,舌右邊_淡紅,0,0,1,1,2,2:2
18,舌右邊,淡白,舌右邊_淡白,0,0,0,0,0,4:0
18,舌右邊,鮮紅,舌右邊_鮮紅,0,0,0,0,0,4:0
18,舌右邊,暗紅,舌右邊_暗紅,0,1,0,0,1,3:1
18,舌右邊,青紫,舌右邊_青紫,1,0,0,1,2,2:2
18,舌右邊,灰黑,舌右邊_灰黑,0,0,0,0,0,4:0
18,舌根,淡紅,舌根_淡紅,0,1,1,1,3,3:1
18,舌根,淡白,舌根_淡白,0,0,0,0,0,4:0
18,舌根,鮮紅,舌根_鮮紅,0,0,0,0,0,4:0
18,舌根,暗紅,舌根_暗紅,0,0,0,0,0,4:0
18,舌根,青紫,舌根_青紫,1,0,0,0,1,3:1
18,舌根,灰黑,舌根_灰黑,0,0,0,0,0,4:0
19,舌尖,淡紅,舌尖_淡紅,1,0,1,1,3,3:1
19,舌尖,淡白,舌尖_淡白,0,1,0,0,1,3:1
19,舌尖,鮮紅,舌尖_鮮紅,0,0,0,0,0,4:0
19,舌尖,暗紅,舌尖_暗紅,0,0,0,0,0,4:0
19,舌尖,青紫,舌尖_青紫,0,0,0,0,0,4:0
19,舌尖,灰黑,舌尖_灰黑,0,0,0,0,0,4:0
19,舌中,淡紅,舌中_淡紅,1,0,1,1,3,3:1
19,舌中,淡白,舌中_淡白,0,1,0,0,1,3:1
19,舌中,鮮紅,舌中_鮮紅,0,0,0,0,0,4:0
19,舌中,暗紅,舌中_暗紅,0,0,0,0,0,4:0
19,舌中,青紫,舌中_青紫,0,0,0,0,0,4:0
19,舌中,灰黑,舌中_灰黑,0,0,0,0,0,4:0
19,舌左邊,淡紅,舌左邊_淡紅,1,0,1,1,3,3:1
19,舌左邊,淡白,舌左邊_淡白,0,1,0,0,1,3:1
19,舌左邊,鮮紅,舌左邊_鮮紅,0,0,0,0,0,4:0
19,舌左邊,暗紅,舌左邊_暗紅,0,0,0,0,0,4:0
19,舌左邊,青紫,舌左邊_青紫,0,0,0,1,1,3:1
19,舌左邊,灰黑,舌左邊_灰黑,0,0,0,0,0,4:0
19,舌右邊,淡紅,舌右邊_淡紅,1,0,1,1,3,3:1
19,舌右邊,淡白,舌右邊_淡白,0,1,0,0,1,3:1
19,舌右邊,鮮紅,舌右邊_鮮紅,0,0,0,0,0,4:0
19,舌右邊,暗紅,舌右邊_暗紅,0,0,0,0,0,4:0
19,舌右邊,青紫,舌右邊_青紫,0,0,1,1,2,2:2
19,舌右邊,灰黑,舌右邊_灰黑,0,0,0,0,0,4:0
19,舌根,淡紅,舌根_淡紅,1,0,1,1,3,3:1
19,舌根,淡白,舌根_淡白,0,1,0,0,1,3:1
19,舌根,鮮紅,舌根_鮮紅,0,0,0,0,0,4:0
19,舌根,暗紅,舌根_暗紅,0,0,0,0,0,4:0
19,舌根,青紫,舌根_青紫,0,0,0,0,0,4:0
19,舌根,灰黑,舌根_灰黑,0,0,0,0,0,4:0
2,舌尖,淡紅,舌尖_淡紅,1,0,0,0,1,3:1
2,舌尖,淡白,舌尖_淡白,0,0,0,0,0,4:0
2,舌尖,鮮紅,舌尖_鮮紅,0,0,0,1,1,3:1
2,舌尖,暗紅,舌尖_暗紅,0,1,1,0,2,2:2
2,舌尖,青紫,舌尖_青紫,0,0,0,1,1,3:1
2,舌尖,灰黑,舌尖_灰黑,0,0,0,0,0,4:0
2,舌中,淡紅,舌中_淡紅,0,1,1,0,2,2:2
2,舌中,淡白,舌中_淡白,0,0,0,0,0,4:0
2,舌中,鮮紅,舌中_鮮紅,0,0,0,1,1,3:1
2,舌中,暗紅,舌中_暗紅,1,0,0,0,1,3:1
2,舌中,青紫,舌中_青紫,0,0,0,0,0,4:0
2,舌中,灰黑,舌中_灰黑,0,0,0,0,0,4:0
2,舌左邊,淡紅,舌左邊_淡紅,0,0,0,0,0,4:0
2,舌左邊,淡白,舌左邊_淡白,0,0,0,0,0,4:0
2,舌左邊,鮮紅,舌左邊_鮮紅,1,1,1,1,4,4:0
2,舌左邊,暗紅,舌左邊_暗紅,0,0,0,0,0,4:0
2,舌左邊,青紫,舌左邊_青紫,0,0,0,1,1,3:1
2,舌左邊,灰黑,舌左邊_灰黑,0,0,0,0,0,4:0
2,舌右邊,淡紅,舌右邊_淡紅,0,0,0,0,0,4:0
2,舌右邊,淡白,舌右邊_淡白,0,0,0,0,0,4:0
2,舌右邊,鮮紅,舌右邊_鮮紅,1,1,1,1,4,4:0
2,舌右邊,暗紅,舌右邊_暗紅,0,0,0,0,0,4:0
2,舌右邊,青紫,舌右邊_青紫,0,0,0,0,0,4:0
2,舌右邊,灰黑,舌右邊_灰黑,0,0,0,0,0,4:0
2,舌根,淡紅,舌根_淡紅,0,1,1,0,2,2:2
2,舌根,淡白,舌根_淡白,0,0,0,0,0,4:0
2,舌根,鮮紅,舌根_鮮紅,0,0,0,1,1,3:1
2,舌根,暗紅,舌根_暗紅,1,0,0,0,1,3:1
2,舌根,青紫,舌根_青紫,0,0,0,0,0,4:0
2,舌根,灰黑,舌根_灰黑,0,0,0,0,0,4:0
20,舌尖,淡紅,舌尖_淡紅,1,1,1,1,4,4:0
20,舌尖,淡白,舌尖_淡白,0,0,0,1,1,3:1
20,舌尖,鮮紅,舌尖_鮮紅,0,0,0,0,0,4:0
20,舌尖,暗紅,舌尖_暗紅,0,0,0,0,0,4:0
20,舌尖,青紫,舌尖_青紫,0,0,0,1,1,3:1
20,舌尖,灰黑,舌尖_灰黑,0,0,0,0,0,4:0
20,舌中,淡紅,舌中_淡紅,0,0,1,1,2,2:2
20,舌中,淡白,舌中_淡白,0,0,0,1,1,3:1
20,舌中,鮮紅,舌中_鮮紅,0,0,0,0,0,4:0
20,舌中,暗紅,舌中_暗紅,1,0,0,0,1,3:1
20,舌中,青紫,舌中_青紫,0,1,0,1,2,2:2
20,舌中,灰黑,舌中_灰黑,0,0,0,0,0,4:0
20,舌左邊,淡紅,舌左邊_淡紅,0,0,1,1,2,2:2
20,舌左邊,淡白,舌左邊_淡白,1,0,0,1,2,2:2
20,舌左邊,鮮紅,舌左邊_鮮紅,0,0,0,0,0,4:0
20,舌左邊,暗紅,舌左邊_暗紅,0,0,0,0,0,4:0
20,舌左邊,青紫,舌左邊_青紫,0,1,0,0,1,3:1
20,舌左邊,灰黑,舌左邊_灰黑,0,0,0,0,0,4:0
20,舌右邊,淡紅,舌右邊_淡紅,0,0,1,1,2,2:2
20,舌右邊,淡白,舌右邊_淡白,1,0,0,1,2,2:2
20,舌右邊,鮮紅,舌右邊_鮮紅,0,0,0,0,0,4:0
20,舌右邊,暗紅,舌右邊_暗紅,0,0,0,0,0,4:0
20,舌右邊,青紫,舌右邊_青紫,0,1,0,0,1,3:1
20,舌右邊,灰黑,舌右邊_灰黑,0,0,0,0,0,4:0
20,舌根,淡紅,舌根_淡紅,0,1,1,1,3,3:1
20,舌根,淡白,舌根_淡白,0,0,0,1,1,3:1
20,舌根,鮮紅,舌根_鮮紅,0,0,0,0,0,4:0
20,舌根,暗紅,舌根_暗紅,1,0,0,0,1,3:1
20,舌根,青紫,舌根_青紫,0,0,0,0,0,4:0
20,舌根,灰黑,舌根_灰黑,0,0,0,0,0,4:0
21,舌尖,淡紅,舌尖_淡紅,1,1,1,1,4,4:0
21,舌尖,淡白,舌尖_淡白,0,0,0,0,0,4:0
21,舌尖,鮮紅,舌尖_鮮紅,0,0,0,0,0,4:0
21,舌尖,暗紅,舌尖_暗紅,0,0,0,0,0,4:0
21,舌尖,青紫,舌尖_青紫,0,0,0,1,1,3:1
21,舌尖,灰黑,舌尖_灰黑,0,0,0,0,0,4:0
21,舌中,淡紅,舌中_淡紅,0,1,1,1,3,3:1
21,舌中,淡白,舌中_淡白,0,0,0,0,0,4:0
21,舌中,鮮紅,舌中_鮮紅,0,0,0,0,0,4:0
21,舌中,暗紅,舌中_暗紅,1,0,0,0,1,3:1
21,舌中,青紫,舌中_青紫,0,0,1,1,2,2:2
21,舌中,灰黑,舌中_灰黑,0,0,0,0,0,4:0
21,舌左邊,淡紅,舌左邊_淡紅,0,1,1,1,3,3:1
21,舌左邊,淡白,舌左邊_淡白,0,0,0,0,0,4:0
21,舌左邊,鮮紅,舌左邊_鮮紅,0,0,0,0,0,4:0
21,舌左邊,暗紅,舌左邊_暗紅,1,0,0,0,1,3:1
21,舌左邊,青紫,舌左邊_青紫,0,0,0,0,0,4:0
21,舌左邊,灰黑,舌左邊_灰黑,0,0,0,0,0,4:0
21,舌右邊,淡紅,舌右邊_淡紅,0,1,1,1,3,3:1
21,舌右邊,淡白,舌右邊_淡白,0,0,0,0,0,4:0
21,舌右邊,鮮紅,舌右邊_鮮紅,0,0,0,0,0,4:0
21,舌右邊,暗紅,舌右邊_暗紅,1,0,0,0,1,3:1
21,舌右邊,青紫,舌右邊_青紫,0,0,0,0,0,4:0
21,舌右邊,灰黑,舌右邊_灰黑,0,0,0,0,0,4:0
21,舌根,淡紅,舌根_淡紅,0,1,1,1,3,3:1
21,舌根,淡白,舌根_淡白,0,0,0,0,0,4:0
21,舌根,鮮紅,舌根_鮮紅,0,0,0,0,0,4:0
21,舌根,暗紅,舌根_暗紅,1,0,0,0,1,3:1
21,舌根,青紫,舌根_青紫,0,0,0,0,0,4:0
21,舌根,灰黑,舌根_灰黑,0,0,0,0,0,4:0
22,舌尖,淡紅,舌尖_淡紅,0,0,0,0,0,4:0
22,舌尖,淡白,舌尖_淡白,0,0,0,0,0,4:0
22,舌尖,鮮紅,舌尖_鮮紅,1,1,1,1,4,4:0
22,舌尖,暗紅,舌尖_暗紅,0,0,0,1,1,3:1
22,舌尖,青紫,舌尖_青紫,0,0,1,1,2,2:2
22,舌尖,灰黑,舌尖_灰黑,0,0,0,0,0,4:0
22,舌中,淡紅,舌中_淡紅,0,0,0,0,0,4:0
22,舌中,淡白,舌中_淡白,0,0,0,0,0,4:0
22,舌中,鮮紅,舌中_鮮紅,1,1,1,1,4,4:0
22,舌中,暗紅,舌中_暗紅,0,0,0,1,1,3:1
22,舌中,青紫,舌中_青紫,0,0,0,1,1,3:1
22,舌中,灰黑,舌中_灰黑,0,0,0,0,0,4:0
22,舌左邊,淡紅,舌左邊_淡紅,0,0,0,0,0,4:0
22,舌左邊,淡白,舌左邊_淡白,0,0,0,0,0,4:0
22,舌左邊,鮮紅,舌左邊_鮮紅,1,1,1,1,4,4:0
22,舌左邊,暗紅,舌左邊_暗紅,0,0,0,1,1,3:1
22,舌左邊,青紫,舌左邊_青紫,0,0,0,0,0,4:0
22,舌左邊,灰黑,舌左邊_灰黑,0,0,0,0,0,4:0
22,舌右邊,淡紅,舌右邊_淡紅,0,0,0,0,0,4:0
22,舌右邊,淡白,舌右邊_淡白,0,0,0,0,0,4:0
22,舌右邊,鮮紅,舌右邊_鮮紅,1,1,1,1,4,4:0
22,舌右邊,暗紅,舌右邊_暗紅,0,0,0,1,1,3:1
22,舌右邊,青紫,舌右邊_青紫,0,0,0,1,1,3:1
22,舌右邊,灰黑,舌右邊_灰黑,0,0,0,0,0,4:0
22,舌根,淡紅,舌根_淡紅,0,0,0,0,0,4:0
22,舌根,淡白,舌根_淡白,0,0,0,0,0,4:0
22,舌根,鮮紅,舌根_鮮紅,1,1,1,1,4,4:0
22,舌根,暗紅,舌根_暗紅,0,0,0,1,1,3:1
22,舌根,青紫,舌根_青紫,0,0,0,0,0,4:0
22,舌根,灰黑,舌根_灰黑,0,0,0,0,0,4:0
23,舌尖,淡紅,舌尖_淡紅,1,0,1,0,2,2:2
23,舌尖,淡白,舌尖_淡白,0,0,0,0,0,4:0
23,舌尖,鮮紅,舌尖_鮮紅,0,0,0,0,0,4:0
23,舌尖,暗紅,舌尖_暗紅,0,0,0,1,1,3:1
23,舌尖,青紫,舌尖_青紫,0,1,0,0,1,3:1
23,舌尖,灰黑,舌尖_灰黑,0,0,0,0,0,4:0
23,舌中,淡紅,舌中_淡紅,1,1,1,0,3,3:1
23,舌中,淡白,舌中_淡白,0,0,0,0,0,4:0
23,舌中,鮮紅,舌中_鮮紅,0,0,0,0,0,4:0
23,舌中,暗紅,舌中_暗紅,0,0,0,1,1,3:1
23,舌中,青紫,舌中_青紫,0,0,0,0,0,4:0
23,舌中,灰黑,舌中_灰黑,0,0,0,0,0,4:0
23,舌左邊,淡紅,舌左邊_淡紅,1,1,1,0,3,3:1
23,舌左邊,淡白,舌左邊_淡白,0,0,0,0,0,4:0
23,舌左邊,鮮紅,舌左邊_鮮紅,0,0,0,0,0,4:0
23,舌左邊,暗紅,舌左邊_暗紅,0,0,0,1,1,3:1
23,舌左邊,青紫,舌左邊_青紫,0,0,1,1,2,2:2
23,舌左邊,灰黑,舌左邊_灰黑,0,0,0,0,0,4:0
23,舌右邊,淡紅,舌右邊_淡紅,1,1,1,1,4,4:0
23,舌右邊,淡白,舌右邊_淡白,0,0,0,0,0,4:0
23,舌右邊,鮮紅,舌右邊_鮮紅,0,0,0,0,0,4:0
23,舌右邊,暗紅,舌右邊_暗紅,0,0,0,1,1,3:1
23,舌右邊,青紫,舌右邊_青紫,0,0,1,1,2,2:2
23,舌右邊,灰黑,舌右邊_灰黑,0,0,0,0,0,4:0
23,舌根,淡紅,舌根_淡紅,1,1,1,0,3,3:1
23,舌根,淡白,舌根_淡白,0,0,0,0,0,4:0
23,舌根,鮮紅,舌根_鮮紅,0,0,0,0,0,4:0
23,舌根,暗紅,舌根_暗紅,0,0,0,1,1,3:1
23,舌根,青紫,舌根_青紫,0,0,0,0,0,4:0
23,舌根,灰黑,舌根_灰黑,0,0,0,0,0,4:0
24,舌尖,淡紅,舌尖_淡紅,0,0,0,0,0,4:0
24,舌尖,淡白,舌尖_淡白,0,0,0,0,0,4:0
24,舌尖,鮮紅,舌尖_鮮紅,0,0,1,0,1,3:1
24,舌尖,暗紅,舌尖_暗紅,1,0,0,1,2,2:2
24,舌尖,青紫,舌尖_青紫,0,1,1,1,3,3:1
24,舌尖,灰黑,舌尖_灰黑,0,0,0,0,0,4:0
24,舌中,淡紅,舌中_淡紅,1,0,0,0,1,3:1
24,舌中,淡白,舌中_淡白,0,1,0,0,1,3:1
24,舌中,鮮紅,舌中_鮮紅,0,0,1,0,1,3:1
24,舌中,暗紅,舌中_暗紅,0,0,0,1,1,3:1
24,舌中,青紫,舌中_青紫,0,0,0,1,1,3:1
24,舌中,灰黑,舌中_灰黑,0,0,0,0,0,4:0
24,舌左邊,淡紅,舌左邊_淡紅,0,0,0,0,0,4:0
24,舌左邊,淡白,舌左邊_淡白,0,1,0,0,1,3:1
24,舌左邊,鮮紅,舌左邊_鮮紅,0,0,1,0,1,3:1
24,舌左邊,暗紅,舌左邊_暗紅,1,0,0,1,2,2:2
24,舌左邊,青紫,舌左邊_青紫,0,0,1,1,2,2:2
24,舌左邊,灰黑,舌左邊_灰黑,0,0,0,0,0,4:0
24,舌右邊,淡紅,舌右邊_淡紅,0,0,0,0,0,4:0
24,舌右邊,淡白,舌右邊_淡白,0,1,0,0,1,3:1
24,舌右邊,鮮紅,舌右邊_鮮紅,0,0,1,0,1,3:1
24,舌右邊,暗紅,舌右邊_暗紅,1,0,0,1,2,2:2
24,舌右邊,青紫,舌右邊_青紫,0,0,1,1,2,2:2
24,舌右邊,灰黑,舌右邊_灰黑,0,0,0,0,0,4:0
24,舌根,淡紅,舌根_淡紅,1,0,0,0,1,3:1
24,舌根,淡白,舌根_淡白,0,1,0,0,1,3:1
24,舌根,鮮紅,舌根_鮮紅,0,0,1,0,1,3:1
24,舌根,暗紅,舌根_暗紅,0,0,0,1,1,3:1
24,舌根,青紫,舌根_青紫,0,0,0,0,0,4:0
24,舌根,灰黑,舌根_灰黑,0,0,0,0,0,4:0
25,舌尖,淡紅,舌尖_淡紅,1,1,0,0,2,2:2
25,舌尖,淡白,舌尖_淡白,0,0,0,0,0,4:0
25,舌尖,鮮紅,舌尖_鮮紅,0,0,1,0,1,3:1
25,舌尖,暗紅,舌尖_暗紅,0,0,0,1,1,3:1
25,舌尖,青紫,舌尖_青紫,0,0,0,1,1,3:1
25,舌尖,灰黑,舌尖_灰黑,0,0,1,0,1,3:1
25,舌中,淡紅,舌中_淡紅,1,1,0,0,2,2:2
25,舌中,淡白,舌中_淡白,0,0,0,0,0,4:0
25,舌中,鮮紅,舌中_鮮紅,0,0,1,0,1,3:1
25,舌中,暗紅,舌中_暗紅,0,0,0,1,1,3:1
25,舌中,青紫,舌中_青紫,0,0,0,0,0,4:0
25,舌中,灰黑,舌中_灰黑,0,0,1,0,1,3:1
25,舌左邊,淡紅,舌左邊_淡紅,0,1,0,0,1,3:1
25,舌左邊,淡白,舌左邊_淡白,0,0,0,0,0,4:0
25,舌左邊,鮮紅,舌左邊_鮮紅,0,0,1,0,1,3:1
25,舌左邊,暗紅,舌左邊_暗紅,1,0,0,1,2,2:2
25,舌左邊,青紫,舌左邊_青紫,0,0,0,0,0,4:0
25,舌左邊,灰黑,舌左邊_灰黑,0,0,0,0,0,4:0
25,舌右邊,淡紅,舌右邊_淡紅,0,1,0,0,1,3:1
25,舌右邊,淡白,舌右邊_淡白,0,0,0,0,0,4:0
25,舌右邊,鮮紅,舌右邊_鮮紅,0,0,1,0,1,3:1
25,舌右邊,暗紅,舌右邊_暗紅,1,0,0,1,2,2:2
25,舌右邊,青紫,舌右邊_青紫,0,0,0,1,1,3:1
25,舌右邊,灰黑,舌右邊_灰黑,0,0,0,0,0,4:0
25,舌根,淡紅,舌根_淡紅,0,1,0,0,1,3:1
25,舌根,淡白,舌根_淡白,0,0,0,0,0,4:0
25,舌根,鮮紅,舌根_鮮紅,0,0,1,0,1,3:1
25,舌根,暗紅,舌根_暗紅,1,0,0,1,2,2:2
25,舌根,青紫,舌根_青紫,0,0,0,0,0,4:0
25,舌根,灰黑,舌根_灰黑,0,0,0,0,0,4:0
26,舌尖,淡紅,舌尖_淡紅,1,1,1,0,3,3:1
26,舌尖,淡白,舌尖_淡白,0,0,0,0,0,4:0
26,舌尖,鮮紅,舌尖_鮮紅,0,0,1,0,1,3:1
26,舌尖,暗紅,舌尖_暗紅,0,0,0,1,1,3:1
26,舌尖,青紫,舌尖_青紫,0,0,1,0,1,3:1
26,舌尖,灰黑,舌尖_灰黑,0,0,0,0,0,4:0
26,舌中,淡紅,舌中_淡紅,1,1,1,0,3,3:1
26,舌中,淡白,舌中_淡白,0,0,0,0,0,4:0
26,舌中,鮮紅,舌中_鮮紅,0,0,1,0,1,3:1
26,舌中,暗紅,舌中_暗紅,0,0,0,1,1,3:1
26,舌中,青紫,舌中_青紫,0,0,0,0,0,4:0
26,舌中,灰黑,舌中_灰黑,0,0,0,0,0,4:0
26,舌左邊,淡紅,舌左邊_淡紅,0,1,1,0,2,2:2
26,舌左邊,淡白,舌左邊_淡白,0,0,0,0,0,4:0
26,舌左邊,鮮紅,舌左邊_鮮紅,1,0,1,0,2,2:2
26,舌左邊,暗紅,舌左邊_暗紅,0,0,0,1,1,3:1
26,舌左邊,青紫,舌左邊_青紫,0,0,1,1,2,2:2
26,舌左邊,灰黑,舌左邊_灰黑,0,0,0,0,0,4:0
26,舌右邊,淡紅,舌右邊_淡紅,0,1,1,0,2,2:2
26,舌右邊,淡白,舌右邊_淡白,0,0,0,0,0,4:0
26,舌右邊,鮮紅,舌右邊_鮮紅,1,0,1,0,2,2:2
26,舌右邊,暗紅,舌右邊_暗紅,0,0,0,1,1,3:1
26,舌右邊,青紫,舌右邊_青紫,0,0,1,1,2,2:2
26,舌右邊,灰黑,舌右邊_灰黑,0,0,0,0,0,4:0
26,舌根,淡紅,舌根_淡紅,0,1,1,0,2,2:2
26,舌根,淡白,舌根_淡白,0,0,0,0,0,4:0
26,舌根,鮮紅,舌根_鮮紅,0,0,1,0,1,3:1
26,舌根,暗紅,舌根_暗紅,0,0,0,1,1,3:1
26,舌根,青紫,舌根_青紫,0,0,0,0,0,4:0
26,舌根,灰黑,舌根_灰黑,1,0,0,0,1,3:1
27,舌尖,淡紅,舌尖_淡紅,1,1,0,1,3,3:1
27,舌尖,淡白,舌尖_淡白,0,0,1,1,2,2:2
27,舌尖,鮮紅,舌尖_鮮紅,0,0,0,0,0,4:0
27,舌尖,暗紅,舌尖_暗紅,0,0,0,0,0,4:0
27,舌尖,青紫,舌尖_青紫,0,0,1,1,2,2:2
27,舌尖,灰黑,舌尖_灰黑,0,0,0,0,0,4:0
27,舌中,淡紅,舌中_淡紅,1,1,1,1,4,4:0
27,舌中,淡白,舌中_淡白,0,0,1,0,1,3:1
27,舌中,鮮紅,舌中_鮮紅,0,0,0,0,0,4:0
27,舌中,暗紅,舌中_暗紅,0,0,0,0,0,4:0
27,舌中,青紫,舌中_青紫,0,0,0,1,1,3:1
27,舌中,灰黑,舌中_灰黑,0,0,0,0,0,4:0
27,舌左邊,淡紅,舌左邊_淡紅,1,1,0,0,2,2:2
27,舌左邊,淡白,舌左邊_淡白,0,0,1,1,2,2:2
27,舌左邊,鮮紅,舌左邊_鮮紅,0,0,0,0,0,4:0
27,舌左邊,暗紅,舌左邊_暗紅,0,0,0,0,0,4:0
27,舌左邊,青紫,舌左邊_青紫,0,0,0,1,1,3:1
27,舌左邊,灰黑,舌左邊_灰黑,0,0,0,0,0,4:0
27,舌右邊,淡紅,舌右邊_淡紅,1,1,0,1,3,3:1
27,舌右邊,淡白,舌右邊_淡白,0,0,1,1,2,2:2
27,舌右邊,鮮紅,舌右邊_鮮紅,0,0,0,0,0,4:0
27,舌右邊,暗紅,舌右邊_暗紅,0,0,0,0,0,4:0
27,舌右邊,青紫,舌右邊_青紫,0,0,0,1,1,3:1
27,舌右邊,灰黑,舌右邊_灰黑,0,0,0,0,0,4:0
27,舌根,淡紅,舌根_淡紅,1,1,1,1,4,4:0
27,舌根,淡白,舌根_淡白,0,0,0,0,0,4:0
27,舌根,鮮紅,舌根_鮮紅,0,0,0,0,0,4:0
27,舌根,暗紅,舌根_暗紅,0,0,0,0,0,4:0
27,舌根,青紫,舌根_青紫,0,0,0,1,1,3:1
27,舌根,灰黑,舌根_灰黑,0,0,0,0,0,4:0
28,舌尖,淡紅,舌尖_淡紅,1,1,1,0,3,3:1
28,舌尖,淡白,舌尖_淡白,0,0,0,0,0,4:0
28,舌尖,鮮紅,舌尖_鮮紅,0,0,0,0,0,4:0
28,舌尖,暗紅,舌尖_暗紅,0,0,0,1,1,3:1
28,舌尖,青紫,舌尖_青紫,0,0,0,0,0,4:0
28,舌尖,灰黑,舌尖_灰黑,0,0,0,0,0,4:0
28,舌中,淡紅,舌中_淡紅,0,0,0,0,0,4:0
28,舌中,淡白,舌中_淡白,1,1,1,0,3,3:1
28,舌中,鮮紅,舌中_鮮紅,0,0,0,0,0,4:0
28,舌中,暗紅,舌中_暗紅,0,0,0,1,1,3:1
28,舌中,青紫,舌中_青紫,0,0,0,0,0,4:0
28,舌中,灰黑,舌中_灰黑,0,0,0,0,0,4:0
28,舌左邊,淡紅,舌左邊_淡紅,0,0,0,0,0,4:0
28,舌左邊,淡白,舌左邊_淡白,1,1,1,0,3,3:1
28,舌左邊,鮮紅,舌左邊_鮮紅,0,0,0,0,0,4:0
28,舌左邊,暗紅,舌左邊_暗紅,0,0,0,1,1,3:1
28,舌左邊,青紫,舌左邊_青紫,0,0,0,0,0,4:0
28,舌左邊,灰黑,舌左邊_灰黑,0,0,0,0,0,4:0
28,舌右邊,淡紅,舌右邊_淡紅,0,0,0,0,0,4:0
28,舌右邊,淡白,舌右邊_淡白,1,1,1,0,3,3:1
28,舌右邊,鮮紅,舌右邊_鮮紅,0,0,0,0,0,4:0
28,舌右邊,暗紅,舌右邊_暗紅,0,0,0,1,1,3:1
28,舌右邊,青紫,舌右邊_青紫,0,0,0,0,0,4:0
28,舌右邊,灰黑,舌右邊_灰黑,0,0,0,0,0,4:0
28,舌根,淡紅,舌根_淡紅,0,0,0,0,0,4:0
28,舌根,淡白,舌根_淡白,1,1,1,0,3,3:1
28,舌根,鮮紅,舌根_鮮紅,0,0,0,0,0,4:0
28,舌根,暗紅,舌根_暗紅,0,0,0,1,1,3:1
28,舌根,青紫,舌根_青紫,0,0,0,0,0,4:0
28,舌根,灰黑,舌根_灰黑,0,0,0,0,0,4:0
29,舌尖,淡紅,舌尖_淡紅,1,1,1,1,4,4:0
29,舌尖,淡白,舌尖_淡白,0,0,0,0,0,4:0
29,舌尖,鮮紅,舌尖_鮮紅,0,0,0,0,0,4:0
29,舌尖,暗紅,舌尖_暗紅,0,0,0,1,1,3:1
29,舌尖,青紫,舌尖_青紫,0,0,0,0,0,4:0
29,舌尖,灰黑,舌尖_灰黑,0,0,0,0,0,4:0
29,舌中,淡紅,舌中_淡紅,1,1,1,1,4,4:0
29,舌中,淡白,舌中_淡白,0,0,0,0,0,4:0
29,舌中,鮮紅,舌中_鮮紅,0,0,0,0,0,4:0
29,舌中,暗紅,舌中_暗紅,0,0,0,1,1,3:1
29,舌中,青紫,舌中_青紫,0,0,0,0,0,4:0
29,舌中,灰黑,舌中_灰黑,0,0,0,0,0,4:0
29,舌左邊,淡紅,舌左邊_淡紅,0,1,1,0,2,2:2
29,舌左邊,淡白,舌左邊_淡白,0,0,0,0,0,4:0
29,舌左邊,鮮紅,舌左邊_鮮紅,0,0,0,0,0,4:0
29,舌左邊,暗紅,舌左邊_暗紅,1,0,0,1,2,2:2
29,舌左邊,青紫,舌左邊_青紫,0,0,0,0,0,4:0
29,舌左邊,灰黑,舌左邊_灰黑,0,0,0,0,0,4:0
29,舌右邊,淡紅,舌右邊_淡紅,0,1,1,1,3,3:1
29,舌右邊,淡白,舌右邊_淡白,0,0,0,0,0,4:0
29,舌右邊,鮮紅,舌右邊_鮮紅,0,0,0,0,0,4:0
29,舌右邊,暗紅,舌右邊_暗紅,1,0,0,1,2,2:2
29,舌右邊,青紫,舌右邊_青紫,0,0,0,0,0,4:0
29,舌右邊,灰黑,舌右邊_灰黑,0,0,0,0,0,4:0
29,舌根,淡紅,舌根_淡紅,0,1,1,1,3,3:1
29,舌根,淡白,舌根_淡白,0,0,0,0,0,4:0
29,舌根,鮮紅,舌根_鮮紅,0,0,0,0,0,4:0
29,舌根,暗紅,舌根_暗紅,1,0,0,1,2,2:2
29,舌根,青紫,舌根_青紫,0,0,0,0,0,4:0
29,舌根,灰黑,舌根_灰黑,0,0,0,0,0,4:0
3,舌尖,淡紅,舌尖_淡紅,0,0,0,0,0,4:0
3,舌尖,淡白,舌尖_淡白,0,0,0,0,0,4:0
3,舌尖,鮮紅,舌尖_鮮紅,0,0,0,1,1,3:1
3,舌尖,暗紅,舌尖_暗紅,1,1,1,0,3,3:1
3,舌尖,青紫,舌尖_青紫,0,0,0,1,1,3:1
3,舌尖,灰黑,舌尖_灰黑,0,0,0,0,0,4:0
3,舌中,淡紅,舌中_淡紅,0,0,0,0,0,4:0
3,舌中,淡白,舌中_淡白,0,0,0,0,0,4:0
3,舌中,鮮紅,舌中_鮮紅,0,0,0,1,1,3:1
3,舌中,暗紅,舌中_暗紅,1,1,1,0,3,3:1
3,舌中,青紫,舌中_青紫,0,0,0,1,1,3:1
3,舌中,灰黑,舌中_灰黑,0,0,0,0,0,4:0
3,舌左邊,淡紅,舌左邊_淡紅,0,0,0,0,0,4:0
3,舌左邊,淡白,舌左邊_淡白,0,0,0,0,0,4:0
3,舌左邊,鮮紅,舌左邊_鮮紅,0,0,0,1,1,3:1
3,舌左邊,暗紅,舌左邊_暗紅,1,1,1,0,3,3:1
3,舌左邊,青紫,舌左邊_青紫,0,0,0,0,0,4:0
3,舌左邊,灰黑,舌左邊_灰黑,0,0,0,0,0,4:0
3,舌右邊,淡紅,舌右邊_淡紅,0,0,0,0,0,4:0
3,舌右邊,淡白,舌右邊_淡白,0,0,0,0,0,4:0
3,舌右邊,鮮紅,舌右邊_鮮紅,0,0,0,1,1,3:1
3,舌右邊,暗紅,舌右邊_暗紅,1,1,1,0,3,3:1
3,舌右邊,青紫,舌右邊_青紫,0,0,0,0,0,4:0
3,舌右邊,灰黑,舌右邊_灰黑,0,0,0,0,0,4:0
3,舌根,淡紅,舌根_淡紅,0,0,0,0,0,4:0
3,舌根,淡白,舌根_淡白,0,0,0,0,0,4:0
3,舌根,鮮紅,舌根_鮮紅,0,0,0,1,1,3:1
3,舌根,暗紅,舌根_暗紅,0,0,0,0,0,4:0
3,舌根,青紫,舌根_青紫,1,1,1,0,3,3:1
3,舌根,灰黑,舌根_灰黑,0,0,0,0,0,4:0
30,舌尖,淡紅,舌尖_淡紅,1,0,1,0,2,2:2
30,舌尖,淡白,舌尖_淡白,0,1,1,0,2,2:2
30,舌尖,鮮紅,舌尖_鮮紅,0,0,0,0,0,4:0
30,舌尖,暗紅,舌尖_暗紅,0,0,0,1,1,3:1
30,舌尖,青紫,舌尖_青紫,0,0,1,1,2,2:2
30,舌尖,灰黑,舌尖_灰黑,0,0,0,0,0,4:0
30,舌中,淡紅,舌中_淡紅,1,0,1,0,2,2:2
30,舌中,淡白,舌中_淡白,0,1,1,0,2,2:2
30,舌中,鮮紅,舌中_鮮紅,0,0,0,0,0,4:0
30,舌中,暗紅,舌中_暗紅,0,0,0,1,1,3:1
30,舌中,青紫,舌中_青紫,0,0,1,1,2,2:2
30,舌中,灰黑,舌中_灰黑,0,0,0,0,0,4:0
30,舌左邊,淡紅,舌左邊_淡紅,0,0,1,0,1,3:1
30,舌左邊,淡白,舌左邊_淡白,0,1,1,0,2,2:2
30,舌左邊,鮮紅,舌左邊_鮮紅,0,0,0,0,0,4:0
30,舌左邊,暗紅,舌左邊_暗紅,1,0,0,1,2,2:2
30,舌左邊,青紫,舌左邊_青紫,0,0,0,1,1,3:1
30,舌左邊,灰黑,舌左邊_灰黑,0,0,0,0,0,4:0
30,舌右邊,淡紅,舌右邊_淡紅,0,0,1,0,1,3:1
30,舌右邊,淡白,舌右邊_淡白,0,1,1,0,2,2:2
30,舌右邊,鮮紅,舌右邊_鮮紅,0,0,0,0,0,4:0
30,舌右邊,暗紅,舌右邊_暗紅,1,0,0,1,2,2:2
30,舌右邊,青紫,舌右邊_青紫,0,0,0,1,1,3:1
30,舌右邊,灰黑,舌右邊_灰黑,0,0,0,0,0,4:0
30,舌根,淡紅,舌根_淡紅,1,0,1,0,2,2:2
30,舌根,淡白,舌根_淡白,0,1,1,0,2,2:2
30,舌根,鮮紅,舌根_鮮紅,0,0,0,0,0,4:0
30,舌根,暗紅,舌根_暗紅,0,0,0,1,1,3:1
30,舌根,青紫,舌根_青紫,0,0,0,0,0,4:0
30,舌根,灰黑,舌根_灰黑,0,0,0,0,0,4:0
31,舌尖,淡紅,舌尖_淡紅,0,1,0,0,1,3:1
31,舌尖,淡白,舌尖_淡白,0,0,0,0,0,4:0
31,舌尖,鮮紅,舌尖_鮮紅,1,0,1,1,3,3:1
31,舌尖,暗紅,舌尖_暗紅,0,0,0,1,1,3:1
31,舌尖,青紫,舌尖_青紫,0,0,0,0,0,4:0
31,舌尖,灰黑,舌尖_灰黑,0,0,0,0,0,4:0
31,舌中,淡紅,舌中_淡紅,0,1,0,0,1,3:1
31,舌中,淡白,舌中_淡白,0,0,0,0,0,4:0
31,舌中,鮮紅,舌中_鮮紅,0,0,1,1,2,2:2
31,舌中,暗紅,舌中_暗紅,1,0,0,1,2,2:2
31,舌中,青紫,舌中_青紫,0,0,0,0,0,4:0
31,舌中,灰黑,舌中_灰黑,0,0,0,0,0,4:0
31,舌左邊,淡紅,舌左邊_淡紅,0,0,0,0,0,4:0
31,舌左邊,淡白,舌左邊_淡白,0,0,0,0,0,4:0
31,舌左邊,鮮紅,舌左邊_鮮紅,1,1,1,1,4,4:0
31,舌左邊,暗紅,舌左邊_暗紅,0,0,0,1,1,3:1
31,舌左邊,青紫,舌左邊_青紫,0,0,0,0,0,4:0
31,舌左邊,灰黑,舌左邊_灰黑,0,0,0,0,0,4:0
31,舌右邊,淡紅,舌右邊_淡紅,0,0,0,0,0,4:0
31,舌右邊,淡白,舌右邊_淡白,0,0,0,0,0,4:0
31,舌右邊,鮮紅,舌右邊_鮮紅,1,1,1,1,4,4:0
31,舌右邊,暗紅,舌右邊_暗紅,0,0,0,1,1,3:1
31,舌右邊,青紫,舌右邊_青紫,0,0,0,0,0,4:0
31,舌右邊,灰黑,舌右邊_灰黑,0,0,0,0,0,4:0
31,舌根,淡紅,舌根_淡紅,0,1,0,0,1,3:1
31,舌根,淡白,舌根_淡白,0,0,0,0,0,4:0
31,舌根,鮮紅,舌根_鮮紅,0,0,1,1,2,2:2
31,舌根,暗紅,舌根_暗紅,1,0,0,1,2,2:2
31,舌根,青紫,舌根_青紫,0,0,0,0,0,4:0
31,舌根,灰黑,舌根_灰黑,0,0,0,0,0,4:0
32,舌尖,淡紅,舌尖_淡紅,0,1,0,0,1,3:1
32,舌尖,淡白,舌尖_淡白,0,0,0,0,0,4:0
32,舌尖,鮮紅,舌尖_鮮紅,1,0,1,1,3,3:1
32,舌尖,暗紅,舌尖_暗紅,0,0,0,0,0,4:0
32,舌尖,青紫,舌尖_青紫,0,0,0,0,0,4:0
32,舌尖,灰黑,舌尖_灰黑,0,0,0,0,0,4:0
32,舌中,淡紅,舌中_淡紅,1,1,0,0,2,2:2
32,舌中,淡白,舌中_淡白,0,0,0,0,0,4:0
32,舌中,鮮紅,舌中_鮮紅,0,0,1,1,2,2:2
32,舌中,暗紅,舌中_暗紅,0,0,0,0,0,4:0
32,舌中,青紫,舌中_青紫,0,0,0,0,0,4:0
32,舌中,灰黑,舌中_灰黑,0,0,0,0,0,4:0
32,舌左邊,淡紅,舌左邊_淡紅,0,1,0,0,1,3:1
32,舌左邊,淡白,舌左邊_淡白,0,0,0,0,0,4:0
32,舌左邊,鮮紅,舌左邊_鮮紅,1,0,1,1,3,3:1
32,舌左邊,暗紅,舌左邊_暗紅,0,0,0,0,0,4:0
32,舌左邊,青紫,舌左邊_青紫,0,0,0,1,1,3:1
32,舌左邊,灰黑,舌左邊_灰黑,0,0,0,0,0,4:0
32,舌右邊,淡紅,舌右邊_淡紅,0,1,0,0,1,3:1
32,舌右邊,淡白,舌右邊_淡白,0,0,0,0,0,4:0
32,舌右邊,鮮紅,舌右邊_鮮紅,1,0,1,1,3,3:1
32,舌右邊,暗紅,舌右邊_暗紅,0,0,0,0,0,4:0
32,舌右邊,青紫,舌右邊_青紫,0,0,1,1,2,2:2
32,舌右邊,灰黑,舌右邊_灰黑,0,0,0,0,0,4:0
32,舌根,淡紅,舌根_淡紅,1,1,0,0,2,2:2
32,舌根,淡白,舌根_淡白,0,0,0,0,0,4:0
32,舌根,鮮紅,舌根_鮮紅,0,0,1,1,2,2:2
32,舌根,暗紅,舌根_暗紅,0,0,0,0,0,4:0
32,舌根,青紫,舌根_青紫,0,0,0,0,0,4:0
32,舌根,灰黑,舌根_灰黑,0,0,0,0,0,4:0
33,舌尖,淡紅,舌尖_淡紅,0,1,1,0,2,2:2
33,舌尖,淡白,舌尖_淡白,0,0,0,0,0,4:0
33,舌尖,鮮紅,舌尖_鮮紅,1,0,1,1,3,3:1
33,舌尖,暗紅,舌尖_暗紅,0,0,0,1,1,3:1
33,舌尖,青紫,舌尖_青紫,0,0,0,1,1,3:1
33,舌尖,灰黑,舌尖_灰黑,0,0,0,0,0,4:0
33,舌中,淡紅,舌中_淡紅,0,1,1,0,2,2:2
33,舌中,淡白,舌中_淡白,0,0,0,0,0,4:0
33,舌中,鮮紅,舌中_鮮紅,0,0,1,1,2,2:2
33,舌中,暗紅,舌中_暗紅,1,0,0,1,2,2:2
33,舌中,青紫,舌中_青紫,0,0,1,1,2,2:2
33,舌中,灰黑,舌中_灰黑,0,0,0,0,0,4:0
33,舌左邊,淡紅,舌左邊_淡紅,0,1,1,0,2,2:2
33,舌左邊,淡白,舌左邊_淡白,0,0,0,0,0,4:0
33,舌左邊,鮮紅,舌左邊_鮮紅,0,0,1,1,2,2:2
33,舌左邊,暗紅,舌左邊_暗紅,1,0,0,1,2,2:2
33,舌左邊,青紫,舌左邊_青紫,0,0,0,1,1,3:1
33,舌左邊,灰黑,舌左邊_灰黑,0,0,0,0,0,4:0
33,舌右邊,淡紅,舌右邊_淡紅,0,1,1,0,2,2:2
33,舌右邊,淡白,舌右邊_淡白,0,0,0,0,0,4:0
33,舌右邊,鮮紅,舌右邊_鮮紅,0,0,1,1,2,2:2
33,舌右邊,暗紅,舌右邊_暗紅,1,0,0,1,2,2:2
33,舌右邊,青紫,舌右邊_青紫,0,0,0,1,1,3:1
33,舌右邊,灰黑,舌右邊_灰黑,0,0,0,0,0,4:0
33,舌根,淡紅,舌根_淡紅,0,1,1,0,2,2:2
33,舌根,淡白,舌根_淡白,0,0,0,0,0,4:0
33,舌根,鮮紅,舌根_鮮紅,0,0,1,1,2,2:2
33,舌根,暗紅,舌根_暗紅,1,0,0,1,2,2:2
33,舌根,青紫,舌根_青紫,0,0,0,0,0,4:0
33,舌根,灰黑,舌根_灰黑,0,0,0,0,0,4:0
34,舌尖,淡紅,舌尖_淡紅,0,1,0,0,1,3:1
34,舌尖,淡白,舌尖_淡白,0,0,0,0,0,4:0
34,舌尖,鮮紅,舌尖_鮮紅,1,0,1,1,3,3:1
34,舌尖,暗紅,舌尖_暗紅,0,0,0,1,1,3:1
34,舌尖,青紫,舌尖_青紫,0,0,0,0,0,4:0
34,舌尖,灰黑,舌尖_灰黑,0,0,0,0,0,4:0
34,舌中,淡紅,舌中_淡紅,1,1,0,0,2,2:2
34,舌中,淡白,舌中_淡白,0,0,0,0,0,4:0
34,舌中,鮮紅,舌中_鮮紅,0,0,1,1,2,2:2
34,舌中,暗紅,舌中_暗紅,0,0,0,1,1,3:1
34,舌中,青紫,舌中_青紫,0,0,1,1,2,2:2
34,舌中,灰黑,舌中_灰黑,0,0,0,0,0,4:0
34,舌左邊,淡紅,舌左邊_淡紅,0,1,0,0,1,3:1
34,舌左邊,淡白,舌左邊_淡白,0,0,0,0,0,4:0
34,舌左邊,鮮紅,舌左邊_鮮紅,1,0,1,1,3,3:1
34,舌左邊,暗紅,舌左邊_暗紅,0,0,0,1,1,3:1
34,舌左邊,青紫,舌左邊_青紫,0,0,1,1,2,2:2
34,舌左邊,灰黑,舌左邊_灰黑,0,0,0,0,0,4:0
34,舌右邊,淡紅,舌右邊_淡紅,0,1,0,0,1,3:1
34,舌右邊,淡白,舌右邊_淡白,0,0,0,0,0,4:0
34,舌右邊,鮮紅,舌右邊_鮮紅,1,0,1,1,3,3:1
34,舌右邊,暗紅,舌右邊_暗紅,0,0,0,1,1,3:1
34,舌右邊,青紫,舌右邊_青紫,0,0,1,1,2,2:2
34,舌右邊,灰黑,舌右邊_灰黑,0,0,0,0,0,4:0
34,舌根,淡紅,舌根_淡紅,0,1,0,0,1,3:1
34,舌根,淡白,舌根_淡白,0,0,0,0,0,4:0
34,舌根,鮮紅,舌根_鮮紅,0,0,1,1,2,2:2
34,舌根,暗紅,舌根_暗紅,1,0,0,1,2,2:2
34,舌根,青紫,舌根_青紫,0,0,0,0,0,4:0
34,舌根,灰黑,舌根_灰黑,0,0,0,0,0,4:0
35,舌尖,淡紅,舌尖_淡紅,1,0,1,0,2,2:2
35,舌尖,淡白,舌尖_淡白,0,0,0,0,0,4:0
35,舌尖,鮮紅,舌尖_鮮紅,0,0,1,1,2,2:2
35,舌尖,暗紅,舌尖_暗紅,0,0,0,1,1,3:1
35,舌尖,青紫,舌尖_青紫,0,1,1,1,3,3:1
35,舌尖,灰黑,舌尖_灰黑,0,0,0,0,0,4:0
35,舌中,淡紅,舌中_淡紅,0,0,1,0,1,3:1
35,舌中,淡白,舌中_淡白,0,0,0,0,0,4:0
35,舌中,鮮紅,舌中_鮮紅,0,0,1,1,2,2:2
35,舌中,暗紅,舌中_暗紅,1,1,0,1,3,3:1
35,舌中,青紫,舌中_青紫,0,0,0,0,0,4:0
35,舌中,灰黑,舌中_灰黑,0,0,0,0,0,4:0
35,舌左邊,淡紅,舌左邊_淡紅,0,0,1,0,1,3:1
35,舌左邊,淡白,舌左邊_淡白,0,0,0,0,0,4:0
35,舌左邊,鮮紅,舌左邊_鮮紅,1,0,1,1,3,3:1
35,舌左邊,暗紅,舌左邊_暗紅,0,1,0,1,2,2:2
35,舌左邊,青紫,舌左邊_青紫,0,0,1,1,2,2:2
35,舌左邊,灰黑,舌左邊_灰黑,0,0,0,0,0,4:0
35,舌右邊,淡紅,舌右邊_淡紅,0,0,1,0,1,3:1
35,舌右邊,淡白,舌右邊_淡白,0,0,0,0,0,4:0
35,舌右邊,鮮紅,舌右邊_鮮紅,1,0,1,1,3,3:1
35,舌右邊,暗紅,舌右邊_暗紅,0,1,0,1,2,2:2
35,舌右邊,青紫,舌右邊_青紫,0,0,1,1,2,2:2
35,舌右邊,灰黑,舌右邊_灰黑,0,0,0,0,0,4:0
35,舌根,淡紅,舌根_淡紅,0,0,1,0,1,3:1
35,舌根,淡白,舌根_淡白,0,0,0,0,0,4:0
35,舌根,鮮紅,舌根_鮮紅,0,0,1,1,2,2:2
35,舌根,暗紅,舌根_暗紅,1,1,0,1,3,3:1
35,舌根,青紫,舌根_青紫,0,0,0,0,0,4:0
35,舌根,灰黑,舌根_灰黑,0,0,0,0,0,4:0
36,舌尖,淡紅,舌尖_淡紅,1,1,1,1,4,4:0
36,舌尖,淡白,舌尖_淡白,0,0,0,0,0,4:0
36,舌尖,鮮紅,舌尖_鮮紅,0,0,0,0,0,4:0
36,舌尖,暗紅,舌尖_暗紅,0,0,0,0,0,4:0
36,舌尖,青紫,舌尖_青紫,0,0,0,0,0,4:0
36,舌尖,灰黑,舌尖_灰黑,0,0,0,0,0,4:0
36,舌中,淡紅,舌中_淡紅,1,0,1,1,3,3:1
36,舌中,淡白,舌中_淡白,0,1,0,0,1,3:1
36,舌中,鮮紅,舌中_鮮紅,0,0,0,0,0,4:0
36,舌中,暗紅,舌中_暗紅,0,0,0,0,0,4:0
36,舌中,青紫,舌中_青紫,0,0,0,0,0,4:0
36,舌中,灰黑,舌中_灰黑,0,0,0,0,0,4:0
36,舌左邊,淡紅,舌左邊_淡紅,1,0,1,1,3,3:1
36,舌左邊,淡白,舌左邊_淡白,0,1,0,1,2,2:2
36,舌左邊,鮮紅,舌左邊_鮮紅,0,0,0,0,0,4:0
36,舌左邊,暗紅,舌左邊_暗紅,0,0,0,0,0,4:0
36,舌左邊,青紫,舌左邊_青紫,0,0,0,0,0,4:0
36,舌左邊,灰黑,舌左邊_灰黑,0,0,0,0,0,4:0
36,舌右邊,淡紅,舌右邊_淡紅,1,0,1,1,3,3:1
36,舌右邊,淡白,舌右邊_淡白,0,1,0,1,2,2:2
36,舌右邊,鮮紅,舌右邊_鮮紅,0,0,0,0,0,4:0
36,舌右邊,暗紅,舌右邊_暗紅,0,0,0,0,0,4:0
36,舌右邊,青紫,舌右邊_青紫,0,0,0,0,0,4:0
36,舌右邊,灰黑,舌右邊_灰黑,0,0,0,0,0,4:0
36,舌根,淡紅,舌根_淡紅,1,0,1,1,3,3:1
36,舌根,淡白,舌根_淡白,0,1,0,0,1,3:1
36,舌根,鮮紅,舌根_鮮紅,0,0,0,0,0,4:0
36,舌根,暗紅,舌根_暗紅,0,0,0,0,0,4:0
36,舌根,青紫,舌根_青紫,0,0,0,0,0,4:0
36,舌根,灰黑,舌根_灰黑,0,0,0,0,0,4:0
37,舌尖,淡紅,舌尖_淡紅,1,1,1,1,4,4:0
37,舌尖,淡白,舌尖_淡白,0,0,0,0,0,4:0
37,舌尖,鮮紅,舌尖_鮮紅,0,0,0,0,0,4:0
37,舌尖,暗紅,舌尖_暗紅,0,0,0,1,1,3:1
37,舌尖,青紫,舌尖_青紫,0,0,0,0,0,4:0
37,舌尖,灰黑,舌尖_灰黑,0,0,0,0,0,4:0
37,舌中,淡紅,舌中_淡紅,0,1,1,1,3,3:1
37,舌中,淡白,舌中_淡白,0,0,0,0,0,4:0
37,舌中,鮮紅,舌中_鮮紅,0,0,0,0,0,4:0
37,舌中,暗紅,舌中_暗紅,0,0,0,1,1,3:1
37,舌中,青紫,舌中_青紫,1,0,1,1,3,3:1
37,舌中,灰黑,舌中_灰黑,0,0,0,0,0,4:0
37,舌左邊,淡紅,舌左邊_淡紅,1,1,1,1,4,4:0
37,舌左邊,淡白,舌左邊_淡白,0,0,0,0,0,4:0
37,舌左邊,鮮紅,舌左邊_鮮紅,0,0,0,0,0,4:0
37,舌左邊,暗紅,舌左邊_暗紅,0,0,0,1,1,3:1
37,舌左邊,青紫,舌左邊_青紫,0,0,0,0,0,4:0
37,舌左邊,灰黑,舌左邊_灰黑,0,0,0,0,0,4:0
37,舌右邊,淡紅,舌右邊_淡紅,1,1,1,1,4,4:0
37,舌右邊,淡白,舌右邊_淡白,0,0,0,0,0,4:0
37,舌右邊,鮮紅,舌右邊_鮮紅,0,0,0,0,0,4:0
37,舌右邊,暗紅,舌右邊_暗紅,0,0,0,1,1,3:1
37,舌右邊,青紫,舌右邊_青紫,0,0,0,0,0,4:0
37,舌右邊,灰黑,舌右邊_灰黑,0,0,0,0,0,4:0
37,舌根,淡紅,舌根_淡紅,0,1,1,1,3,3:1
37,舌根,淡白,舌根_淡白,0,0,0,0,0,4:0
37,舌根,鮮紅,舌根_鮮紅,0,0,0,0,0,4:0
37,舌根,暗紅,舌根_暗紅,0,0,0,1,1,3:1
37,舌根,青紫,舌根_青紫,1,0,0,0,1,3:1
37,舌根,灰黑,舌根_灰黑,0,0,0,0,0,4:0
38,舌尖,淡紅,舌尖_淡紅,0,1,1,1,3,3:1
38,舌尖,淡白,舌尖_淡白,0,0,0,0,0,4:0
38,舌尖,鮮紅,舌尖_鮮紅,1,0,0,0,1,3:1
38,舌尖,暗紅,舌尖_暗紅,0,0,0,0,0,4:0
38,舌尖,青紫,舌尖_青紫,0,0,0,0,0,4:0
38,舌尖,灰黑,舌尖_灰黑,0,0,0,0,0,4:0
38,舌中,淡紅,舌中_淡紅,1,0,1,1,3,3:1
38,舌中,淡白,舌中_淡白,0,0,0,0,0,4:0
38,舌中,鮮紅,舌中_鮮紅,0,0,0,0,0,4:0
38,舌中,暗紅,舌中_暗紅,0,1,0,0,1,3:1
38,舌中,青紫,舌中_青紫,0,0,1,0,1,3:1
38,舌中,灰黑,舌中_灰黑,0,0,0,0,0,4:0
38,舌左邊,淡紅,舌左邊_淡紅,1,0,1,1,3,3:1
38,舌左邊,淡白,舌左邊_淡白,0,0,0,1,1,3:1
38,舌左邊,鮮紅,舌左邊_鮮紅,0,0,0,0,0,4:0
38,舌左邊,暗紅,舌左邊_暗紅,0,1,0,0,1,3:1
38,舌左邊,青紫,舌左邊_青紫,0,0,1,0,1,3:1
38,舌左邊,灰黑,舌左邊_灰黑,0,0,0,0,0,4:0
38,舌右邊,淡紅,舌右邊_淡紅,1,0,1,1,3,3:1
38,舌右邊,淡白,舌右邊_淡白,0,0,0,1,1,3:1
38,舌右邊,鮮紅,舌右邊_鮮紅,0,0,0,0,0,4:0
38,舌右邊,暗紅,舌右邊_暗紅,0,1,0,0,1,3:1
38,舌右邊,青紫,舌右邊_青紫,0,0,1,0,1,3:1
38,舌右邊,灰黑,舌右邊_灰黑,0,0,0,0,0,4:0
38,舌根,淡紅,舌根_淡紅,0,0,1,1,2,2:2
38,舌根,淡白,舌根_淡白,0,0,0,0,0,4:0
38,舌根,鮮紅,舌根_鮮紅,0,0,0,0,0,4:0
38,舌根,暗紅,舌根_暗紅,1,1,0,0,2,2:2
38,舌根,青紫,舌根_青紫,0,0,0,0,0,4:0
38,舌根,灰黑,舌根_灰黑,0,0,0,0,0,4:0
39,舌尖,淡紅,舌尖_淡紅,1,1,1,0,3,3:1
39,舌尖,淡白,舌尖_淡白,0,0,0,0,0,4:0
39,舌尖,鮮紅,舌尖_鮮紅,0,0,1,1,2,2:2
39,舌尖,暗紅,舌尖_暗紅,0,0,0,1,1,3:1
39,舌尖,青紫,舌尖_青紫,0,0,0,1,1,3:1
39,舌尖,灰黑,舌尖_灰黑,0,0,0,0,0,4:0
39,舌中,淡紅,舌中_淡紅,0,1,1,0,2,2:2
39,舌中,淡白,舌中_淡白,0,0,0,0,0,4:0
39,舌中,鮮紅,舌中_鮮紅,0,0,1,1,2,2:2
39,舌中,暗紅,舌中_暗紅,1,0,0,1,2,2:2
39,舌中,青紫,舌中_青紫,0,0,0,1,1,3:1
39,舌中,灰黑,舌中_灰黑,0,0,0,0,0,4:0
39,舌左邊,淡紅,舌左邊_淡紅,1,1,1,0,3,3:1
39,舌左邊,淡白,舌左邊_淡白,0,0,0,0,0,4:0
39,舌左邊,鮮紅,舌左邊_鮮紅,0,0,1,1,2,2:2
39,舌左邊,暗紅,舌左邊_暗紅,0,0,0,1,1,3:1
39,舌左邊,青紫,舌左邊_青紫,0,1,0,0,1,3:1
39,舌左邊,灰黑,舌左邊_灰黑,0,0,0,0,0,4:0
39,舌右邊,淡紅,舌右邊_淡紅,0,1,1,0,2,2:2
39,舌右邊,淡白,舌右邊_淡白,0,0,0,0,0,4:0
39,舌右邊,鮮紅,舌右邊_鮮紅,0,0,1,1,2,2:2
39,舌右邊,暗紅,舌右邊_暗紅,1,0,0,1,2,2:2
39,舌右邊,青紫,舌右邊_青紫,0,1,0,1,2,2:2
39,舌右邊,灰黑,舌右邊_灰黑,0,0,0,0,0,4:0
39,舌根,淡紅,舌根_淡紅,0,1,1,0,2,2:2
39,舌根,淡白,舌根_淡白,0,0,0,0,0,4:0
39,舌根,鮮紅,舌根_鮮紅,0,0,1,1,2,2:2
39,舌根,暗紅,舌根_暗紅,1,0,0,1,2,2:2
39,舌根,青紫,舌根_青紫,0,0,0,0,0,4:0
39,舌根,灰黑,舌根_灰黑,0,0,0,0,0,4:0
4,舌尖,淡紅,舌尖_淡紅,1,0,0,0,1,3:1
4,舌尖,淡白,舌尖_淡白,0,0,0,0,0,4:0
4,舌尖,鮮紅,舌尖_鮮紅,0,0,0,1,1,3:1
4,舌尖,暗紅,舌尖_暗紅,0,1,1,0,2,2:2
4,舌尖,青紫,舌尖_青紫,0,0,0,1,1,3:1
4,舌尖,灰黑,舌尖_灰黑,0,0,0,0,0,4:0
4,舌中,淡紅,舌中_淡紅,1,0,0,0,1,3:1
4,舌中,淡白,舌中_淡白,0,0,0,0,0,4:0
4,舌中,鮮紅,舌中_鮮紅,0,0,0,1,1,3:1
4,舌中,暗紅,舌中_暗紅,0,1,1,0,2,2:2
4,舌中,青紫,舌中_青紫,0,0,0,1,1,3:1
4,舌中,灰黑,舌中_灰黑,0,0,0,0,0,4:0
4,舌左邊,淡紅,舌左邊_淡紅,0,0,0,0,0,4:0
4,舌左邊,淡白,舌左邊_淡白,0,0,0,0,0,4:0
4,舌左邊,鮮紅,舌左邊_鮮紅,1,0,0,1,2,2:2
4,舌左邊,暗紅,舌左邊_暗紅,0,1,1,0,2,2:2
4,舌左邊,青紫,舌左邊_青紫,0,0,0,0,0,4:0
4,舌左邊,灰黑,舌左邊_灰黑,0,0,0,0,0,4:0
4,舌右邊,淡紅,舌右邊_淡紅,0,0,0,0,0,4:0
4,舌右邊,淡白,舌右邊_淡白,0,0,0,0,0,4:0
4,舌右邊,鮮紅,舌右邊_鮮紅,1,0,0,1,2,2:2
4,舌右邊,暗紅,舌右邊_暗紅,0,1,1,0,2,2:2
4,舌右邊,青紫,舌右邊_青紫,0,0,0,0,0,4:0
4,舌右邊,灰黑,舌右邊_灰黑,0,0,0,0,0,4:0
4,舌根,淡紅,舌根_淡紅,0,0,0,0,0,4:0
4,舌根,淡白,舌根_淡白,0,0,0,0,0,4:0
4,舌根,鮮紅,舌根_鮮紅,1,0,0,1,2,2:2
4,舌根,暗紅,舌根_暗紅,0,1,1,0,2,2:2
4,舌根,青紫,舌根_青紫,0,0,0,0,0,4:0
4,舌根,灰黑,舌根_灰黑,0,0,0,0,0,4:0
40,舌尖,淡紅,舌尖_淡紅,0,0,1,0,1,3:1
40,舌尖,淡白,舌尖_淡白,0,0,0,0,0,4:0
40,舌尖,鮮紅,舌尖_鮮紅,0,0,1,1,2,2:2
40,舌尖,暗紅,舌尖_暗紅,1,0,0,1,2,2:2
40,舌尖,青紫,舌尖_青紫,0,1,1,1,3,3:1
40,舌尖,灰黑,舌尖_灰黑,0,0,0,0,0,4:0
40,舌中,淡紅,舌中_淡紅,0,0,1,0,1,3:1
40,舌中,淡白,舌中_淡白,0,0,0,0,0,4:0
40,舌中,鮮紅,舌中_鮮紅,0,0,1,1,2,2:2
40,舌中,暗紅,舌中_暗紅,1,0,0,1,2,2:2
40,舌中,青紫,舌中_青紫,0,1,0,0,1,3:1
40,舌中,灰黑,舌中_灰黑,0,0,0,0,0,4:0
40,舌左邊,淡紅,舌左邊_淡紅,0,0,1,0,1,3:1
40,舌左邊,淡白,舌左邊_淡白,0,0,0,0,0,4:0
40,舌左邊,鮮紅,舌左邊_鮮紅,1,0,1,1,3,3:1
40,舌左邊,暗紅,舌左邊_暗紅,0,1,0,1,2,2:2
40,舌左邊,青紫,舌左邊_青紫,0,0,0,1,1,3:1
40,舌左邊,灰黑,舌左邊_灰黑,0,0,0,0,0,4:0
40,舌右邊,淡紅,舌右邊_淡紅,0,0,1,0,1,3:1
40,舌右邊,淡白,舌右邊_淡白,0,0,0,0,0,4:0
40,舌右邊,鮮紅,舌右邊_鮮紅,1,0,1,1,3,3:1
40,舌右邊,暗紅,舌右邊_暗紅,0,1,0,1,2,2:2
40,舌右邊,青紫,舌右邊_青紫,0,0,0,1,1,3:1
40,舌右邊,灰黑,舌右邊_灰黑,0,0,0,0,0,4:0
40,舌根,淡紅,舌根_淡紅,0,0,1,0,1,3:1
40,舌根,淡白,舌根_淡白,0,0,0,0,0,4:0
40,舌根,鮮紅,舌根_鮮紅,0,0,1,1,2,2:2
40,舌根,暗紅,舌根_暗紅,1,1,0,1,3,3:1
40,舌根,青紫,舌根_青紫,0,0,0,0,0,4:0
40,舌根,灰黑,舌根_灰黑,0,0,0,0,0,4:0
41,舌尖,淡紅,舌尖_淡紅,0,0,1,1,2,2:2
41,舌尖,淡白,舌尖_淡白,0,1,0,0,1,3:1
41,舌尖,鮮紅,舌尖_鮮紅,0,0,0,0,0,4:0
41,舌尖,暗紅,舌尖_暗紅,1,0,1,1,3,3:1
41,舌尖,青紫,舌尖_青紫,0,0,1,0,1,3:1
41,舌尖,灰黑,舌尖_灰黑,0,0,0,0,0,4:0
41,舌中,淡紅,舌中_淡紅,0,0,1,1,2,2:2
41,舌中,淡白,舌中_淡白,0,1,0,0,1,3:1
41,舌中,鮮紅,舌中_鮮紅,0,0,0,0,0,4:0
41,舌中,暗紅,舌中_暗紅,1,0,1,1,3,3:1
41,舌中,青紫,舌中_青紫,0,0,0,0,0,4:0
41,舌中,灰黑,舌中_灰黑,0,0,0,0,0,4:0
41,舌左邊,淡紅,舌左邊_淡紅,0,1,1,1,3,3:1
41,舌左邊,淡白,舌左邊_淡白,0,0,0,0,0,4:0
41,舌左邊,鮮紅,舌左邊_鮮紅,0,0,0,0,0,4:0
41,舌左邊,暗紅,舌左邊_暗紅,1,0,1,1,3,3:1
41,舌左邊,青紫,舌左邊_青紫,0,0,1,1,2,2:2
41,舌左邊,灰黑,舌左邊_灰黑,0,0,0,0,0,4:0
41,舌右邊,淡紅,舌右邊_淡紅,0,1,1,1,3,3:1
41,舌右邊,淡白,舌右邊_淡白,0,0,0,0,0,4:0
41,舌右邊,鮮紅,舌右邊_鮮紅,0,0,0,0,0,4:0
41,舌右邊,暗紅,舌右邊_暗紅,1,0,1,1,3,3:1
41,舌右邊,青紫,舌右邊_青紫,0,0,1,1,2,2:2
41,舌右邊,灰黑,舌右邊_灰黑,0,0,0,0,0,4:0
41,舌根,淡紅,舌根_淡紅,1,0,1,1,3,3:1
41,舌根,淡白,舌根_淡白,0,1,0,0,1,3:1
41,舌根,鮮紅,舌根_鮮紅,0,0,0,0,0,4:0
41,舌根,暗紅,舌根_暗紅,0,0,1,1,2,2:2
41,舌根,青紫,舌根_青紫,0,0,0,0,0,4:0
41,舌根,灰黑,舌根_灰黑,0,0,0,0,0,4:0
42,舌尖,淡紅,舌尖_淡紅,0,0,1,0,1,3:1
42,舌尖,淡白,舌尖_淡白,0,0,0,0,0,4:0
42,舌尖,鮮紅,舌尖_鮮紅,1,0,1,1,3,3:1
42,舌尖,暗紅,舌尖_暗紅,0,0,0,1,1,3:1
42,舌尖,青紫,舌尖_青紫,0,1,0,0,1,3:1
42,舌尖,灰黑,舌尖_灰黑,0,0,0,0,0,4:0
42,舌中,淡紅,舌中_淡紅,0,1,1,0,2,2:2
42,舌中,淡白,舌中_淡白,0,0,0,0,0,4:0
42,舌中,鮮紅,舌中_鮮紅,0,0,1,1,2,2:2
42,舌中,暗紅,舌中_暗紅,1,0,0,1,2,2:2
42,舌中,青紫,舌中_青紫,0,0,1,1,2,2:2
42,舌中,灰黑,舌中_灰黑,0,0,0,0,0,4:0
42,舌左邊,淡紅,舌左邊_淡紅,0,0,1,0,1,3:1
42,舌左邊,淡白,舌左邊_淡白,0,0,0,0,0,4:0
42,舌左邊,鮮紅,舌左邊_鮮紅,0,1,1,1,3,3:1
42,舌左邊,暗紅,舌左邊_暗紅,1,0,0,1,2,2:2
42,舌左邊,青紫,舌左邊_青紫,0,0,1,1,2,2:2
42,舌左邊,灰黑,舌左邊_灰黑,0,0,0,0,0,4:0
42,舌右邊,淡紅,舌右邊_淡紅,0,0,1,0,1,3:1
42,舌右邊,淡白,舌右邊_淡白,0,0,0,0,0,4:0
42,舌右邊,鮮紅,舌右邊_鮮紅,0,1,1,1,3,3:1
42,舌右邊,暗紅,舌右邊_暗紅,1,0,0,1,2,2:2
42,舌右邊,青紫,舌右邊_青紫,0,0,1,1,2,2:2
42,舌右邊,灰黑,舌右邊_灰黑,0,0,0,0,0,4:0
42,舌根,淡紅,舌根_淡紅,0,1,1,0,2,2:2
42,舌根,淡白,舌根_淡白,0,0,0,0,0,4:0
42,舌根,鮮紅,舌根_鮮紅,0,0,1,1,2,2:2
42,舌根,暗紅,舌根_暗紅,1,0,0,1,2,2:2
42,舌根,青紫,舌根_青紫,0,0,1,0,1,3:1
42,舌根,灰黑,舌根_灰黑,0,0,0,0,0,4:0
43,舌尖,淡紅,舌尖_淡紅,0,1,0,0,1,3:1
43,舌尖,淡白,舌尖_淡白,0,0,0,0,0,4:0
43,舌尖,鮮紅,舌尖_鮮紅,1,0,1,1,3,3:1
43,舌尖,暗紅,舌尖_暗紅,0,0,0,0,0,4:0
43,舌尖,青紫,舌尖_青紫,0,0,0,0,0,4:0
43,舌尖,灰黑,舌尖_灰黑,0,0,0,0,0,4:0
43,舌中,淡紅,舌中_淡紅,1,1,0,0,2,2:2
43,舌中,淡白,舌中_淡白,0,0,0,0,0,4:0
43,舌中,鮮紅,舌中_鮮紅,0,0,1,1,2,2:2
43,舌中,暗紅,舌中_暗紅,0,0,0,0,0,4:0
43,舌中,青紫,舌中_青紫,0,0,1,0,1,3:1
43,舌中,灰黑,舌中_灰黑,0,0,0,0,0,4:0
43,舌左邊,淡紅,舌左邊_淡紅,0,1,0,0,1,3:1
43,舌左邊,淡白,舌左邊_淡白,0,0,0,0,0,4:0
43,舌左邊,鮮紅,舌左邊_鮮紅,0,0,1,1,2,2:2
43,舌左邊,暗紅,舌左邊_暗紅,0,0,0,0,0,4:0
43,舌左邊,青紫,舌左邊_青紫,1,0,0,1,2,2:2
43,舌左邊,灰黑,舌左邊_灰黑,0,0,0,0,0,4:0
43,舌右邊,淡紅,舌右邊_淡紅,0,1,0,0,1,3:1
43,舌右邊,淡白,舌右邊_淡白,0,0,0,0,0,4:0
43,舌右邊,鮮紅,舌右邊_鮮紅,0,0,1,1,2,2:2
43,舌右邊,暗紅,舌右邊_暗紅,0,0,0,0,0,4:0
43,舌右邊,青紫,舌右邊_青紫,1,0,1,1,3,3:1
43,舌右邊,灰黑,舌右邊_灰黑,0,0,0,0,0,4:0
43,舌根,淡紅,舌根_淡紅,0,1,0,0,1,3:1
43,舌根,淡白,舌根_淡白,0,0,0,0,0,4:0
43,舌根,鮮紅,舌根_鮮紅,0,0,1,1,2,2:2
43,舌根,暗紅,舌根_暗紅,0,0,0,0,0,4:0
43,舌根,青紫,舌根_青紫,1,0,0,0,1,3:1
43,舌根,灰黑,舌根_灰黑,0,0,0,0,0,4:0
44,舌尖,淡紅,舌尖_淡紅,1,1,0,0,2,2:2
44,舌尖,淡白,舌尖_淡白,0,0,0,0,0,4:0
44,舌尖,鮮紅,舌尖_鮮紅,0,0,1,1,2,2:2
44,舌尖,暗紅,舌尖_暗紅,0,0,0,1,1,3:1
44,舌尖,青紫,舌尖_青紫,0,0,0,0,0,4:0
44,舌尖,灰黑,舌尖_灰黑,0,0,0,0,0,4:0
44,舌中,淡紅,舌中_淡紅,1,1,0,0,2,2:2
44,舌中,淡白,舌中_淡白,0,0,0,0,0,4:0
44,舌中,鮮紅,舌中_鮮紅,0,0,1,1,2,2:2
44,舌中,暗紅,舌中_暗紅,0,0,0,1,1,3:1
44,舌中,青紫,舌中_青紫,0,0,1,1,2,2:2
44,舌中,灰黑,舌中_灰黑,0,0,0,0,0,4:0
44,舌左邊,淡紅,舌左邊_淡紅,1,1,0,0,2,2:2
44,舌左邊,淡白,舌左邊_淡白,0,0,0,0,0,4:0
44,舌左邊,鮮紅,舌左邊_鮮紅,0,0,1,1,2,2:2
44,舌左邊,暗紅,舌左邊_暗紅,0,0,0,1,1,3:1
44,舌左邊,青紫,舌左邊_青紫,0,0,0,0,0,4:0
44,舌左邊,灰黑,舌左邊_灰黑,0,0,0,0,0,4:0
44,舌右邊,淡紅,舌右邊_淡紅,1,1,0,0,2,2:2
44,舌右邊,淡白,舌右邊_淡白,0,0,0,0,0,4:0
44,舌右邊,鮮紅,舌右邊_鮮紅,0,0,1,1,2,2:2
44,舌右邊,暗紅,舌右邊_暗紅,0,0,0,1,1,3:1
44,舌右邊,青紫,舌右邊_青紫,0,0,0,0,0,4:0
44,舌右邊,灰黑,舌右邊_灰黑,0,0,0,0,0,4:0
44,舌根,淡紅,舌根_淡紅,0,1,0,0,1,3:1
44,舌根,淡白,舌根_淡白,0,0,0,0,0,4:0
44,舌根,鮮紅,舌根_鮮紅,0,0,1,1,2,2:2
44,舌根,暗紅,舌根_暗紅,1,0,0,1,2,2:2
44,舌根,青紫,舌根_青紫,0,0,0,0,0,4:0
44,舌根,灰黑,舌根_灰黑,0,0,0,0,0,4:0
45,舌尖,淡紅,舌尖_淡紅,1,0,1,0,2,2:2
45,舌尖,淡白,舌尖_淡白,0,0,0,0,0,4:0
45,舌尖,鮮紅,舌尖_鮮紅,0,0,0,0,0,4:0
45,舌尖,暗紅,舌尖_暗紅,0,0,0,1,1,3:1
45,舌尖,青紫,舌尖_青紫,0,1,0,0,1,3:1
45,舌尖,灰黑,舌尖_灰黑,0,0,0,0,0,4:0
45,舌中,淡紅,舌中_淡紅,0,1,0,0,1,3:1
45,舌中,淡白,舌中_淡白,0,0,0,0,0,4:0
45,舌中,鮮紅,舌中_鮮紅,0,0,0,0,0,4:0
45,舌中,暗紅,舌中_暗紅,1,0,1,1,3,3:1
45,舌中,青紫,舌中_青紫,0,0,0,1,1,3:1
45,舌中,灰黑,舌中_灰黑,0,0,0,0,0,4:0
45,舌左邊,淡紅,舌左邊_淡紅,1,1,1,0,3,3:1
45,舌左邊,淡白,舌左邊_淡白,0,0,0,0,0,4:0
45,舌左邊,鮮紅,舌左邊_鮮紅,0,0,0,0,0,4:0
45,舌左邊,暗紅,舌左邊_暗紅,0,0,0,1,1,3:1
45,舌左邊,青紫,舌左邊_青紫,0,0,0,1,1,3:1
45,舌左邊,灰黑,舌左邊_灰黑,0,0,0,0,0,4:0
45,舌右邊,淡紅,舌右邊_淡紅,1,1,1,0,3,3:1
45,舌右邊,淡白,舌右邊_淡白,0,0,0,0,0,4:0
45,舌右邊,鮮紅,舌右邊_鮮紅,0,0,0,0,0,4:0
45,舌右邊,暗紅,舌右邊_暗紅,0,0,0,1,1,3:1
45,舌右邊,青紫,舌右邊_青紫,0,0,0,1,1,3:1
45,舌右邊,灰黑,舌右邊_灰黑,0,0,0,0,0,4:0
45,舌根,淡紅,舌根_淡紅,0,1,0,0,1,3:1
45,舌根,淡白,舌根_淡白,0,0,0,0,0,4:0
45,舌根,鮮紅,舌根_鮮紅,0,0,0,0,0,4:0
45,舌根,暗紅,舌根_暗紅,1,0,1,1,3,3:1
45,舌根,青紫,舌根_青紫,0,0,0,0,0,4:0
45,舌根,灰黑,舌根_灰黑,0,0,0,0,0,4:0
46,舌尖,淡紅,舌尖_淡紅,0,0,1,1,2,2:2
46,舌尖,淡白,舌尖_淡白,0,0,0,0,0,4:0
46,舌尖,鮮紅,舌尖_鮮紅,1,1,0,0,2,2:2
46,舌尖,暗紅,舌尖_暗紅,0,0,0,1,1,3:1
46,舌尖,青紫,舌尖_青紫,0,0,1,0,1,3:1
46,舌尖,灰黑,舌尖_灰黑,0,0,0,0,0,4:0
46,舌中,淡紅,舌中_淡紅,1,1,1,1,4,4:0
46,舌中,淡白,舌中_淡白,0,0,0,0,0,4:0
46,舌中,鮮紅,舌中_鮮紅,0,0,0,0,0,4:0
46,舌中,暗紅,舌中_暗紅,0,0,0,1,1,3:1
46,舌中,青紫,舌中_青紫,0,0,1,1,2,2:2
46,舌中,灰黑,舌中_灰黑,0,0,0,0,0,4:0
46,舌左邊,淡紅,舌左邊_淡紅,1,1,1,1,4,4:0
46,舌左邊,淡白,舌左邊_淡白,0,0,0,0,0,4:0
46,舌左邊,鮮紅,舌左邊_鮮紅,0,0,0,0,0,4:0
46,舌左邊,暗紅,舌左邊_暗紅,0,0,0,1,1,3:1
46,舌左邊,青紫,舌左邊_青紫,0,0,1,0,1,3:1
46,舌左邊,灰黑,舌左邊_灰黑,0,0,0,0,0,4:0
46,舌右邊,淡紅,舌右邊_淡紅,1,1,1,1,4,4:0
46,舌右邊,淡白,舌右邊_淡白,0,0,0,0,0,4:0
46,舌右邊,鮮紅,舌右邊_鮮紅,0,0,0,0,0,4:0
46,舌右邊,暗紅,舌右邊_暗紅,0,0,0,1,1,3:1
46,舌右邊,青紫,舌右邊_青紫,0,0,0,0,0,4:0
46,舌右邊,灰黑,舌右邊_灰黑,0,0,0,0,0,4:0
46,舌根,淡紅,舌根_淡紅,0,1,1,1,3,3:1
46,舌根,淡白,舌根_淡白,0,0,0,0,0,4:0
46,舌根,鮮紅,舌根_鮮紅,0,0,0,0,0,4:0
46,舌根,暗紅,舌根_暗紅,1,0,0,1,2,2:2
46,舌根,青紫,舌根_青紫,0,0,0,0,0,4:0
46,舌根,灰黑,舌根_灰黑,0,0,0,0,0,4:0
47,舌尖,淡紅,舌尖_淡紅,1,0,1,0,2,2:2
47,舌尖,淡白,舌尖_淡白,0,0,0,0,0,4:0
47,舌尖,鮮紅,舌尖_鮮紅,0,0,0,0,0,4:0
47,舌尖,暗紅,舌尖_暗紅,0,1,1,1,3,3:1
47,舌尖,青紫,舌尖_青紫,0,0,1,0,1,3:1
47,舌尖,灰黑,舌尖_灰黑,0,0,0,0,0,4:0
47,舌中,淡紅,舌中_淡紅,1,0,0,1,2,2:2
47,舌中,淡白,舌中_淡白,0,0,0,0,0,4:0
47,舌中,鮮紅,舌中_鮮紅,0,0,0,0,0,4:0
47,舌中,暗紅,舌中_暗紅,0,1,1,1,3,3:1
47,舌中,青紫,舌中_青紫,0,0,1,0,1,3:1
47,舌中,灰黑,舌中_灰黑,0,0,0,0,0,4:0
47,舌左邊,淡紅,舌左邊_淡紅,0,0,0,1,1,3:1
47,舌左邊,淡白,舌左邊_淡白,0,0,0,0,0,4:0
47,舌左邊,鮮紅,舌左邊_鮮紅,0,0,0,0,0,4:0
47,舌左邊,暗紅,舌左邊_暗紅,1,1,1,1,4,4:0
47,舌左邊,青紫,舌左邊_青紫,0,0,1,0,1,3:1
47,舌左邊,灰黑,舌左邊_灰黑,0,0,0,0,0,4:0
47,舌右邊,淡紅,舌右邊_淡紅,0,0,1,1,2,2:2
47,舌右邊,淡白,舌右邊_淡白,0,0,0,0,0,4:0
47,舌右邊,鮮紅,舌右邊_鮮紅,0,0,0,0,0,4:0
47,舌右邊,暗紅,舌右邊_暗紅,1,1,1,1,4,4:0
47,舌右邊,青紫,舌右邊_青紫,0,0,1,0,1,3:1
47,舌右邊,灰黑,舌右邊_灰黑,0,0,0,0,0,4:0
47,舌根,淡紅,舌根_淡紅,1,0,0,1,2,2:2
47,舌根,淡白,舌根_淡白,0,0,0,0,0,4:0
47,舌根,鮮紅,舌根_鮮紅,0,0,0,0,0,4:0
47,舌根,暗紅,舌根_暗紅,0,1,1,1,3,3:1
47,舌根,青紫,舌根_青紫,0,0,0,0,0,4:0
47,舌根,灰黑,舌根_灰黑,0,0,0,0,0,4:0
48,舌尖,淡紅,舌尖_淡紅,0,0,0,0,0,4:0
48,舌尖,淡白,舌尖_淡白,0,0,0,0,0,4:0
48,舌尖,鮮紅,舌尖_鮮紅,1,0,1,1,3,3:1
48,舌尖,暗紅,舌尖_暗紅,0,1,0,1,2,2:2
48,舌尖,青紫,舌尖_青紫,0,0,1,1,2,2:2
48,舌尖,灰黑,舌尖_灰黑,0,0,0,0,0,4:0
48,舌中,淡紅,舌中_淡紅,0,0,0,0,0,4:0
48,舌中,淡白,舌中_淡白,0,0,0,0,0,4:0
48,舌中,鮮紅,舌中_鮮紅,0,0,1,1,2,2:2
48,舌中,暗紅,舌中_暗紅,1,1,0,1,3,3:1
48,舌中,青紫,舌中_青紫,0,0,1,1,2,2:2
48,舌中,灰黑,舌中_灰黑,0,0,0,0,0,4:0
48,舌左邊,淡紅,舌左邊_淡紅,0,0,0,0,0,4:0
48,舌左邊,淡白,舌左邊_淡白,0,0,0,0,0,4:0
48,舌左邊,鮮紅,舌左邊_鮮紅,0,0,1,1,2,2:2
48,舌左邊,暗紅,舌左邊_暗紅,1,1,0,1,3,3:1
48,舌左邊,青紫,舌左邊_青紫,0,1,0,1,2,2:2
48,舌左邊,灰黑,舌左邊_灰黑,0,0,0,0,0,4:0
48,舌右邊,淡紅,舌右邊_淡紅,0,0,0,0,0,4:0
48,舌右邊,淡白,舌右邊_淡白,0,0,0,0,0,4:0
48,舌右邊,鮮紅,舌右邊_鮮紅,0,0,1,1,2,2:2
48,舌右邊,暗紅,舌右邊_暗紅,1,1,0,1,3,3:1
48,舌右邊,青紫,舌右邊_青紫,0,1,0,1,2,2:2
48,舌右邊,灰黑,舌右邊_灰黑,0,0,0,0,0,4:0
48,舌根,淡紅,舌根_淡紅,0,0,0,0,0,4:0
48,舌根,淡白,舌根_淡白,0,0,0,0,0,4:0
48,舌根,鮮紅,舌根_鮮紅,0,0,1,1,2,2:2
48,舌根,暗紅,舌根_暗紅,1,1,0,1,3,3:1
48,舌根,青紫,舌根_青紫,0,0,0,0,0,4:0
48,舌根,灰黑,舌根_灰黑,0,0,0,0,0,4:0
49,舌尖,淡紅,舌尖_淡紅,1,0,1,1,3,3:1
49,舌尖,淡白,舌尖_淡白,0,0,0,0,0,4:0
49,舌尖,鮮紅,舌尖_鮮紅,0,0,0,1,1,3:1
49,舌尖,暗紅,舌尖_暗紅,0,0,0,0,0,4:0
49,舌尖,青紫,舌尖_青紫,0,1,1,1,3,3:1
49,舌尖,灰黑,舌尖_灰黑,0,0,0,0,0,4:0
49,舌中,淡紅,舌中_淡紅,0,0,1,1,2,2:2
49,舌中,淡白,舌中_淡白,0,0,0,0,0,4:0
49,舌中,鮮紅,舌中_鮮紅,0,0,0,1,1,3:1
49,舌中,暗紅,舌中_暗紅,1,0,0,0,1,3:1
49,舌中,青紫,舌中_青紫,0,1,1,1,3,3:1
49,舌中,灰黑,舌中_灰黑,0,0,0,0,0,4:0
49,舌左邊,淡紅,舌左邊_淡紅,1,0,1,1,3,3:1
49,舌左邊,淡白,舌左邊_淡白,0,0,0,0,0,4:0
49,舌左邊,鮮紅,舌左邊_鮮紅,0,0,0,1,1,3:1
49,舌左邊,暗紅,舌左邊_暗紅,0,0,0,0,0,4:0
49,舌左邊,青紫,舌左邊_青紫,0,1,1,1,3,3:1
49,舌左邊,灰黑,舌左邊_灰黑,0,0,0,0,0,4:0
49,舌右邊,淡紅,舌右邊_淡紅,1,0,0,1,2,2:2
49,舌右邊,淡白,舌右邊_淡白,0,0,1,0,1,3:1
49,舌右邊,鮮紅,舌右邊_鮮紅,0,0,0,1,1,3:1
49,舌右邊,暗紅,舌右邊_暗紅,0,0,0,0,0,4:0
49,舌右邊,青紫,舌右邊_青紫,0,1,1,1,3,3:1
49,舌右邊,灰黑,舌右邊_灰黑,0,0,0,0,0,4:0
49,舌根,淡紅,舌根_淡紅,0,0,1,1,2,2:2
49,舌根,淡白,舌根_淡白,0,0,0,0,0,4:0
49,舌根,鮮紅,舌根_鮮紅,0,0,0,1,1,3:1
49,舌根,暗紅,舌根_暗紅,1,0,0,0,1,3:1
49,舌根,青紫,舌根_青紫,0,1,1,0,2,2:2
49,舌根,灰黑,舌根_灰黑,0,0,0,0,0,4:0
5,舌尖,淡紅,舌尖_淡紅,0,0,0,0,0,4:0
5,舌尖,淡白,舌尖_淡白,0,1,1,0,2,2:2
5,舌尖,鮮紅,舌尖_鮮紅,0,0,0,0,0,4:0
5,舌尖,暗紅,舌尖_暗紅,1,0,0,0,1,3:1
5,舌尖,青紫,舌尖_青紫,0,0,0,1,1,3:1
5,舌尖,灰黑,舌尖_灰黑,0,0,0,0,0,4:0
5,舌中,淡紅,舌中_淡紅,0,0,0,0,0,4:0
5,舌中,淡白,舌中_淡白,0,1,1,0,2,2:2
5,舌中,鮮紅,舌中_鮮紅,0,0,0,0,0,4:0
5,舌中,暗紅,舌中_暗紅,0,0,0,0,0,4:0
5,舌中,青紫,舌中_青紫,1,0,0,1,2,2:2
5,舌中,灰黑,舌中_灰黑,0,0,0,0,0,4:0
5,舌左邊,淡紅,舌左邊_淡紅,0,0,0,0,0,4:0
5,舌左邊,淡白,舌左邊_淡白,0,1,1,1,3,3:1
5,舌左邊,鮮紅,舌左邊_鮮紅,0,0,0,0,0,4:0
5,舌左邊,暗紅,舌左邊_暗紅,1,0,0,0,1,3:1
5,舌左邊,青紫,舌左邊_青紫,0,0,0,1,1,3:1
5,舌左邊,灰黑,舌左邊_灰黑,0,0,0,0,0,4:0
5,舌右邊,淡紅,舌右邊_淡紅,0,0,0,0,0,4:0
5,舌右邊,淡白,舌右邊_淡白,0,1,1,0,2,2:2
5,舌右邊,鮮紅,舌右邊_鮮紅,0,0,0,0,0,4:0
5,舌右邊,暗紅,舌右邊_暗紅,1,0,0,0,1,3:1
5,舌右邊,青紫,舌右邊_青紫,0,0,0,1,1,3:1
5,舌右邊,灰黑,舌右邊_灰黑,0,0,0,0,0,4:0
5,舌根,淡紅,舌根_淡紅,0,0,0,0,0,4:0
5,舌根,淡白,舌根_淡白,0,1,1,0,2,2:2
5,舌根,鮮紅,舌根_鮮紅,0,0,0,0,0,4:0
5,舌根,暗紅,舌根_暗紅,0,0,0,0,0,4:0
5,舌根,青紫,舌根_青紫,1,0,0,1,2,2:2
5,舌根,灰黑,舌根_灰黑,0,0,0,0,0,4:0
50,舌尖,淡紅,舌尖_淡紅,0,1,0,0,1,3:1
50,舌尖,淡白,舌尖_淡白,0,0,0,0,0,4:0
50,舌尖,鮮紅,舌尖_鮮紅,1,0,0,1,2,2:2
50,舌尖,暗紅,舌尖_暗紅,0,0,1,1,2,2:2
50,舌尖,青紫,舌尖_青紫,0,0,1,1,2,2:2
50,舌尖,灰黑,舌尖_灰黑,0,0,0,0,0,4:0
50,舌中,淡紅,舌中_淡紅,0,0,0,0,0,4:0
50,舌中,淡白,舌中_淡白,0,0,0,0,0,4:0
50,舌中,鮮紅,舌中_鮮紅,0,0,0,1,1,3:1
50,舌中,暗紅,舌中_暗紅,1,0,1,1,3,3:1
50,舌中,青紫,舌中_青紫,0,1,1,1,3,3:1
50,舌中,灰黑,舌中_灰黑,0,0,0,0,0,4:0
50,舌左邊,淡紅,舌左邊_淡紅,0,0,0,0,0,4:0
50,舌左邊,淡白,舌左邊_淡白,0,0,0,0,0,4:0
50,舌左邊,鮮紅,舌左邊_鮮紅,0,0,0,1,1,3:1
50,舌左邊,暗紅,舌左邊_暗紅,1,0,1,1,3,3:1
50,舌左邊,青紫,舌左邊_青紫,0,1,1,1,3,3:1
50,舌左邊,灰黑,舌左邊_灰黑,0,0,0,0,0,4:0
50,舌右邊,淡紅,舌右邊_淡紅,0,0,0,0,0,4:0
50,舌右邊,淡白,舌右邊_淡白,0,0,0,0,0,4:0
50,舌右邊,鮮紅,舌右邊_鮮紅,0,0,0,1,1,3:1
50,舌右邊,暗紅,舌右邊_暗紅,1,0,1,1,3,3:1
50,舌右邊,青紫,舌右邊_青紫,0,1,1,1,3,3:1
50,舌右邊,灰黑,舌右邊_灰黑,0,0,0,0,0,4:0
50,舌根,淡紅,舌根_淡紅,0,0,0,0,0,4:0
50,舌根,淡白,舌根_淡白,0,0,0,0,0,4:0
50,舌根,鮮紅,舌根_鮮紅,0,0,0,1,1,3:1
50,舌根,暗紅,舌根_暗紅,1,0,1,1,3,3:1
50,舌根,青紫,舌根_青紫,0,1,0,0,1,3:1
50,舌根,灰黑,舌根_灰黑,0,0,0,0,0,4:0
51,舌尖,淡紅,舌尖_淡紅,0,1,0,0,1,3:1
51,舌尖,淡白,舌尖_淡白,0,0,0,0,0,4:0
51,舌尖,鮮紅,舌尖_鮮紅,0,0,1,1,2,2:2
51,舌尖,暗紅,舌尖_暗紅,1,0,0,0,1,3:1
51,舌尖,青紫,舌尖_青紫,0,0,1,0,1,3:1
51,舌尖,灰黑,舌尖_灰黑,0,0,0,0,0,4:0
51,舌中,淡紅,舌中_淡紅,0,1,0,0,1,3:1
51,舌中,淡白,舌中_淡白,0,0,0,0,0,4:0
51,舌中,鮮紅,舌中_鮮紅,0,0,1,1,2,2:2
51,舌中,暗紅,舌中_暗紅,1,0,0,0,1,3:1
51,舌中,青紫,舌中_青紫,0,0,0,0,0,4:0
51,舌中,灰黑,舌中_灰黑,0,0,0,0,0,4:0
51,舌左邊,淡紅,舌左邊_淡紅,0,1,0,0,1,3:1
51,舌左邊,淡白,舌左邊_淡白,0,0,0,0,0,4:0
51,舌左邊,鮮紅,舌左邊_鮮紅,1,0,1,1,3,3:1
51,舌左邊,暗紅,舌左邊_暗紅,0,0,0,0,0,4:0
51,舌左邊,青紫,舌左邊_青紫,0,0,0,0,0,4:0
51,舌左邊,灰黑,舌左邊_灰黑,0,0,0,0,0,4:0
51,舌右邊,淡紅,舌右邊_淡紅,0,1,0,0,1,3:1
51,舌右邊,淡白,舌右邊_淡白,0,0,0,0,0,4:0
51,舌右邊,鮮紅,舌右邊_鮮紅,1,0,1,1,3,3:1
51,舌右邊,暗紅,舌右邊_暗紅,0,0,0,0,0,4:0
51,舌右邊,青紫,舌右邊_青紫,0,0,0,0,0,4:0
51,舌右邊,灰黑,舌右邊_灰黑,0,0,0,0,0,4:0
51,舌根,淡紅,舌根_淡紅,0,1,0,0,1,3:1
51,舌根,淡白,舌根_淡白,0,0,0,0,0,4:0
51,舌根,鮮紅,舌根_鮮紅,0,0,1,1,2,2:2
51,舌根,暗紅,舌根_暗紅,1,0,0,0,1,3:1
51,舌根,青紫,舌根_青紫,0,0,0,0,0,4:0
51,舌根,灰黑,舌根_灰黑,0,0,0,0,0,4:0
52,舌尖,淡紅,舌尖_淡紅,0,1,0,1,2,2:2
52,舌尖,淡白,舌尖_淡白,0,0,0,0,0,4:0
52,舌尖,鮮紅,舌尖_鮮紅,0,0,1,1,2,2:2
52,舌尖,暗紅,舌尖_暗紅,1,0,0,0,1,3:1
52,舌尖,青紫,舌尖_青紫,0,0,0,0,0,4:0
52,舌尖,灰黑,舌尖_灰黑,0,0,0,0,0,4:0
52,舌中,淡紅,舌中_淡紅,1,1,0,1,3,3:1
52,舌中,淡白,舌中_淡白,0,0,0,0,0,4:0
52,舌中,鮮紅,舌中_鮮紅,0,0,1,1,2,2:2
52,舌中,暗紅,舌中_暗紅,0,0,0,0,0,4:0
52,舌中,青紫,舌中_青紫,0,0,0,0,0,4:0
52,舌中,灰黑,舌中_灰黑,0,0,0,0,0,4:0
52,舌左邊,淡紅,舌左邊_淡紅,1,1,0,1,3,3:1
52,舌左邊,淡白,舌左邊_淡白,0,0,0,0,0,4:0
52,舌左邊,鮮紅,舌左邊_鮮紅,0,0,1,1,2,2:2
52,舌左邊,暗紅,舌左邊_暗紅,0,0,0,0,0,4:0
52,舌左邊,青紫,舌左邊_青紫,0,0,0,0,0,4:0
52,舌左邊,灰黑,舌左邊_灰黑,0,0,0,0,0,4:0
52,舌右邊,淡紅,舌右邊_淡紅,1,1,0,1,3,3:1
52,舌右邊,淡白,舌右邊_淡白,0,0,0,0,0,4:0
52,舌右邊,鮮紅,舌右邊_鮮紅,0,0,1,1,2,2:2
52,舌右邊,暗紅,舌右邊_暗紅,0,0,0,0,0,4:0
52,舌右邊,青紫,舌右邊_青紫,0,0,0,0,0,4:0
52,舌右邊,灰黑,舌右邊_灰黑,0,0,0,0,0,4:0
52,舌根,淡紅,舌根_淡紅,1,1,0,1,3,3:1
52,舌根,淡白,舌根_淡白,0,0,0,0,0,4:0
52,舌根,鮮紅,舌根_鮮紅,0,0,1,1,2,2:2
52,舌根,暗紅,舌根_暗紅,0,0,0,0,0,4:0
52,舌根,青紫,舌根_青紫,0,0,0,0,0,4:0
52,舌根,灰黑,舌根_灰黑,0,0,0,0,0,4:0
53,舌尖,淡紅,舌尖_淡紅,0,1,0,0,1,3:1
53,舌尖,淡白,舌尖_淡白,0,0,0,0,0,4:0
53,舌尖,鮮紅,舌尖_鮮紅,1,0,1,1,3,3:1
53,舌尖,暗紅,舌尖_暗紅,0,0,0,0,0,4:0
53,舌尖,青紫,舌尖_青紫,0,0,0,1,1,3:1
53,舌尖,灰黑,舌尖_灰黑,0,0,0,0,0,4:0
53,舌中,淡紅,舌中_淡紅,1,1,0,0,2,2:2
53,舌中,淡白,舌中_淡白,0,0,0,0,0,4:0
53,舌中,鮮紅,舌中_鮮紅,0,0,1,1,2,2:2
53,舌中,暗紅,舌中_暗紅,0,0,0,0,0,4:0
53,舌中,青紫,舌中_青紫,0,0,0,0,0,4:0
53,舌中,灰黑,舌中_灰黑,0,0,0,0,0,4:0
53,舌左邊,淡紅,舌左邊_淡紅,1,1,1,1,4,4:0
53,舌左邊,淡白,舌左邊_淡白,0,0,0,0,0,4:0
53,舌左邊,鮮紅,舌左邊_鮮紅,0,0,1,1,2,2:2
53,舌左邊,暗紅,舌左邊_暗紅,0,0,0,0,0,4:0
53,舌左邊,青紫,舌左邊_青紫,0,0,0,0,0,4:0
53,舌左邊,灰黑,舌左邊_灰黑,0,0,0,0,0,4:0
53,舌右邊,淡紅,舌右邊_淡紅,1,1,0,0,2,2:2
53,舌右邊,淡白,舌右邊_淡白,0,0,0,0,0,4:0
53,舌右邊,鮮紅,舌右邊_鮮紅,0,0,1,1,2,2:2
53,舌右邊,暗紅,舌右邊_暗紅,0,0,0,0,0,4:0
53,舌右邊,青紫,舌右邊_青紫,0,0,0,0,0,4:0
53,舌右邊,灰黑,舌右邊_灰黑,0,0,0,0,0,4:0
53,舌根,淡紅,舌根_淡紅,1,1,0,0,2,2:2
53,舌根,淡白,舌根_淡白,0,0,0,0,0,4:0
53,舌根,鮮紅,舌根_鮮紅,0,0,1,1,2,2:2
53,舌根,暗紅,舌根_暗紅,0,0,0,0,0,4:0
53,舌根,青紫,舌根_青紫,0,0,0,0,0,4:0
53,舌根,灰黑,舌根_灰黑,0,0,0,0,0,4:0
54,舌尖,淡紅,舌尖_淡紅,0,1,1,1,3,3:1
54,舌尖,淡白,舌尖_淡白,0,0,0,0,0,4:0
54,舌尖,鮮紅,舌尖_鮮紅,1,0,0,0,1,3:1
54,舌尖,暗紅,舌尖_暗紅,0,0,0,0,0,4:0
54,舌尖,青紫,舌尖_青紫,0,1,0,0,1,3:1
54,舌尖,灰黑,舌尖_灰黑,0,0,0,0,0,4:0
54,舌中,淡紅,舌中_淡紅,1,1,1,1,4,4:0
54,舌中,淡白,舌中_淡白,0,0,0,0,0,4:0
54,舌中,鮮紅,舌中_鮮紅,0,0,0,0,0,4:0
54,舌中,暗紅,舌中_暗紅,0,0,0,0,0,4:0
54,舌中,青紫,舌中_青紫,0,0,0,0,0,4:0
54,舌中,灰黑,舌中_灰黑,0,0,0,0,0,4:0
54,舌左邊,淡紅,舌左邊_淡紅,1,1,1,1,4,4:0
54,舌左邊,淡白,舌左邊_淡白,0,0,1,0,1,3:1
54,舌左邊,鮮紅,舌左邊_鮮紅,0,0,0,0,0,4:0
54,舌左邊,暗紅,舌左邊_暗紅,0,0,0,0,0,4:0
54,舌左邊,青紫,舌左邊_青紫,0,0,0,0,0,4:0
54,舌左邊,灰黑,舌左邊_灰黑,0,0,0,0,0,4:0
54,舌右邊,淡紅,舌右邊_淡紅,1,1,1,1,4,4:0
54,舌右邊,淡白,舌右邊_淡白,0,0,1,0,1,3:1
54,舌右邊,鮮紅,舌右邊_鮮紅,0,0,0,0,0,4:0
54,舌右邊,暗紅,舌右邊_暗紅,0,0,0,0,0,4:0
54,舌右邊,青紫,舌右邊_青紫,0,0,0,0,0,4:0
54,舌右邊,灰黑,舌右邊_灰黑,0,0,0,0,0,4:0
54,舌根,淡紅,舌根_淡紅,0,1,1,1,3,3:1
54,舌根,淡白,舌根_淡白,0,0,0,0,0,4:0
54,舌根,鮮紅,舌根_鮮紅,0,0,0,0,0,4:0
54,舌根,暗紅,舌根_暗紅,1,0,0,0,1,3:1
54,舌根,青紫,舌根_青紫,0,0,0,0,0,4:0
54,舌根,灰黑,舌根_灰黑,0,0,0,0,0,4:0
55,舌尖,淡紅,舌尖_淡紅,1,1,1,0,3,3:1
55,舌尖,淡白,舌尖_淡白,0,0,0,0,0,4:0
55,舌尖,鮮紅,舌尖_鮮紅,0,0,0,1,1,3:1
55,舌尖,暗紅,舌尖_暗紅,0,0,0,0,0,4:0
55,舌尖,青紫,舌尖_青紫,0,0,0,0,0,4:0
55,舌尖,灰黑,舌尖_灰黑,0,0,0,0,0,4:0
55,舌中,淡紅,舌中_淡紅,1,1,1,0,3,3:1
55,舌中,淡白,舌中_淡白,0,0,0,0,0,4:0
55,舌中,鮮紅,舌中_鮮紅,0,0,0,1,1,3:1
55,舌中,暗紅,舌中_暗紅,0,0,0,0,0,4:0
55,舌中,青紫,舌中_青紫,0,0,0,0,0,4:0
55,舌中,灰黑,舌中_灰黑,0,0,0,0,0,4:0
55,舌左邊,淡紅,舌左邊_淡紅,1,1,1,0,3,3:1
55,舌左邊,淡白,舌左邊_淡白,0,0,0,0,0,4:0
55,舌左邊,鮮紅,舌左邊_鮮紅,0,0,0,1,1,3:1
55,舌左邊,暗紅,舌左邊_暗紅,0,0,0,0,0,4:0
55,舌左邊,青紫,舌左邊_青紫,0,0,1,1,2,2:2
55,舌左邊,灰黑,舌左邊_灰黑,0,0,0,0,0,4:0
55,舌右邊,淡紅,舌右邊_淡紅,1,1,1,0,3,3:1
55,舌右邊,淡白,舌右邊_淡白,0,0,0,0,0,4:0
55,舌右邊,鮮紅,舌右邊_鮮紅,0,0,0,1,1,3:1
55,舌右邊,暗紅,舌右邊_暗紅,0,0,0,0,0,4:0
55,舌右邊,青紫,舌右邊_青紫,0,0,1,1,2,2:2
55,舌右邊,灰黑,舌右邊_灰黑,0,0,0,0,0,4:0
55,舌根,淡紅,舌根_淡紅,0,1,1,0,2,2:2
55,舌根,淡白,舌根_淡白,0,0,0,0,0,4:0
55,舌根,鮮紅,舌根_鮮紅,0,0,0,1,1,3:1
55,舌根,暗紅,舌根_暗紅,1,0,0,0,1,3:1
55,舌根,青紫,舌根_青紫,0,0,0,0,0,4:0
55,舌根,灰黑,舌根_灰黑,0,0,0,0,0,4:0
56,舌尖,淡紅,舌尖_淡紅,0,0,1,1,2,2:2
56,舌尖,淡白,舌尖_淡白,0,1,0,0,1,3:1
56,舌尖,鮮紅,舌尖_鮮紅,1,0,0,0,1,3:1
56,舌尖,暗紅,舌尖_暗紅,0,0,1,1,2,2:2
56,舌尖,青紫,舌尖_青紫,0,0,0,0,0,4:0
56,舌尖,灰黑,舌尖_灰黑,0,0,0,0,0,4:0
56,舌中,淡紅,舌中_淡紅,0,0,1,1,2,2:2
56,舌中,淡白,舌中_淡白,0,1,0,0,1,3:1
56,舌中,鮮紅,舌中_鮮紅,0,0,0,0,0,4:0
56,舌中,暗紅,舌中_暗紅,1,0,1,1,3,3:1
56,舌中,青紫,舌中_青紫,0,0,0,0,0,4:0
56,舌中,灰黑,舌中_灰黑,0,0,0,0,0,4:0
56,舌左邊,淡紅,舌左邊_淡紅,0,0,1,1,2,2:2
56,舌左邊,淡白,舌左邊_淡白,0,1,0,0,1,3:1
56,舌左邊,鮮紅,舌左邊_鮮紅,0,0,0,0,0,4:0
56,舌左邊,暗紅,舌左邊_暗紅,1,0,1,1,3,3:1
56,舌左邊,青紫,舌左邊_青紫,0,0,0,1,1,3:1
56,舌左邊,灰黑,舌左邊_灰黑,0,0,0,0,0,4:0
56,舌右邊,淡紅,舌右邊_淡紅,0,0,1,1,2,2:2
56,舌右邊,淡白,舌右邊_淡白,0,1,0,0,1,3:1
56,舌右邊,鮮紅,舌右邊_鮮紅,0,0,0,0,0,4:0
56,舌右邊,暗紅,舌右邊_暗紅,1,0,1,1,3,3:1
56,舌右邊,青紫,舌右邊_青紫,0,0,1,1,2,2:2
56,舌右邊,灰黑,舌右邊_灰黑,0,0,0,0,0,4:0
56,舌根,淡紅,舌根_淡紅,0,0,1,1,2,2:2
56,舌根,淡白,舌根_淡白,0,1,0,0,1,3:1
56,舌根,鮮紅,舌根_鮮紅,0,0,0,0,0,4:0
56,舌根,暗紅,舌根_暗紅,1,0,1,1,3,3:1
56,舌根,青紫,舌根_青紫,0,0,0,0,0,4:0
56,舌根,灰黑,舌根_灰黑,0,0,0,0,0,4:0
57,舌尖,淡紅,舌尖_淡紅,0,0,0,1,1,3:1
57,舌尖,淡白,舌尖_淡白,0,0,0,0,0,4:0
57,舌尖,鮮紅,舌尖_鮮紅,0,0,0,0,0,4:0
57,舌尖,暗紅,舌尖_暗紅,1,0,1,1,3,3:1
57,舌尖,青紫,舌尖_青紫,0,1,1,1,3,3:1
57,舌尖,灰黑,舌尖_灰黑,0,0,0,0,0,4:0
57,舌中,淡紅,舌中_淡紅,0,1,0,1,2,2:2
57,舌中,淡白,舌中_淡白,0,0,0,0,0,4:0
57,舌中,鮮紅,舌中_鮮紅,0,0,0,0,0,4:0
57,舌中,暗紅,舌中_暗紅,1,0,1,1,3,3:1
57,舌中,青紫,舌中_青紫,0,0,0,0,0,4:0
57,舌中,灰黑,舌中_灰黑,0,0,0,0,0,4:0
57,舌左邊,淡紅,舌左邊_淡紅,0,0,0,1,1,3:1
57,舌左邊,淡白,舌左邊_淡白,0,0,0,0,0,4:0
57,舌左邊,鮮紅,舌左邊_鮮紅,0,0,0,0,0,4:0
57,舌左邊,暗紅,舌左邊_暗紅,1,0,1,1,3,3:1
57,舌左邊,青紫,舌左邊_青紫,0,1,1,0,2,2:2
57,舌左邊,灰黑,舌左邊_灰黑,0,0,0,0,0,4:0
57,舌右邊,淡紅,舌右邊_淡紅,0,0,0,1,1,3:1
57,舌右邊,淡白,舌右邊_淡白,0,0,0,0,0,4:0
57,舌右邊,鮮紅,舌右邊_鮮紅,0,0,0,0,0,4:0
57,舌右邊,暗紅,舌右邊_暗紅,1,0,1,1,3,3:1
57,舌右邊,青紫,舌右邊_青紫,0,1,0,0,1,3:1
57,舌右邊,灰黑,舌右邊_灰黑,0,0,0,0,0,4:0
57,舌根,淡紅,舌根_淡紅,0,1,0,1,2,2:2
57,舌根,淡白,舌根_淡白,0,0,0,0,0,4:0
57,舌根,鮮紅,舌根_鮮紅,0,0,0,0,0,4:0
57,舌根,暗紅,舌根_暗紅,1,0,1,1,3,3:1
57,舌根,青紫,舌根_青紫,0,0,0,0,0,4:0
57,舌根,灰黑,舌根_灰黑,0,0,0,0,0,4:0
58,舌尖,淡紅,舌尖_淡紅,1,0,1,0,2,2:2
58,舌尖,淡白,舌尖_淡白,0,0,1,1,2,2:2
58,舌尖,鮮紅,舌尖_鮮紅,0,0,0,0,0,4:0
58,舌尖,暗紅,舌尖_暗紅,0,0,1,1,2,2:2
58,舌尖,青紫,舌尖_青紫,0,1,1,0,2,2:2
58,舌尖,灰黑,舌尖_灰黑,0,0,0,0,0,4:0
58,舌中,淡紅,舌中_淡紅,1,0,1,0,2,2:2
58,舌中,淡白,舌中_淡白,0,1,1,1,3,3:1
58,舌中,鮮紅,舌中_鮮紅,0,0,0,0,0,4:0
58,舌中,暗紅,舌中_暗紅,0,0,1,1,2,2:2
58,舌中,青紫,舌中_青紫,0,0,0,0,0,4:0
58,舌中,灰黑,舌中_灰黑,0,0,0,0,0,4:0
58,舌左邊,淡紅,舌左邊_淡紅,1,0,1,0,2,2:2
58,舌左邊,淡白,舌左邊_淡白,0,1,1,1,3,3:1
58,舌左邊,鮮紅,舌左邊_鮮紅,0,0,0,0,0,4:0
58,舌左邊,暗紅,舌左邊_暗紅,0,0,1,1,2,2:2
58,舌左邊,青紫,舌左邊_青紫,0,0,0,0,0,4:0
58,舌左邊,灰黑,舌左邊_灰黑,0,0,0,0,0,4:0
58,舌右邊,淡紅,舌右邊_淡紅,1,0,1,0,2,2:2
58,舌右邊,淡白,舌右邊_淡白,0,1,1,1,3,3:1
58,舌右邊,鮮紅,舌右邊_鮮紅,0,0,0,0,0,4:0
58,舌右邊,暗紅,舌右邊_暗紅,0,0,1,1,2,2:2
58,舌右邊,青紫,舌右邊_青紫,0,0,0,0,0,4:0
58,舌右邊,灰黑,舌右邊_灰黑,0,0,0,0,0,4:0
58,舌根,淡紅,舌根_淡紅,0,0,1,0,1,3:1
58,舌根,淡白,舌根_淡白,0,1,1,1,3,3:1
58,舌根,鮮紅,舌根_鮮紅,0,0,0,0,0,4:0
58,舌根,暗紅,舌根_暗紅,1,0,1,1,3,3:1
58,舌根,青紫,舌根_青紫,0,0,0,0,0,4:0
58,舌根,灰黑,舌根_灰黑,0,0,0,0,0,4:0
59,舌尖,淡紅,舌尖_淡紅,0,1,0,0,1,3:1
59,舌尖,淡白,舌尖_淡白,0,0,0,0,0,4:0
59,舌尖,鮮紅,舌尖_鮮紅,1,0,1,1,3,3:1
59,舌尖,暗紅,舌尖_暗紅,0,0,0,0,0,4:0
59,舌尖,青紫,舌尖_青紫,0,0,0,0,0,4:0
59,舌尖,灰黑,舌尖_灰黑,0,0,0,0,0,4:0
59,舌中,淡紅,舌中_淡紅,0,1,0,0,1,3:1
59,舌中,淡白,舌中_淡白,0,0,0,0,0,4:0
59,舌中,鮮紅,舌中_鮮紅,1,0,1,1,3,3:1
59,舌中,暗紅,舌中_暗紅,0,0,0,0,0,4:0
59,舌中,青紫,舌中_青紫,0,0,1,0,1,3:1
59,舌中,灰黑,舌中_灰黑,0,0,0,0,0,4:0
59,舌左邊,淡紅,舌左邊_淡紅,0,1,0,0,1,3:1
59,舌左邊,淡白,舌左邊_淡白,0,0,0,0,0,4:0
59,舌左邊,鮮紅,舌左邊_鮮紅,1,0,1,1,3,3:1
59,舌左邊,暗紅,舌左邊_暗紅,0,0,0,0,0,4:0
59,舌左邊,青紫,舌左邊_青紫,0,0,0,0,0,4:0
59,舌左邊,灰黑,舌左邊_灰黑,0,0,0,0,0,4:0
59,舌右邊,淡紅,舌右邊_淡紅,0,1,0,0,1,3:1
59,舌右邊,淡白,舌右邊_淡白,0,0,0,0,0,4:0
59,舌右邊,鮮紅,舌右邊_鮮紅,1,0,1,1,3,3:1
59,舌右邊,暗紅,舌右邊_暗紅,0,0,0,0,0,4:0
59,舌右邊,青紫,舌右邊_青紫,0,0,0,0,0,4:0
59,舌右邊,灰黑,舌右邊_灰黑,0,0,0,0,0,4:0
59,舌根,淡紅,舌根_淡紅,0,1,0,0,1,3:1
59,舌根,淡白,舌根_淡白,0,0,0,0,0,4:0
59,舌根,鮮紅,舌根_鮮紅,0,0,1,1,2,2:2
59,舌根,暗紅,舌根_暗紅,1,0,0,0,1,3:1
59,舌根,青紫,舌根_青紫,0,0,0,0,0,4:0
59,舌根,灰黑,舌根_灰黑,0,0,0,0,0,4:0
6,舌尖,淡紅,舌尖_淡紅,1,0,0,0,1,3:1
6,舌尖,淡白,舌尖_淡白,0,0,0,0,0,4:0
6,舌尖,鮮紅,舌尖_鮮紅,0,0,0,1,1,3:1
6,舌尖,暗紅,舌尖_暗紅,0,1,1,1,3,3:1
6,舌尖,青紫,舌尖_青紫,0,0,0,0,0,4:0
6,舌尖,灰黑,舌尖_灰黑,0,0,0,0,0,4:0
6,舌中,淡紅,舌中_淡紅,0,0,0,0,0,4:0
6,舌中,淡白,舌中_淡白,0,0,0,0,0,4:0
6,舌中,鮮紅,舌中_鮮紅,0,0,0,1,1,3:1
6,舌中,暗紅,舌中_暗紅,1,1,1,1,4,4:0
6,舌中,青紫,舌中_青紫,0,0,0,0,0,4:0
6,舌中,灰黑,舌中_灰黑,0,0,0,0,0,4:0
6,舌左邊,淡紅,舌左邊_淡紅,0,0,0,0,0,4:0
6,舌左邊,淡白,舌左邊_淡白,0,0,0,0,0,4:0
6,舌左邊,鮮紅,舌左邊_鮮紅,1,0,0,1,2,2:2
6,舌左邊,暗紅,舌左邊_暗紅,0,1,1,1,3,3:1
6,舌左邊,青紫,舌左邊_青紫,0,0,0,0,0,4:0
6,舌左邊,灰黑,舌左邊_灰黑,0,0,0,0,0,4:0
6,舌右邊,淡紅,舌右邊_淡紅,0,0,0,0,0,4:0
6,舌右邊,淡白,舌右邊_淡白,0,0,0,0,0,4:0
6,舌右邊,鮮紅,舌右邊_鮮紅,1,0,0,1,2,2:2
6,舌右邊,暗紅,舌右邊_暗紅,0,1,1,1,3,3:1
6,舌右邊,青紫,舌右邊_青紫,0,0,0,0,0,4:0
6,舌右邊,灰黑,舌右邊_灰黑,0,0,0,0,0,4:0
6,舌根,淡紅,舌根_淡紅,0,0,0,0,0,4:0
6,舌根,淡白,舌根_淡白,0,0,0,0,0,4:0
6,舌根,鮮紅,舌根_鮮紅,0,0,0,1,1,3:1
6,舌根,暗紅,舌根_暗紅,1,1,1,1,4,4:0
6,舌根,青紫,舌根_青紫,0,0,0,0,0,4:0
6,舌根,灰黑,舌根_灰黑,0,0,0,0,0,4:0
60,舌尖,淡紅,舌尖_淡紅,0,0,0,0,0,4:0
60,舌尖,淡白,舌尖_淡白,0,1,0,0,1,3:1
60,舌尖,鮮紅,舌尖_鮮紅,1,0,1,1,3,3:1
60,舌尖,暗紅,舌尖_暗紅,0,0,0,0,0,4:0
60,舌尖,青紫,舌尖_青紫,0,0,1,1,2,2:2
60,舌尖,灰黑,舌尖_灰黑,0,0,0,0,0,4:0
60,舌中,淡紅,舌中_淡紅,0,0,0,0,0,4:0
60,舌中,淡白,舌中_淡白,0,1,0,0,1,3:1
60,舌中,鮮紅,舌中_鮮紅,0,0,1,1,2,2:2
60,舌中,暗紅,舌中_暗紅,1,0,0,0,1,3:1
60,舌中,青紫,舌中_青紫,0,0,1,1,2,2:2
60,舌中,灰黑,舌中_灰黑,0,0,0,0,0,4:0
60,舌左邊,淡紅,舌左邊_淡紅,1,0,0,0,1,3:1
60,舌左邊,淡白,舌左邊_淡白,0,1,0,0,1,3:1
60,舌左邊,鮮紅,舌左邊_鮮紅,0,0,1,1,2,2:2
60,舌左邊,暗紅,舌左邊_暗紅,0,0,0,0,0,4:0
60,舌左邊,青紫,舌左邊_青紫,0,0,1,0,1,3:1
60,舌左邊,灰黑,舌左邊_灰黑,0,0,0,0,0,4:0
60,舌右邊,淡紅,舌右邊_淡紅,1,0,0,0,1,3:1
60,舌右邊,淡白,舌右邊_淡白,0,1,0,0,1,3:1
60,舌右邊,鮮紅,舌右邊_鮮紅,0,0,1,1,2,2:2
60,舌右邊,暗紅,舌右邊_暗紅,0,0,0,0,0,4:0
60,舌右邊,青紫,舌右邊_青紫,0,0,1,0,1,3:1
60,舌右邊,灰黑,舌右邊_灰黑,0,0,0,0,0,4:0
60,舌根,淡紅,舌根_淡紅,0,0,0,0,0,4:0
60,舌根,淡白,舌根_淡白,0,1,0,0,1,3:1
60,舌根,鮮紅,舌根_鮮紅,0,0,1,1,2,2:2
60,舌根,暗紅,舌根_暗紅,1,0,0,0,1,3:1
60,舌根,青紫,舌根_青紫,0,0,1,0,1,3:1
60,舌根,灰黑,舌根_灰黑,0,0,0,0,0,4:0
61,舌尖,淡紅,舌尖_淡紅,0,0,0,0,0,4:0
61,舌尖,淡白,舌尖_淡白,0,0,0,0,0,4:0
61,舌尖,鮮紅,舌尖_鮮紅,0,0,1,1,2,2:2
61,舌尖,暗紅,舌尖_暗紅,1,1,0,1,3,3:1
61,舌尖,青紫,舌尖_青紫,0,0,0,0,0,4:0
61,舌尖,灰黑,舌尖_灰黑,0,0,0,0,0,4:0
61,舌中,淡紅,舌中_淡紅,0,0,0,0,0,4:0
61,舌中,淡白,舌中_淡白,0,0,0,0,0,4:0
61,舌中,鮮紅,舌中_鮮紅,0,0,1,1,2,2:2
61,舌中,暗紅,舌中_暗紅,1,1,0,1,3,3:1
61,舌中,青紫,舌中_青紫,0,0,1,1,2,2:2
61,舌中,灰黑,舌中_灰黑,0,0,0,0,0,4:0
61,舌左邊,淡紅,舌左邊_淡紅,0,0,0,0,0,4:0
61,舌左邊,淡白,舌左邊_淡白,0,0,0,0,0,4:0
61,舌左邊,鮮紅,舌左邊_鮮紅,0,0,1,1,2,2:2
61,舌左邊,暗紅,舌左邊_暗紅,1,1,0,1,3,3:1
61,舌左邊,青紫,舌左邊_青紫,0,0,0,0,0,4:0
61,舌左邊,灰黑,舌左邊_灰黑,0,0,0,0,0,4:0
61,舌右邊,淡紅,舌右邊_淡紅,0,0,0,0,0,4:0
61,舌右邊,淡白,舌右邊_淡白,0,0,0,0,0,4:0
61,舌右邊,鮮紅,舌右邊_鮮紅,0,0,1,1,2,2:2
61,舌右邊,暗紅,舌右邊_暗紅,1,1,0,1,3,3:1
61,舌右邊,青紫,舌右邊_青紫,0,0,0,0,0,4:0
61,舌右邊,灰黑,舌右邊_灰黑,0,0,0,0,0,4:0
61,舌根,淡紅,舌根_淡紅,0,0,0,0,0,4:0
61,舌根,淡白,舌根_淡白,0,0,0,0,0,4:0
61,舌根,鮮紅,舌根_鮮紅,0,0,1,1,2,2:2
61,舌根,暗紅,舌根_暗紅,1,1,0,1,3,3:1
61,舌根,青紫,舌根_青紫,0,0,0,0,0,4:0
61,舌根,灰黑,舌根_灰黑,0,0,0,0,0,4:0
62,舌尖,淡紅,舌尖_淡紅,0,0,0,0,0,4:0
62,舌尖,淡白,舌尖_淡白,0,0,0,0,0,4:0
62,舌尖,鮮紅,舌尖_鮮紅,0,0,1,1,2,2:2
62,舌尖,暗紅,舌尖_暗紅,1,1,0,1,3,3:1
62,舌尖,青紫,舌尖_青紫,0,0,1,1,2,2:2
62,舌尖,灰黑,舌尖_灰黑,0,0,0,0,0,4:0
62,舌中,淡紅,舌中_淡紅,0,0,0,0,0,4:0
62,舌中,淡白,舌中_淡白,0,0,0,0,0,4:0
62,舌中,鮮紅,舌中_鮮紅,0,0,1,1,2,2:2
62,舌中,暗紅,舌中_暗紅,0,1,0,1,2,2:2
62,舌中,青紫,舌中_青紫,1,0,1,1,3,3:1
62,舌中,灰黑,舌中_灰黑,0,0,0,0,0,4:0
62,舌左邊,淡紅,舌左邊_淡紅,0,0,0,0,0,4:0
62,舌左邊,淡白,舌左邊_淡白,0,0,0,0,0,4:0
62,舌左邊,鮮紅,舌左邊_鮮紅,0,0,1,1,2,2:2
62,舌左邊,暗紅,舌左邊_暗紅,1,1,0,0,2,2:2
62,舌左邊,青紫,舌左邊_青紫,0,0,1,1,2,2:2
62,舌左邊,灰黑,舌左邊_灰黑,0,0,0,0,0,4:0
62,舌右邊,淡紅,舌右邊_淡紅,0,0,0,0,0,4:0
62,舌右邊,淡白,舌右邊_淡白,0,0,0,0,0,4:0
62,舌右邊,鮮紅,舌右邊_鮮紅,0,0,1,1,2,2:2
62,舌右邊,暗紅,舌右邊_暗紅,1,1,0,1,3,3:1
62,舌右邊,青紫,舌右邊_青紫,0,0,1,1,2,2:2
62,舌右邊,灰黑,舌右邊_灰黑,0,0,0,0,0,4:0
62,舌根,淡紅,舌根_淡紅,0,0,0,0,0,4:0
62,舌根,淡白,舌根_淡白,0,0,0,0,0,4:0
62,舌根,鮮紅,舌根_鮮紅,0,0,1,1,2,2:2
62,舌根,暗紅,舌根_暗紅,0,1,0,1,2,2:2
62,舌根,青紫,舌根_青紫,1,0,0,0,1,3:1
62,舌根,灰黑,舌根_灰黑,0,0,0,0,0,4:0
63,舌尖,淡紅,舌尖_淡紅,0,0,0,0,0,4:0
63,舌尖,淡白,舌尖_淡白,0,0,0,0,0,4:0
63,舌尖,鮮紅,舌尖_鮮紅,1,0,1,1,3,3:1
63,舌尖,暗紅,舌尖_暗紅,0,1,0,1,2,2:2
63,舌尖,青紫,舌尖_青紫,0,1,1,0,2,2:2
63,舌尖,灰黑,舌尖_灰黑,0,0,0,0,0,4:0
63,舌中,淡紅,舌中_淡紅,0,0,0,0,0,4:0
63,舌中,淡白,舌中_淡白,0,0,0,0,0,4:0
63,舌中,鮮紅,舌中_鮮紅,0,0,1,1,2,2:2
63,舌中,暗紅,舌中_暗紅,1,1,0,1,3,3:1
63,舌中,青紫,舌中_青紫,0,0,1,0,1,3:1
63,舌中,灰黑,舌中_灰黑,0,0,0,0,0,4:0
63,舌左邊,淡紅,舌左邊_淡紅,0,0,0,0,0,4:0
63,舌左邊,淡白,舌左邊_淡白,0,0,0,0,0,4:0
63,舌左邊,鮮紅,舌左邊_鮮紅,0,0,1,1,2,2:2
63,舌左邊,暗紅,舌左邊_暗紅,1,1,0,1,3,3:1
63,舌左邊,青紫,舌左邊_青紫,0,0,1,1,2,2:2
63,舌左邊,灰黑,舌左邊_灰黑,0,0,0,0,0,4:0
63,舌右邊,淡紅,舌右邊_淡紅,0,0,0,0,0,4:0
63,舌右邊,淡白,舌右邊_淡白,0,0,0,0,0,4:0
63,舌右邊,鮮紅,舌右邊_鮮紅,0,0,1,1,2,2:2
63,舌右邊,暗紅,舌右邊_暗紅,1,1,0,1,3,3:1
63,舌右邊,青紫,舌右邊_青紫,0,0,1,1,2,2:2
63,舌右邊,灰黑,舌右邊_灰黑,0,0,0,0,0,4:0
63,舌根,淡紅,舌根_淡紅,0,0,0,0,0,4:0
63,舌根,淡白,舌根_淡白,0,0,0,0,0,4:0
63,舌根,鮮紅,舌根_鮮紅,0,0,1,1,2,2:2
63,舌根,暗紅,舌根_暗紅,0,1,0,1,2,2:2
63,舌根,青紫,舌根_青紫,0,0,0,0,0,4:0
63,舌根,灰黑,舌根_灰黑,1,0,0,0,1,3:1
64,舌尖,淡紅,舌尖_淡紅,0,0,0,0,0,4:0
64,舌尖,淡白,舌尖_淡白,0,0,0,0,0,4:0
64,舌尖,鮮紅,舌尖_鮮紅,1,0,1,0,2,2:2
64,舌尖,暗紅,舌尖_暗紅,0,1,0,1,2,2:2
64,舌尖,青紫,舌尖_青紫,0,0,1,1,2,2:2
64,舌尖,灰黑,舌尖_灰黑,0,0,0,0,0,4:0
64,舌中,淡紅,舌中_淡紅,0,0,0,0,0,4:0
64,舌中,淡白,舌中_淡白,0,0,0,0,0,4:0
64,舌中,鮮紅,舌中_鮮紅,0,0,1,0,1,3:1
64,舌中,暗紅,舌中_暗紅,1,1,0,1,3,3:1
64,舌中,青紫,舌中_青紫,0,0,1,1,2,2:2
64,舌中,灰黑,舌中_灰黑,0,0,0,0,0,4:0
64,舌左邊,淡紅,舌左邊_淡紅,0,0,0,0,0,4:0
64,舌左邊,淡白,舌左邊_淡白,0,0,0,0,0,4:0
64,舌左邊,鮮紅,舌左邊_鮮紅,0,0,1,0,1,3:1
64,舌左邊,暗紅,舌左邊_暗紅,1,0,0,1,2,2:2
64,舌左邊,青紫,舌左邊_青紫,0,1,1,0,2,2:2
64,舌左邊,灰黑,舌左邊_灰黑,0,0,0,0,0,4:0
64,舌右邊,淡紅,舌右邊_淡紅,0,0,0,0,0,4:0
64,舌右邊,淡白,舌右邊_淡白,0,0,0,0,0,4:0
64,舌右邊,鮮紅,舌右邊_鮮紅,0,0,1,0,1,3:1
64,舌右邊,暗紅,舌右邊_暗紅,1,0,0,1,2,2:2
64,舌右邊,青紫,舌右邊_青紫,0,1,1,0,2,2:2
64,舌右邊,灰黑,舌右邊_灰黑,0,0,0,0,0,4:0
64,舌根,淡紅,舌根_淡紅,0,0,0,0,0,4:0
64,舌根,淡白,舌根_淡白,0,0,0,0,0,4:0
64,舌根,鮮紅,舌根_鮮紅,0,0,1,0,1,3:1
64,舌根,暗紅,舌根_暗紅,0,1,0,1,2,2:2
64,舌根,青紫,舌根_青紫,1,0,0,0,1,3:1
64,舌根,灰黑,舌根_灰黑,0,0,0,0,0,4:0
65,舌尖,淡紅,舌尖_淡紅,0,0,0,0,0,4:0
65,舌尖,淡白,舌尖_淡白,0,0,0,0,0,4:0
65,舌尖,鮮紅,舌尖_鮮紅,1,1,1,1,4,4:0
65,舌尖,暗紅,舌尖_暗紅,0,0,0,0,0,4:0
65,舌尖,青紫,舌尖_青紫,0,0,0,1,1,3:1
65,舌尖,灰黑,舌尖_灰黑,0,0,0,0,0,4:0
65,舌中,淡紅,舌中_淡紅,0,0,0,0,0,4:0
65,舌中,淡白,舌中_淡白,0,0,0,0,0,4:0
65,舌中,鮮紅,舌中_鮮紅,1,1,1,1,4,4:0
65,舌中,暗紅,舌中_暗紅,0,0,0,0,0,4:0
65,舌中,青紫,舌中_青紫,0,0,0,0,0,4:0
65,舌中,灰黑,舌中_灰黑,0,0,0,0,0,4:0
65,舌左邊,淡紅,舌左邊_淡紅,0,0,0,0,0,4:0
65,舌左邊,淡白,舌左邊_淡白,0,0,0,0,0,4:0
65,舌左邊,鮮紅,舌左邊_鮮紅,1,1,1,1,4,4:0
65,舌左邊,暗紅,舌左邊_暗紅,0,0,0,0,0,4:0
65,舌左邊,青紫,舌左邊_青紫,0,0,0,1,1,3:1
65,舌左邊,灰黑,舌左邊_灰黑,0,0,0,0,0,4:0
65,舌右邊,淡紅,舌右邊_淡紅,0,0,0,0,0,4:0
65,舌右邊,淡白,舌右邊_淡白,0,0,0,0,0,4:0
65,舌右邊,鮮紅,舌右邊_鮮紅,1,1,1,1,4,4:0
65,舌右邊,暗紅,舌右邊_暗紅,0,0,0,0,0,4:0
65,舌右邊,青紫,舌右邊_青紫,0,0,0,1,1,3:1
65,舌右邊,灰黑,舌右邊_灰黑,0,0,0,0,0,4:0
65,舌根,淡紅,舌根_淡紅,0,0,0,0,0,4:0
65,舌根,淡白,舌根_淡白,0,0,0,0,0,4:0
65,舌根,鮮紅,舌根_鮮紅,1,1,1,1,4,4:0
65,舌根,暗紅,舌根_暗紅,0,0,0,0,0,4:0
65,舌根,青紫,舌根_青紫,0,0,0,0,0,4:0
65,舌根,灰黑,舌根_灰黑,0,0,0,0,0,4:0
66,舌尖,淡紅,舌尖_淡紅,0,0,0,0,0,4:0
66,舌尖,淡白,舌尖_淡白,0,0,0,0,0,4:0
66,舌尖,鮮紅,舌尖_鮮紅,1,0,1,1,3,3:1
66,舌尖,暗紅,舌尖_暗紅,0,1,0,0,1,3:1
66,舌尖,青紫,舌尖_青紫,0,0,0,0,0,4:0
66,舌尖,灰黑,舌尖_灰黑,0,0,0,0,0,4:0
66,舌中,淡紅,舌中_淡紅,0,0,0,0,0,4:0
66,舌中,淡白,舌中_淡白,0,0,0,0,0,4:0
66,舌中,鮮紅,舌中_鮮紅,1,0,1,1,3,3:1
66,舌中,暗紅,舌中_暗紅,0,1,0,0,1,3:1
66,舌中,青紫,舌中_青紫,0,0,0,0,0,4:0
66,舌中,灰黑,舌中_灰黑,0,0,0,0,0,4:0
66,舌左邊,淡紅,舌左邊_淡紅,0,0,0,0,0,4:0
66,舌左邊,淡白,舌左邊_淡白,0,0,0,0,0,4:0
66,舌左邊,鮮紅,舌左邊_鮮紅,0,0,1,1,2,2:2
66,舌左邊,暗紅,舌左邊_暗紅,1,1,0,0,2,2:2
66,舌左邊,青紫,舌左邊_青紫,0,0,1,0,1,3:1
66,舌左邊,灰黑,舌左邊_灰黑,0,0,0,0,0,4:0
66,舌右邊,淡紅,舌右邊_淡紅,0,0,0,0,0,4:0
66,舌右邊,淡白,舌右邊_淡白,0,0,0,0,0,4:0
66,舌右邊,鮮紅,舌右邊_鮮紅,0,0,1,1,2,2:2
66,舌右邊,暗紅,舌右邊_暗紅,1,1,0,0,2,2:2
66,舌右邊,青紫,舌右邊_青紫,0,0,1,0,1,3:1
66,舌右邊,灰黑,舌右邊_灰黑,0,0,0,0,0,4:0
66,舌根,淡紅,舌根_淡紅,0,0,0,0,0,4:0
66,舌根,淡白,舌根_淡白,0,0,0,0,0,4:0
66,舌根,鮮紅,舌根_鮮紅,0,0,1,1,2,2:2
66,舌根,暗紅,舌根_暗紅,1,1,0,0,2,2:2
66,舌根,青紫,舌根_青紫,0,0,0,0,0,4:0
66,舌根,灰黑,舌根_灰黑,0,0,0,0,0,4:0
67,舌尖,淡紅,舌尖_淡紅,0,0,0,0,0,4:0
67,舌尖,淡白,舌尖_淡白,0,0,0,0,0,4:0
67,舌尖,鮮紅,舌尖_鮮紅,1,0,1,1,3,3:1
67,舌尖,暗紅,舌尖_暗紅,0,1,0,0,1,3:1
67,舌尖,青紫,舌尖_青紫,0,0,0,0,0,4:0
67,舌尖,灰黑,舌尖_灰黑,0,0,0,0,0,4:0
67,舌中,淡紅,舌中_淡紅,0,0,0,0,0,4:0
67,舌中,淡白,舌中_淡白,0,0,0,0,0,4:0
67,舌中,鮮紅,舌中_鮮紅,0,0,1,1,2,2:2
67,舌中,暗紅,舌中_暗紅,1,1,0,0,2,2:2
67,舌中,青紫,舌中_青紫,0,0,0,0,0,4:0
67,舌中,灰黑,舌中_灰黑,0,0,0,0,0,4:0
67,舌左邊,淡紅,舌左邊_淡紅,0,0,0,0,0,4:0
67,舌左邊,淡白,舌左邊_淡白,0,0,0,0,0,4:0
67,舌左邊,鮮紅,舌左邊_鮮紅,1,0,1,1,3,3:1
67,舌左邊,暗紅,舌左邊_暗紅,0,1,0,0,1,3:1
67,舌左邊,青紫,舌左邊_青紫,0,0,0,0,0,4:0
67,舌左邊,灰黑,舌左邊_灰黑,0,0,0,0,0,4:0
67,舌右邊,淡紅,舌右邊_淡紅,0,0,0,0,0,4:0
67,舌右邊,淡白,舌右邊_淡白,0,0,0,0,0,4:0
67,舌右邊,鮮紅,舌右邊_鮮紅,1,0,1,1,3,3:1
67,舌右邊,暗紅,舌右邊_暗紅,0,1,0,0,1,3:1
67,舌右邊,青紫,舌右邊_青紫,0,0,0,0,0,4:0
67,舌右邊,灰黑,舌右邊_灰黑,0,0,0,0,0,4:0
67,舌根,淡紅,舌根_淡紅,1,1,0,0,2,2:2
67,舌根,淡白,舌根_淡白,0,0,0,0,0,4:0
67,舌根,鮮紅,舌根_鮮紅,0,0,1,1,2,2:2
67,舌根,暗紅,舌根_暗紅,0,0,0,0,0,4:0
67,舌根,青紫,舌根_青紫,0,0,0,0,0,4:0
67,舌根,灰黑,舌根_灰黑,0,0,0,0,0,4:0
68,舌尖,淡紅,舌尖_淡紅,0,0,0,0,0,4:0
68,舌尖,淡白,舌尖_淡白,0,0,0,0,0,4:0
68,舌尖,鮮紅,舌尖_鮮紅,0,0,1,1,2,2:2
68,舌尖,暗紅,舌尖_暗紅,1,0,0,1,2,2:2
68,舌尖,青紫,舌尖_青紫,0,1,1,1,3,3:1
68,舌尖,灰黑,舌尖_灰黑,0,0,0,0,0,4:0
68,舌中,淡紅,舌中_淡紅,0,0,0,0,0,4:0
68,舌中,淡白,舌中_淡白,0,0,0,0,0,4:0
68,舌中,鮮紅,舌中_鮮紅,0,0,1,1,2,2:2
68,舌中,暗紅,舌中_暗紅,1,0,0,1,2,2:2
68,舌中,青紫,舌中_青紫,0,1,1,1,3,3:1
68,舌中,灰黑,舌中_灰黑,0,0,0,0,0,4:0
68,舌左邊,淡紅,舌左邊_淡紅,0,0,0,0,0,4:0
68,舌左邊,淡白,舌左邊_淡白,0,0,0,0,0,4:0
68,舌左邊,鮮紅,舌左邊_鮮紅,0,0,1,1,2,2:2
68,舌左邊,暗紅,舌左邊_暗紅,1,1,0,1,3,3:1
68,舌左邊,青紫,舌左邊_青紫,0,1,1,1,3,3:1
68,舌左邊,灰黑,舌左邊_灰黑,0,0,0,0,0,4:0
68,舌右邊,淡紅,舌右邊_淡紅,0,0,0,0,0,4:0
68,舌右邊,淡白,舌右邊_淡白,0,0,0,0,0,4:0
68,舌右邊,鮮紅,舌右邊_鮮紅,0,0,1,1,2,2:2
68,舌右邊,暗紅,舌右邊_暗紅,1,1,0,1,3,3:1
68,舌右邊,青紫,舌右邊_青紫,0,1,1,1,3,3:1
68,舌右邊,灰黑,舌右邊_灰黑,0,0,0,0,0,4:0
68,舌根,淡紅,舌根_淡紅,0,0,0,0,0,4:0
68,舌根,淡白,舌根_淡白,0,0,0,0,0,4:0
68,舌根,鮮紅,舌根_鮮紅,0,0,1,1,2,2:2
68,舌根,暗紅,舌根_暗紅,0,0,0,1,1,3:1
68,舌根,青紫,舌根_青紫,1,1,1,1,4,4:0
68,舌根,灰黑,舌根_灰黑,0,0,0,0,0,4:0
69,舌尖,淡紅,舌尖_淡紅,0,0,0,0,0,4:0
69,舌尖,淡白,舌尖_淡白,0,0,0,0,0,4:0
69,舌尖,鮮紅,舌尖_鮮紅,0,0,1,1,2,2:2
69,舌尖,暗紅,舌尖_暗紅,1,1,0,1,3,3:1
69,舌尖,青紫,舌尖_青紫,0,0,0,1,1,3:1
69,舌尖,灰黑,舌尖_灰黑,0,0,0,0,0,4:0
69,舌中,淡紅,舌中_淡紅,0,0,0,0,0,4:0
69,舌中,淡白,舌中_淡白,0,0,0,0,0,4:0
69,舌中,鮮紅,舌中_鮮紅,0,0,1,1,2,2:2
69,舌中,暗紅,舌中_暗紅,1,1,0,1,3,3:1
69,舌中,青紫,舌中_青紫,0,0,1,1,2,2:2
69,舌中,灰黑,舌中_灰黑,0,0,0,0,0,4:0
69,舌左邊,淡紅,舌左邊_淡紅,0,0,0,1,1,3:1
69,舌左邊,淡白,舌左邊_淡白,0,0,0,1,1,3:1
69,舌左邊,鮮紅,舌左邊_鮮紅,0,0,1,1,2,2:2
69,舌左邊,暗紅,舌左邊_暗紅,1,0,0,1,2,2:2
69,舌左邊,青紫,舌左邊_青紫,0,1,1,1,3,3:1
69,舌左邊,灰黑,舌左邊_灰黑,0,0,0,0,0,4:0
69,舌右邊,淡紅,舌右邊_淡紅,0,0,0,0,0,4:0
69,舌右邊,淡白,舌右邊_淡白,0,0,0,0,0,4:0
69,舌右邊,鮮紅,舌右邊_鮮紅,0,0,1,1,2,2:2
69,舌右邊,暗紅,舌右邊_暗紅,1,0,0,1,2,2:2
69,舌右邊,青紫,舌右邊_青紫,0,1,1,1,3,3:1
69,舌右邊,灰黑,舌右邊_灰黑,0,0,0,0,0,4:0
69,舌根,淡紅,舌根_淡紅,0,0,0,0,0,4:0
69,舌根,淡白,舌根_淡白,0,0,0,0,0,4:0
69,舌根,鮮紅,舌根_鮮紅,0,0,1,1,2,2:2
69,舌根,暗紅,舌根_暗紅,0,1,0,1,2,2:2
69,舌根,青紫,舌根_青紫,0,0,0,1,1,3:1
69,舌根,灰黑,舌根_灰黑,1,0,0,0,1,3:1
7,舌尖,淡紅,舌尖_淡紅,1,0,0,1,2,2:2
7,舌尖,淡白,舌尖_淡白,0,1,1,0,2,2:2
7,舌尖,鮮紅,舌尖_鮮紅,0,0,0,0,0,4:0
7,舌尖,暗紅,舌尖_暗紅,0,0,0,0,0,4:0
7,舌尖,青紫,舌尖_青紫,0,0,0,1,1,3:1
7,舌尖,灰黑,舌尖_灰黑,0,0,0,0,0,4:0
7,舌中,淡紅,舌中_淡紅,0,0,0,1,1,3:1
7,舌中,淡白,舌中_淡白,0,1,1,0,2,2:2
7,舌中,鮮紅,舌中_鮮紅,0,0,0,0,0,4:0
7,舌中,暗紅,舌中_暗紅,1,0,0,0,1,3:1
7,舌中,青紫,舌中_青紫,0,0,0,1,1,3:1
7,舌中,灰黑,舌中_灰黑,0,0,0,0,0,4:0
7,舌左邊,淡紅,舌左邊_淡紅,1,0,0,1,2,2:2
7,舌左邊,淡白,舌左邊_淡白,0,1,1,0,2,2:2
7,舌左邊,鮮紅,舌左邊_鮮紅,0,0,0,0,0,4:0
7,舌左邊,暗紅,舌左邊_暗紅,0,0,0,0,0,4:0
7,舌左邊,青紫,舌左邊_青紫,0,0,0,0,0,4:0
7,舌左邊,灰黑,舌左邊_灰黑,0,0,0,0,0,4:0
7,舌右邊,淡紅,舌右邊_淡紅,1,0,0,1,2,2:2
7,舌右邊,淡白,舌右邊_淡白,0,1,1,0,2,2:2
7,舌右邊,鮮紅,舌右邊_鮮紅,0,0,0,0,0,4:0
7,舌右邊,暗紅,舌右邊_暗紅,0,0,0,0,0,4:0
7,舌右邊,青紫,舌右邊_青紫,0,0,0,0,0,4:0
7,舌右邊,灰黑,舌右邊_灰黑,0,0,0,0,0,4:0
7,舌根,淡紅,舌根_淡紅,0,0,0,1,1,3:1
7,舌根,淡白,舌根_淡白,0,1,1,0,2,2:2
7,舌根,鮮紅,舌根_鮮紅,0,0,0,0,0,4:0
7,舌根,暗紅,舌根_暗紅,1,0,0,0,1,3:1
7,舌根,青紫,舌根_青紫,0,0,0,0,0,4:0
7,舌根,灰黑,舌根_灰黑,0,0,0,0,0,4:0
70,舌尖,淡紅,舌尖_淡紅,0,0,0,0,0,4:0
70,舌尖,淡白,舌尖_淡白,0,0,0,0,0,4:0
70,舌尖,鮮紅,舌尖_鮮紅,1,1,1,1,4,4:0
70,舌尖,暗紅,舌尖_暗紅,0,0,0,0,0,4:0
70,舌尖,青紫,舌尖_青紫,0,0,0,0,0,4:0
70,舌尖,灰黑,舌尖_灰黑,0,0,0,0,0,4:0
70,舌中,淡紅,舌中_淡紅,0,0,0,0,0,4:0
70,舌中,淡白,舌中_淡白,0,0,0,0,0,4:0
70,舌中,鮮紅,舌中_鮮紅,0,1,1,1,3,3:1
70,舌中,暗紅,舌中_暗紅,1,0,0,0,1,3:1
70,舌中,青紫,舌中_青紫,0,0,0,0,0,4:0
70,舌中,灰黑,舌中_灰黑,0,0,0,0,0,4:0
70,舌左邊,淡紅,舌左邊_淡紅,0,0,0,0,0,4:0
70,舌左邊,淡白,舌左邊_淡白,0,0,0,0,0,4:0
70,舌左邊,鮮紅,舌左邊_鮮紅,1,1,1,1,4,4:0
70,舌左邊,暗紅,舌左邊_暗紅,0,0,0,0,0,4:0
70,舌左邊,青紫,舌左邊_青紫,0,0,0,0,0,4:0
70,舌左邊,灰黑,舌左邊_灰黑,0,0,0,0,0,4:0
70,舌右邊,淡紅,舌右邊_淡紅,0,0,0,0,0,4:0
70,舌右邊,淡白,舌右邊_淡白,0,0,0,0,0,4:0
70,舌右邊,鮮紅,舌右邊_鮮紅,1,1,1,1,4,4:0
70,舌右邊,暗紅,舌右邊_暗紅,0,0,0,0,0,4:0
70,舌右邊,青紫,舌右邊_青紫,0,0,0,0,0,4:0
70,舌右邊,灰黑,舌右邊_灰黑,0,0,0,0,0,4:0
70,舌根,淡紅,舌根_淡紅,0,0,0,0,0,4:0
70,舌根,淡白,舌根_淡白,0,0,0,0,0,4:0
70,舌根,鮮紅,舌根_鮮紅,0,1,1,1,3,3:1
70,舌根,暗紅,舌根_暗紅,1,0,0,0,1,3:1
70,舌根,青紫,舌根_青紫,0,0,0,0,0,4:0
70,舌根,灰黑,舌根_灰黑,0,0,0,0,0,4:0
71,舌尖,淡紅,舌尖_淡紅,0,0,0,0,0,4:0
71,舌尖,淡白,舌尖_淡白,0,0,0,0,0,4:0
71,舌尖,鮮紅,舌尖_鮮紅,0,0,1,1,2,2:2
71,舌尖,暗紅,舌尖_暗紅,1,0,0,1,2,2:2
71,舌尖,青紫,舌尖_青紫,0,1,1,1,3,3:1
71,舌尖,灰黑,舌尖_灰黑,0,0,0,0,0,4:0
71,舌中,淡紅,舌中_淡紅,0,0,0,0,0,4:0
71,舌中,淡白,舌中_淡白,0,0,0,0,0,4:0
71,舌中,鮮紅,舌中_鮮紅,0,0,1,1,2,2:2
71,舌中,暗紅,舌中_暗紅,0,1,0,1,2,2:2
71,舌中,青紫,舌中_青紫,1,0,1,0,2,2:2
71,舌中,灰黑,舌中_灰黑,0,0,0,0,0,4:0
71,舌左邊,淡紅,舌左邊_淡紅,0,0,0,0,0,4:0
71,舌左邊,淡白,舌左邊_淡白,0,0,0,0,0,4:0
71,舌左邊,鮮紅,舌左邊_鮮紅,0,0,1,1,2,2:2
71,舌左邊,暗紅,舌左邊_暗紅,1,0,0,1,2,2:2
71,舌左邊,青紫,舌左邊_青紫,0,1,1,1,3,3:1
71,舌左邊,灰黑,舌左邊_灰黑,0,0,0,0,0,4:0
71,舌右邊,淡紅,舌右邊_淡紅,0,0,0,0,0,4:0
71,舌右邊,淡白,舌右邊_淡白,0,0,0,0,0,4:0
71,舌右邊,鮮紅,舌右邊_鮮紅,0,0,1,1,2,2:2
71,舌右邊,暗紅,舌右邊_暗紅,1,0,0,1,2,2:2
71,舌右邊,青紫,舌右邊_青紫,0,1,1,1,3,3:1
71,舌右邊,灰黑,舌右邊_灰黑,0,0,0,0,0,4:0
71,舌根,淡紅,舌根_淡紅,0,0,0,0,0,4:0
71,舌根,淡白,舌根_淡白,0,0,0,0,0,4:0
71,舌根,鮮紅,舌根_鮮紅,0,0,1,1,2,2:2
71,舌根,暗紅,舌根_暗紅,1,1,0,1,3,3:1
71,舌根,青紫,舌根_青紫,0,0,1,0,1,3:1
71,舌根,灰黑,舌根_灰黑,0,0,0,0,0,4:0
72,舌尖,淡紅,舌尖_淡紅,0,0,0,0,0,4:0
72,舌尖,淡白,舌尖_淡白,0,0,0,0,0,4:0
72,舌尖,鮮紅,舌尖_鮮紅,1,0,1,1,3,3:1
72,舌尖,暗紅,舌尖_暗紅,0,1,0,0,1,3:1
72,舌尖,青紫,舌尖_青紫,0,0,1,1,2,2:2
72,舌尖,灰黑,舌尖_灰黑,0,0,0,0,0,4:0
72,舌中,淡紅,舌中_淡紅,0,0,0,0,0,4:0
72,舌中,淡白,舌中_淡白,0,0,0,0,0,4:0
72,舌中,鮮紅,舌中_鮮紅,1,0,1,1,3,3:1
72,舌中,暗紅,舌中_暗紅,0,1,0,0,1,3:1
72,舌中,青紫,舌中_青紫,0,0,1,0,1,3:1
72,舌中,灰黑,舌中_灰黑,0,0,0,0,0,4:0
72,舌左邊,淡紅,舌左邊_淡紅,0,0,0,0,0,4:0
72,舌左邊,淡白,舌左邊_淡白,0,0,0,0,0,4:0
72,舌左邊,鮮紅,舌左邊_鮮紅,1,0,1,1,3,3:1
72,舌左邊,暗紅,舌左邊_暗紅,0,1,0,0,1,3:1
72,舌左邊,青紫,舌左邊_青紫,0,0,1,0,1,3:1
72,舌左邊,灰黑,舌左邊_灰黑,0,0,0,0,0,4:0
72,舌右邊,淡紅,舌右邊_淡紅,0,0,0,0,0,4:0
72,舌右邊,淡白,舌右邊_淡白,0,0,0,0,0,4:0
72,舌右邊,鮮紅,舌右邊_鮮紅,1,0,1,1,3,3:1
72,舌右邊,暗紅,舌右邊_暗紅,0,1,0,0,1,3:1
72,舌右邊,青紫,舌右邊_青紫,0,0,1,0,1,3:1
72,舌右邊,灰黑,舌右邊_灰黑,0,0,0,0,0,4:0
72,舌根,淡紅,舌根_淡紅,0,0,0,0,0,4:0
72,舌根,淡白,舌根_淡白,0,0,0,0,0,4:0
72,舌根,鮮紅,舌根_鮮紅,0,0,1,1,2,2:2
72,舌根,暗紅,舌根_暗紅,1,1,0,0,2,2:2
72,舌根,青紫,舌根_青紫,0,0,0,0,0,4:0
72,舌根,灰黑,舌根_灰黑,0,0,0,0,0,4:0
73,舌尖,淡紅,舌尖_淡紅,0,0,0,0,0,4:0
73,舌尖,淡白,舌尖_淡白,0,0,0,0,0,4:0
73,舌尖,鮮紅,舌尖_鮮紅,1,0,0,1,2,2:2
73,舌尖,暗紅,舌尖_暗紅,0,1,1,0,2,2:2
73,舌尖,青紫,舌尖_青紫,0,0,1,1,2,2:2
73,舌尖,灰黑,舌尖_灰黑,0,0,0,0,0,4:0
73,舌中,淡紅,舌中_淡紅,0,0,0,0,0,4:0
73,舌中,淡白,舌中_淡白,0,0,0,0,0,4:0
73,舌中,鮮紅,舌中_鮮紅,0,0,0,1,1,3:1
73,舌中,暗紅,舌中_暗紅,1,0,1,0,2,2:2
73,舌中,青紫,舌中_青紫,0,1,1,1,3,3:1
73,舌中,灰黑,舌中_灰黑,0,0,0,0,0,4:0
73,舌左邊,淡紅,舌左邊_淡紅,0,0,1,0,1,3:1
73,舌左邊,淡白,舌左邊_淡白,0,0,0,0,0,4:0
73,舌左邊,鮮紅,舌左邊_鮮紅,1,0,0,1,2,2:2
73,舌左邊,暗紅,舌左邊_暗紅,0,0,1,0,1,3:1
73,舌左邊,青紫,舌左邊_青紫,0,1,1,1,3,3:1
73,舌左邊,灰黑,舌左邊_灰黑,0,0,0,0,0,4:0
73,舌右邊,淡紅,舌右邊_淡紅,0,0,1,0,1,3:1
73,舌右邊,淡白,舌右邊_淡白,0,0,0,0,0,4:0
73,舌右邊,鮮紅,舌右邊_鮮紅,1,0,0,1,2,2:2
73,舌右邊,暗紅,舌右邊_暗紅,0,0,1,0,1,3:1
73,舌右邊,青紫,舌右邊_青紫,0,1,1,1,3,3:1
73,舌右邊,灰黑,舌右邊_灰黑,0,0,0,0,0,4:0
73,舌根,淡紅,舌根_淡紅,0,0,0,0,0,4:0
73,舌根,淡白,舌根_淡白,0,0,0,0,0,4:0
73,舌根,鮮紅,舌根_鮮紅,0,0,0,1,1,3:1
73,舌根,暗紅,舌根_暗紅,0,1,1,0,2,2:2
73,舌根,青紫,舌根_青紫,1,0,0,1,2,2:2
73,舌根,灰黑,舌根_灰黑,0,0,0,0,0,4:0
74,舌尖,淡紅,舌尖_淡紅,1,0,0,1,2,2:2
74,舌尖,淡白,舌尖_淡白,0,0,0,0,0,4:0
74,舌尖,鮮紅,舌尖_鮮紅,0,0,1,0,1,3:1
74,舌尖,暗紅,舌尖_暗紅,0,1,0,1,2,2:2
74,舌尖,青紫,舌尖_青紫,0,0,0,0,0,4:0
74,舌尖,灰黑,舌尖_灰黑,0,0,0,0,0,4:0
74,舌中,淡紅,舌中_淡紅,0,0,0,1,1,3:1
74,舌中,淡白,舌中_淡白,0,0,0,0,0,4:0
74,舌中,鮮紅,舌中_鮮紅,0,0,1,0,1,3:1
74,舌中,暗紅,舌中_暗紅,1,1,0,1,3,3:1
74,舌中,青紫,舌中_青紫,0,0,1,0,1,3:1
74,舌中,灰黑,舌中_灰黑,0,0,0,0,0,4:0
74,舌左邊,淡紅,舌左邊_淡紅,0,0,0,1,1,3:1
74,舌左邊,淡白,舌左邊_淡白,0,0,0,0,0,4:0
74,舌左邊,鮮紅,舌左邊_鮮紅,0,0,1,0,1,3:1
74,舌左邊,暗紅,舌左邊_暗紅,1,1,0,1,3,3:1
74,舌左邊,青紫,舌左邊_青紫,0,0,1,1,2,2:2
74,舌左邊,灰黑,舌左邊_灰黑,0,0,0,0,0,4:0
74,舌右邊,淡紅,舌右邊_淡紅,0,0,0,1,1,3:1
74,舌右邊,淡白,舌右邊_淡白,0,0,0,0,0,4:0
74,舌右邊,鮮紅,舌右邊_鮮紅,0,0,1,0,1,3:1
74,舌右邊,暗紅,舌右邊_暗紅,1,1,0,1,3,3:1
74,舌右邊,青紫,舌右邊_青紫,0,0,1,1,2,2:2
74,舌右邊,灰黑,舌右邊_灰黑,0,0,0,0,0,4:0
74,舌根,淡紅,舌根_淡紅,0,0,0,1,1,3:1
74,舌根,淡白,舌根_淡白,0,0,0,0,0,4:0
74,舌根,鮮紅,舌根_鮮紅,0,0,1,0,1,3:1
74,舌根,暗紅,舌根_暗紅,1,1,0,1,3,3:1
74,舌根,青紫,舌根_青紫,0,0,1,0,1,3:1
74,舌根,灰黑,舌根_灰黑,0,0,0,0,0,4:0
75,舌尖,淡紅,舌尖_淡紅,0,0,1,1,2,2:2
75,舌尖,淡白,舌尖_淡白,0,0,0,0,0,4:0
75,舌尖,鮮紅,舌尖_鮮紅,0,0,1,1,2,2:2
75,舌尖,暗紅,舌尖_暗紅,1,1,0,0,2,2:2
75,舌尖,青紫,舌尖_青紫,0,0,0,0,0,4:0
75,舌尖,灰黑,舌尖_灰黑,0,0,0,0,0,4:0
75,舌中,淡紅,舌中_淡紅,0,0,1,1,2,2:2
75,舌中,淡白,舌中_淡白,0,0,0,0,0,4:0
75,舌中,鮮紅,舌中_鮮紅,0,0,1,0,1,3:1
75,舌中,暗紅,舌中_暗紅,1,1,0,0,2,2:2
75,舌中,青紫,舌中_青紫,0,0,1,1,2,2:2
75,舌中,灰黑,舌中_灰黑,0,0,0,0,0,4:0
75,舌左邊,淡紅,舌左邊_淡紅,0,0,1,1,2,2:2
75,舌左邊,淡白,舌左邊_淡白,0,0,0,0,0,4:0
75,舌左邊,鮮紅,舌左邊_鮮紅,0,0,1,0,1,3:1
75,舌左邊,暗紅,舌左邊_暗紅,1,1,0,0,2,2:2
75,舌左邊,青紫,舌左邊_青紫,0,0,0,0,0,4:0
75,舌左邊,灰黑,舌左邊_灰黑,0,0,0,0,0,4:0
75,舌右邊,淡紅,舌右邊_淡紅,0,0,1,1,2,2:2
75,舌右邊,淡白,舌右邊_淡白,0,0,0,0,0,4:0
75,舌右邊,鮮紅,舌右邊_鮮紅,0,0,1,0,1,3:1
75,舌右邊,暗紅,舌右邊_暗紅,1,1,0,0,2,2:2
75,舌右邊,青紫,舌右邊_青紫,0,0,0,0,0,4:0
75,舌右邊,灰黑,舌右邊_灰黑,0,0,0,0,0,4:0
75,舌根,淡紅,舌根_淡紅,1,1,1,1,4,4:0
75,舌根,淡白,舌根_淡白,0,0,0,0,0,4:0
75,舌根,鮮紅,舌根_鮮紅,0,0,1,0,1,3:1
75,舌根,暗紅,舌根_暗紅,0,0,0,0,0,4:0
75,舌根,青紫,舌根_青紫,0,0,0,0,0,4:0
75,舌根,灰黑,舌根_灰黑,0,0,0,0,0,4:0
76,舌尖,淡紅,舌尖_淡紅,0,0,0,0,0,4:0
76,舌尖,淡白,舌尖_淡白,1,0,0,0,1,3:1
76,舌尖,鮮紅,舌尖_鮮紅,0,0,1,1,2,2:2
76,舌尖,暗紅,舌尖_暗紅,0,1,1,1,3,3:1
76,舌尖,青紫,舌尖_青紫,0,0,1,1,2,2:2
76,舌尖,灰黑,舌尖_灰黑,0,0,0,0,0,4:0
76,舌中,淡紅,舌中_淡紅,0,0,0,0,0,4:0
76,舌中,淡白,舌中_淡白,0,0,0,0,0,4:0
76,舌中,鮮紅,舌中_鮮紅,0,0,1,1,2,2:2
76,舌中,暗紅,舌中_暗紅,1,1,1,1,4,4:0
76,舌中,青紫,舌中_青紫,0,0,0,0,0,4:0
76,舌中,灰黑,舌中_灰黑,0,0,0,0,0,4:0
76,舌左邊,淡紅,舌左邊_淡紅,0,0,0,0,0,4:0
76,舌左邊,淡白,舌左邊_淡白,0,0,0,0,0,4:0
76,舌左邊,鮮紅,舌左邊_鮮紅,1,0,1,1,3,3:1
76,舌左邊,暗紅,舌左邊_暗紅,0,1,1,1,3,3:1
76,舌左邊,青紫,舌左邊_青紫,0,0,0,1,1,3:1
76,舌左邊,灰黑,舌左邊_灰黑,0,0,0,0,0,4:0
76,舌右邊,淡紅,舌右邊_淡紅,0,0,0,0,0,4:0
76,舌右邊,淡白,舌右邊_淡白,0,0,0,0,0,4:0
76,舌右邊,鮮紅,舌右邊_鮮紅,1,0,1,1,3,3:1
76,舌右邊,暗紅,舌右邊_暗紅,0,1,1,1,3,3:1
76,舌右邊,青紫,舌右邊_青紫,0,0,1,1,2,2:2
76,舌右邊,灰黑,舌右邊_灰黑,0,0,0,0,0,4:0
76,舌根,淡紅,舌根_淡紅,0,0,0,0,0,4:0
76,舌根,淡白,舌根_淡白,0,0,0,0,0,4:0
76,舌根,鮮紅,舌根_鮮紅,0,0,1,1,2,2:2
76,舌根,暗紅,舌根_暗紅,1,1,1,1,4,4:0
76,舌根,青紫,舌根_青紫,0,0,0,0,0,4:0
76,舌根,灰黑,舌根_灰黑,0,0,0,0,0,4:0
77,舌尖,淡紅,舌尖_淡紅,0,0,0,0,0,4:0
77,舌尖,淡白,舌尖_淡白,0,0,0,0,0,4:0
77,舌尖,鮮紅,舌尖_鮮紅,0,0,1,1,2,2:2
77,舌尖,暗紅,舌尖_暗紅,1,1,0,1,3,3:1
77,舌尖,青紫,舌尖_青紫,0,0,1,1,2,2:2
77,舌尖,灰黑,舌尖_灰黑,0,0,0,0,0,4:0
77,舌中,淡紅,舌中_淡紅,0,0,0,0,0,4:0
77,舌中,淡白,舌中_淡白,0,0,0,0,0,4:0
77,舌中,鮮紅,舌中_鮮紅,0,0,1,1,2,2:2
77,舌中,暗紅,舌中_暗紅,0,1,0,1,2,2:2
77,舌中,青紫,舌中_青紫,1,0,1,0,2,2:2
77,舌中,灰黑,舌中_灰黑,0,0,0,0,0,4:0
77,舌左邊,淡紅,舌左邊_淡紅,0,0,0,0,0,4:0
77,舌左邊,淡白,舌左邊_淡白,0,0,0,0,0,4:0
77,舌左邊,鮮紅,舌左邊_鮮紅,0,0,1,1,2,2:2
77,舌左邊,暗紅,舌左邊_暗紅,1,1,0,1,3,3:1
77,舌左邊,青紫,舌左邊_青紫,0,0,1,1,2,2:2
77,舌左邊,灰黑,舌左邊_灰黑,0,0,0,0,0,4:0
77,舌右邊,淡紅,舌右邊_淡紅,0,0,0,0,0,4:0
77,舌右邊,淡白,舌右邊_淡白,0,0,0,0,0,4:0
77,舌右邊,鮮紅,舌右邊_鮮紅,0,0,1,1,2,2:2
77,舌右邊,暗紅,舌右邊_暗紅,1,1,0,1,3,3:1
77,舌右邊,青紫,舌右邊_青紫,0,0,0,0,0,4:0
77,舌右邊,灰黑,舌右邊_灰黑,0,0,0,0,0,4:0
77,舌根,淡紅,舌根_淡紅,0,0,0,0,0,4:0
77,舌根,淡白,舌根_淡白,0,0,0,0,0,4:0
77,舌根,鮮紅,舌根_鮮紅,0,0,1,1,2,2:2
77,舌根,暗紅,舌根_暗紅,1,1,0,1,3,3:1
77,舌根,青紫,舌根_青紫,0,0,0,0,0,4:0
77,舌根,灰黑,舌根_灰黑,0,0,0,0,0,4:0
78,舌尖,淡紅,舌尖_淡紅,1,0,0,0,1,3:1
78,舌尖,淡白,舌尖_淡白,0,0,0,0,0,4:0
78,舌尖,鮮紅,舌尖_鮮紅,0,0,1,1,2,2:2
78,舌尖,暗紅,舌尖_暗紅,0,1,0,0,1,3:1
78,舌尖,青紫,舌尖_青紫,0,0,1,1,2,2:2
78,舌尖,灰黑,舌尖_灰黑,0,0,0,0,0,4:0
78,舌中,淡紅,舌中_淡紅,0,0,0,0,0,4:0
78,舌中,淡白,舌中_淡白,0,0,0,0,0,4:0
78,舌中,鮮紅,舌中_鮮紅,0,0,1,1,2,2:2
78,舌中,暗紅,舌中_暗紅,0,1,0,0,1,3:1
78,舌中,青紫,舌中_青紫,1,0,1,1,3,3:1
78,舌中,灰黑,舌中_灰黑,0,0,0,0,0,4:0
78,舌左邊,淡紅,舌左邊_淡紅,0,0,0,0,0,4:0
78,舌左邊,淡白,舌左邊_淡白,0,0,0,0,0,4:0
78,舌左邊,鮮紅,舌左邊_鮮紅,0,0,1,1,2,2:2
78,舌左邊,暗紅,舌左邊_暗紅,1,1,0,0,2,2:2
78,舌左邊,青紫,舌左邊_青紫,0,0,0,1,1,3:1
78,舌左邊,灰黑,舌左邊_灰黑,0,0,0,0,0,4:0
78,舌右邊,淡紅,舌右邊_淡紅,0,0,0,0,0,4:0
78,舌右邊,淡白,舌右邊_淡白,0,0,0,0,0,4:0
78,舌右邊,鮮紅,舌右邊_鮮紅,0,0,1,1,2,2:2
78,舌右邊,暗紅,舌右邊_暗紅,1,1,0,0,2,2:2
78,舌右邊,青紫,舌右邊_青紫,0,0,0,1,1,3:1
78,舌右邊,灰黑,舌右邊_灰黑,0,0,0,0,0,4:0
78,舌根,淡紅,舌根_淡紅,0,0,0,0,0,4:0
78,舌根,淡白,舌根_淡白,0,0,0,0,0,4:0
78,舌根,鮮紅,舌根_鮮紅,0,0,1,1,2,2:2
78,舌根,暗紅,舌根_暗紅,0,1,0,0,1,3:1
78,舌根,青紫,舌根_青紫,1,0,0,0,1,3:1
78,舌根,灰黑,舌根_灰黑,0,0,0,0,0,4:0
79,舌尖,淡紅,舌尖_淡紅,0,0,0,0,0,4:0
79,舌尖,淡白,舌尖_淡白,0,0,0,0,0,4:0
79,舌尖,鮮紅,舌尖_鮮紅,1,1,1,1,4,4:0
79,舌尖,暗紅,舌尖_暗紅,0,0,0,0,0,4:0
79,舌尖,青紫,舌尖_青紫,0,0,0,0,0,4:0
79,舌尖,灰黑,舌尖_灰黑,0,0,0,0,0,4:0
79,舌中,淡紅,舌中_淡紅,1,0,0,0,1,3:1
79,舌中,淡白,舌中_淡白,0,0,0,0,0,4:0
79,舌中,鮮紅,舌中_鮮紅,0,1,1,1,3,3:1
79,舌中,暗紅,舌中_暗紅,0,0,0,0,0,4:0
79,舌中,青紫,舌中_青紫,0,0,0,0,0,4:0
79,舌中,灰黑,舌中_灰黑,0,0,0,0,0,4:0
79,舌左邊,淡紅,舌左邊_淡紅,0,0,0,0,0,4:0
79,舌左邊,淡白,舌左邊_淡白,0,0,0,0,0,4:0
79,舌左邊,鮮紅,舌左邊_鮮紅,1,1,1,1,4,4:0
79,舌左邊,暗紅,舌左邊_暗紅,0,0,0,0,0,4:0
79,舌左邊,青紫,舌左邊_青紫,0,0,1,1,2,2:2
79,舌左邊,灰黑,舌左邊_灰黑,0,0,0,0,0,4:0
79,舌右邊,淡紅,舌右邊_淡紅,0,0,0,0,0,4:0
79,舌右邊,淡白,舌右邊_淡白,0,0,0,0,0,4:0
79,舌右邊,鮮紅,舌右邊_鮮紅,1,1,1,1,4,4:0
79,舌右邊,暗紅,舌右邊_暗紅,0,0,0,0,0,4:0
79,舌右邊,青紫,舌右邊_青紫,0,0,1,1,2,2:2
79,舌右邊,灰黑,舌右邊_灰黑,0,0,0,0,0,4:0
79,舌根,淡紅,舌根_淡紅,0,0,0,0,0,4:0
79,舌根,淡白,舌根_淡白,0,0,0,0,0,4:0
79,舌根,鮮紅,舌根_鮮紅,0,1,1,1,3,3:1
79,舌根,暗紅,舌根_暗紅,1,0,0,0,1,3:1
79,舌根,青紫,舌根_青紫,0,0,0,0,0,4:0
79,舌根,灰黑,舌根_灰黑,0,0,0,0,0,4:0
8,舌尖,淡紅,舌尖_淡紅,1,1,1,1,4,4:0
8,舌尖,淡白,舌尖_淡白,0,0,0,0,0,4:0
8,舌尖,鮮紅,舌尖_鮮紅,0,0,0,0,0,4:0
8,舌尖,暗紅,舌尖_暗紅,0,0,0,0,0,4:0
8,舌尖,青紫,舌尖_青紫,0,0,0,1,1,3:1
8,舌尖,灰黑,舌尖_灰黑,0,0,0,0,0,4:0
8,舌中,淡紅,舌中_淡紅,1,1,1,1,4,4:0
8,舌中,淡白,舌中_淡白,0,0,0,0,0,4:0
8,舌中,鮮紅,舌中_鮮紅,0,0,0,0,0,4:0
8,舌中,暗紅,舌中_暗紅,0,0,0,0,0,4:0
8,舌中,青紫,舌中_青紫,0,0,0,0,0,4:0
8,舌中,灰黑,舌中_灰黑,0,0,0,0,0,4:0
8,舌左邊,淡紅,舌左邊_淡紅,1,1,1,1,4,4:0
8,舌左邊,淡白,舌左邊_淡白,0,0,0,0,0,4:0
8,舌左邊,鮮紅,舌左邊_鮮紅,0,0,0,0,0,4:0
8,舌左邊,暗紅,舌左邊_暗紅,0,0,0,0,0,4:0
8,舌左邊,青紫,舌左邊_青紫,0,0,0,0,0,4:0
8,舌左邊,灰黑,舌左邊_灰黑,0,0,0,0,0,4:0
8,舌右邊,淡紅,舌右邊_淡紅,1,1,1,1,4,4:0
8,舌右邊,淡白,舌右邊_淡白,0,0,0,0,0,4:0
8,舌右邊,鮮紅,舌右邊_鮮紅,0,0,0,0,0,4:0
8,舌右邊,暗紅,舌右邊_暗紅,0,0,0,0,0,4:0
8,舌右邊,青紫,舌右邊_青紫,0,0,0,0,0,4:0
8,舌右邊,灰黑,舌右邊_灰黑,0,0,0,0,0,4:0
8,舌根,淡紅,舌根_淡紅,1,1,1,1,4,4:0
8,舌根,淡白,舌根_淡白,0,0,0,0,0,4:0
8,舌根,鮮紅,舌根_鮮紅,0,0,0,0,0,4:0
8,舌根,暗紅,舌根_暗紅,0,0,0,0,0,4:0
8,舌根,青紫,舌根_青紫,0,0,0,0,0,4:0
8,舌根,灰黑,舌根_灰黑,0,0,0,0,0,4:0
80,舌尖,淡紅,舌尖_淡紅,0,0,0,0,0,4:0
80,舌尖,淡白,舌尖_淡白,0,0,0,0,0,4:0
80,舌尖,鮮紅,舌尖_鮮紅,0,0,1,1,2,2:2
80,舌尖,暗紅,舌尖_暗紅,1,1,0,0,2,2:2
80,舌尖,青紫,舌尖_青紫,0,0,0,1,1,3:1
80,舌尖,灰黑,舌尖_灰黑,0,0,0,0,0,4:0
80,舌中,淡紅,舌中_淡紅,0,0,0,0,0,4:0
80,舌中,淡白,舌中_淡白,0,0,0,0,0,4:0
80,舌中,鮮紅,舌中_鮮紅,0,0,1,1,2,2:2
80,舌中,暗紅,舌中_暗紅,1,1,0,0,2,2:2
80,舌中,青紫,舌中_青紫,0,0,0,0,0,4:0
80,舌中,灰黑,舌中_灰黑,0,0,0,0,0,4:0
80,舌左邊,淡紅,舌左邊_淡紅,0,0,0,0,0,4:0
80,舌左邊,淡白,舌左邊_淡白,0,0,0,0,0,4:0
80,舌左邊,鮮紅,舌左邊_鮮紅,1,0,1,1,3,3:1
80,舌左邊,暗紅,舌左邊_暗紅,0,1,0,0,1,3:1
80,舌左邊,青紫,舌左邊_青紫,0,0,0,1,1,3:1
80,舌左邊,灰黑,舌左邊_灰黑,0,0,0,0,0,4:0
80,舌右邊,淡紅,舌右邊_淡紅,0,0,0,0,0,4:0
80,舌右邊,淡白,舌右邊_淡白,0,0,0,0,0,4:0
80,舌右邊,鮮紅,舌右邊_鮮紅,1,0,1,1,3,3:1
80,舌右邊,暗紅,舌右邊_暗紅,0,1,0,0,1,3:1
80,舌右邊,青紫,舌右邊_青紫,0,0,0,1,1,3:1
80,舌右邊,灰黑,舌右邊_灰黑,0,0,0,0,0,4:0
80,舌根,淡紅,舌根_淡紅,1,0,0,0,1,3:1
80,舌根,淡白,舌根_淡白,0,0,0,0,0,4:0
80,舌根,鮮紅,舌根_鮮紅,0,0,1,1,2,2:2
80,舌根,暗紅,舌根_暗紅,0,1,0,0,1,3:1
80,舌根,青紫,舌根_青紫,0,0,0,0,0,4:0
80,舌根,灰黑,舌根_灰黑,0,0,0,0,0,4:0
81,舌尖,淡紅,舌尖_淡紅,0,0,0,0,0,4:0
81,舌尖,淡白,舌尖_淡白,0,0,0,0,0,4:0
81,舌尖,鮮紅,舌尖_鮮紅,0,0,1,1,2,2:2
81,舌尖,暗紅,舌尖_暗紅,1,1,0,1,3,3:1
81,舌尖,青紫,舌尖_青紫,1,1,1,1,4,4:0
81,舌尖,灰黑,舌尖_灰黑,0,0,0,0,0,4:0
81,舌中,淡紅,舌中_淡紅,0,0,0,0,0,4:0
81,舌中,淡白,舌中_淡白,0,0,0,0,0,4:0
81,舌中,鮮紅,舌中_鮮紅,0,0,1,1,2,2:2
81,舌中,暗紅,舌中_暗紅,1,1,0,1,3,3:1
81,舌中,青紫,舌中_青紫,0,0,0,0,0,4:0
81,舌中,灰黑,舌中_灰黑,0,0,0,0,0,4:0
81,舌左邊,淡紅,舌左邊_淡紅,0,0,0,0,0,4:0
81,舌左邊,淡白,舌左邊_淡白,0,0,0,0,0,4:0
81,舌左邊,鮮紅,舌左邊_鮮紅,0,0,1,1,2,2:2
81,舌左邊,暗紅,舌左邊_暗紅,1,1,0,1,3,3:1
81,舌左邊,青紫,舌左邊_青紫,1,1,1,1,4,4:0
81,舌左邊,灰黑,舌左邊_灰黑,0,0,0,0,0,4:0
81,舌右邊,淡紅,舌右邊_淡紅,0,0,0,0,0,4:0
81,舌右邊,淡白,舌右邊_淡白,0,0,0,0,0,4:0
81,舌右邊,鮮紅,舌右邊_鮮紅,0,0,1,1,2,2:2
81,舌右邊,暗紅,舌右邊_暗紅,1,1,0,1,3,3:1
81,舌右邊,青紫,舌右邊_青紫,1,1,1,1,4,4:0
81,舌右邊,灰黑,舌右邊_灰黑,0,0,0,0,0,4:0
81,舌根,淡紅,舌根_淡紅,0,0,0,0,0,4:0
81,舌根,淡白,舌根_淡白,0,0,0,0,0,4:0
81,舌根,鮮紅,舌根_鮮紅,0,0,1,1,2,2:2
81,舌根,暗紅,舌根_暗紅,1,1,0,1,3,3:1
81,舌根,青紫,舌根_青紫,0,0,0,0,0,4:0
81,舌根,灰黑,舌根_灰黑,0,0,0,0,0,4:0
82,舌尖,淡紅,舌尖_淡紅,0,0,0,0,0,4:0
82,舌尖,淡白,舌尖_淡白,0,0,0,0,0,4:0
82,舌尖,鮮紅,舌尖_鮮紅,1,1,1,1,4,4:0
82,舌尖,暗紅,舌尖_暗紅,0,0,0,0,0,4:0
82,舌尖,青紫,舌尖_青紫,0,0,1,1,2,2:2
82,舌尖,灰黑,舌尖_灰黑,0,0,0,0,0,4:0
82,舌中,淡紅,舌中_淡紅,1,0,0,0,1,3:1
82,舌中,淡白,舌中_淡白,0,0,0,0,0,4:0
82,舌中,鮮紅,舌中_鮮紅,0,1,1,1,3,3:1
82,舌中,暗紅,舌中_暗紅,0,0,0,0,0,4:0
82,舌中,青紫,舌中_青紫,0,0,0,1,1,3:1
82,舌中,灰黑,舌中_灰黑,0,0,0,0,0,4:0
82,舌左邊,淡紅,舌左邊_淡紅,0,0,0,0,0,4:0
82,舌左邊,淡白,舌左邊_淡白,0,0,0,0,0,4:0
82,舌左邊,鮮紅,舌左邊_鮮紅,1,1,1,1,4,4:0
82,舌左邊,暗紅,舌左邊_暗紅,0,0,0,0,0,4:0
82,舌左邊,青紫,舌左邊_青紫,0,0,1,1,2,2:2
82,舌左邊,灰黑,舌左邊_灰黑,0,0,0,0,0,4:0
82,舌右邊,淡紅,舌右邊_淡紅,0,0,0,0,0,4:0
82,舌右邊,淡白,舌右邊_淡白,0,0,0,0,0,4:0
82,舌右邊,鮮紅,舌右邊_鮮紅,1,1,1,1,4,4:0
82,舌右邊,暗紅,舌右邊_暗紅,0,0,0,0,0,4:0
82,舌右邊,青紫,舌右邊_青紫,0,0,1,1,2,2:2
82,舌右邊,灰黑,舌右邊_灰黑,0,0,0,0,0,4:0
82,舌根,淡紅,舌根_淡紅,1,0,0,0,1,3:1
82,舌根,淡白,舌根_淡白,0,0,0,0,0,4:0
82,舌根,鮮紅,舌根_鮮紅,0,1,1,1,3,3:1
82,舌根,暗紅,舌根_暗紅,0,0,0,0,0,4:0
82,舌根,青紫,舌根_青紫,0,0,0,0,0,4:0
82,舌根,灰黑,舌根_灰黑,0,0,0,0,0,4:0
83,舌尖,淡紅,舌尖_淡紅,0,0,0,0,0,4:0
83,舌尖,淡白,舌尖_淡白,0,0,0,0,0,4:0
83,舌尖,鮮紅,舌尖_鮮紅,0,0,1,1,2,2:2
83,舌尖,暗紅,舌尖_暗紅,1,1,0,1,3,3:1
83,舌尖,青紫,舌尖_青紫,0,1,1,1,3,3:1
83,舌尖,灰黑,舌尖_灰黑,0,0,0,0,0,4:0
83,舌中,淡紅,舌中_淡紅,0,0,0,0,0,4:0
83,舌中,淡白,舌中_淡白,0,0,0,0,0,4:0
83,舌中,鮮紅,舌中_鮮紅,0,0,1,1,2,2:2
83,舌中,暗紅,舌中_暗紅,1,1,0,1,3,3:1
83,舌中,青紫,舌中_青紫,0,0,0,0,0,4:0
83,舌中,灰黑,舌中_灰黑,0,0,0,0,0,4:0
83,舌左邊,淡紅,舌左邊_淡紅,0,0,0,0,0,4:0
83,舌左邊,淡白,舌左邊_淡白,0,0,0,0,0,4:0
83,舌左邊,鮮紅,舌左邊_鮮紅,0,0,1,1,2,2:2
83,舌左邊,暗紅,舌左邊_暗紅,1,1,0,1,3,3:1
83,舌左邊,青紫,舌左邊_青紫,0,0,1,1,2,2:2
83,舌左邊,灰黑,舌左邊_灰黑,0,0,0,0,0,4:0
83,舌右邊,淡紅,舌右邊_淡紅,0,0,0,0,0,4:0
83,舌右邊,淡白,舌右邊_淡白,0,0,0,0,0,4:0
83,舌右邊,鮮紅,舌右邊_鮮紅,0,0,1,1,2,2:2
83,舌右邊,暗紅,舌右邊_暗紅,1,1,0,1,3,3:1
83,舌右邊,青紫,舌右邊_青紫,0,0,1,1,2,2:2
83,舌右邊,灰黑,舌右邊_灰黑,0,0,0,0,0,4:0
83,舌根,淡紅,舌根_淡紅,0,0,0,0,0,4:0
83,舌根,淡白,舌根_淡白,0,0,0,0,0,4:0
83,舌根,鮮紅,舌根_鮮紅,0,0,1,1,2,2:2
83,舌根,暗紅,舌根_暗紅,1,1,0,1,3,3:1
83,舌根,青紫,舌根_青紫,0,0,0,0,0,4:0
83,舌根,灰黑,舌根_灰黑,0,0,0,0,0,4:0
84,舌尖,淡紅,舌尖_淡紅,1,0,1,1,3,3:1
84,舌尖,淡白,舌尖_淡白,0,1,0,0,1,3:1
84,舌尖,鮮紅,舌尖_鮮紅,0,0,0,0,0,4:0
84,舌尖,暗紅,舌尖_暗紅,0,0,0,0,0,4:0
84,舌尖,青紫,舌尖_青紫,1,0,1,1,3,3:1
84,舌尖,灰黑,舌尖_灰黑,0,0,0,0,0,4:0
84,舌中,淡紅,舌中_淡紅,1,0,1,1,3,3:1
84,舌中,淡白,舌中_淡白,0,1,0,0,1,3:1
84,舌中,鮮紅,舌中_鮮紅,0,0,0,0,0,4:0
84,舌中,暗紅,舌中_暗紅,0,0,0,1,1,3:1
84,舌中,青紫,舌中_青紫,1,0,1,1,3,3:1
84,舌中,灰黑,舌中_灰黑,0,0,0,0,0,4:0
84,舌左邊,淡紅,舌左邊_淡紅,1,0,1,1,3,3:1
84,舌左邊,淡白,舌左邊_淡白,0,1,0,0,1,3:1
84,舌左邊,鮮紅,舌左邊_鮮紅,0,0,0,0,0,4:0
84,舌左邊,暗紅,舌左邊_暗紅,0,0,0,0,0,4:0
84,舌左邊,青紫,舌左邊_青紫,1,0,1,1,3,3:1
84,舌左邊,灰黑,舌左邊_灰黑,0,0,0,0,0,4:0
84,舌右邊,淡紅,舌右邊_淡紅,1,0,1,1,3,3:1
84,舌右邊,淡白,舌右邊_淡白,0,1,0,1,2,2:2
84,舌右邊,鮮紅,舌右邊_鮮紅,0,0,0,0,0,4:0
84,舌右邊,暗紅,舌右邊_暗紅,0,0,0,0,0,4:0
84,舌右邊,青紫,舌右邊_青紫,0,0,0,1,1,3:1
84,舌右邊,灰黑,舌右邊_灰黑,0,0,0,0,0,4:0
84,舌根,淡紅,舌根_淡紅,1,0,1,1,3,3:1
84,舌根,淡白,舌根_淡白,0,1,0,0,1,3:1
84,舌根,鮮紅,舌根_鮮紅,0,0,0,0,0,4:0
84,舌根,暗紅,舌根_暗紅,0,0,0,1,1,3:1
84,舌根,青紫,舌根_青紫,0,0,0,1,1,3:1
84,舌根,灰黑,舌根_灰黑,0,0,0,0,0,4:0
85,舌尖,淡紅,舌尖_淡紅,0,0,0,0,0,4:0
85,舌尖,淡白,舌尖_淡白,0,0,0,0,0,4:0
85,舌尖,鮮紅,舌尖_鮮紅,1,0,1,1,3,3:1
85,舌尖,暗紅,舌尖_暗紅,0,1,0,0,1,3:1
85,舌尖,青紫,舌尖_青紫,0,0,0,0,0,4:0
85,舌尖,灰黑,舌尖_灰黑,0,0,0,0,0,4:0
85,舌中,淡紅,舌中_淡紅,0,0,0,0,0,4:0
85,舌中,淡白,舌中_淡白,0,0,0,0,0,4:0
85,舌中,鮮紅,舌中_鮮紅,1,0,1,1,3,3:1
85,舌中,暗紅,舌中_暗紅,0,1,0,0,1,3:1
85,舌中,青紫,舌中_青紫,0,0,0,1,1,3:1
85,舌中,灰黑,舌中_灰黑,0,0,0,0,0,4:0
85,舌左邊,淡紅,舌左邊_淡紅,0,0,0,0,0,4:0
85,舌左邊,淡白,舌左邊_淡白,0,0,0,0,0,4:0
85,舌左邊,鮮紅,舌左邊_鮮紅,1,0,1,1,3,3:1
85,舌左邊,暗紅,舌左邊_暗紅,0,0,0,0,0,4:0
85,舌左邊,青紫,舌左邊_青紫,0,1,1,0,2,2:2
85,舌左邊,灰黑,舌左邊_灰黑,0,0,0,0,0,4:0
85,舌右邊,淡紅,舌右邊_淡紅,0,0,0,0,0,4:0
85,舌右邊,淡白,舌右邊_淡白,0,0,0,0,0,4:0
85,舌右邊,鮮紅,舌右邊_鮮紅,1,0,1,1,3,3:1
85,舌右邊,暗紅,舌右邊_暗紅,0,0,0,0,0,4:0
85,舌右邊,青紫,舌右邊_青紫,0,1,1,1,3,3:1
85,舌右邊,灰黑,舌右邊_灰黑,0,0,0,0,0,4:0
85,舌根,淡紅,舌根_淡紅,0,0,0,0,0,4:0
85,舌根,淡白,舌根_淡白,0,0,0,0,0,4:0
85,舌根,鮮紅,舌根_鮮紅,1,0,1,1,3,3:1
85,舌根,暗紅,舌根_暗紅,0,1,0,0,1,3:1
85,舌根,青紫,舌根_青紫,0,0,0,0,0,4:0
85,舌根,灰黑,舌根_灰黑,0,0,0,0,0,4:0
86,舌尖,淡紅,舌尖_淡紅,1,0,1,1,3,3:1
86,舌尖,淡白,舌尖_淡白,0,0,0,0,0,4:0
86,舌尖,鮮紅,舌尖_鮮紅,0,0,1,1,2,2:2
86,舌尖,暗紅,舌尖_暗紅,0,1,0,0,1,3:1
86,舌尖,青紫,舌尖_青紫,0,0,1,0,1,3:1
86,舌尖,灰黑,舌尖_灰黑,0,0,0,0,0,4:0
86,舌中,淡紅,舌中_淡紅,0,0,1,1,2,2:2
86,舌中,淡白,舌中_淡白,1,0,0,0,1,3:1
86,舌中,鮮紅,舌中_鮮紅,0,0,0,0,0,4:0
86,舌中,暗紅,舌中_暗紅,0,1,0,0,1,3:1
86,舌中,青紫,舌中_青紫,0,0,1,1,2,2:2
86,舌中,灰黑,舌中_灰黑,0,0,0,0,0,4:0
86,舌左邊,淡紅,舌左邊_淡紅,1,0,1,1,3,3:1
86,舌左邊,淡白,舌左邊_淡白,0,0,1,0,1,3:1
86,舌左邊,鮮紅,舌左邊_鮮紅,0,0,0,0,0,4:0
86,舌左邊,暗紅,舌左邊_暗紅,0,0,0,0,0,4:0
86,舌左邊,青紫,舌左邊_青紫,0,1,0,0,1,3:1
86,舌左邊,灰黑,舌左邊_灰黑,0,0,0,0,0,4:0
86,舌右邊,淡紅,舌右邊_淡紅,1,0,1,1,3,3:1
86,舌右邊,淡白,舌右邊_淡白,0,0,1,0,1,3:1
86,舌右邊,鮮紅,舌右邊_鮮紅,0,0,0,0,0,4:0
86,舌右邊,暗紅,舌右邊_暗紅,0,0,0,0,0,4:0
86,舌右邊,青紫,舌右邊_青紫,0,1,0,0,1,3:1
86,舌右邊,灰黑,舌右邊_灰黑,0,0,0,0,0,4:0
86,舌根,淡紅,舌根_淡紅,0,0,1,1,2,2:2
86,舌根,淡白,舌根_淡白,0,0,0,0,0,4:0
86,舌根,鮮紅,舌根_鮮紅,0,0,0,0,0,4:0
86,舌根,暗紅,舌根_暗紅,1,1,0,0,2,2:2
86,舌根,青紫,舌根_青紫,0,0,0,0,0,4:0
86,舌根,灰黑,舌根_灰黑,0,0,0,0,0,4:0
87,舌尖,淡紅,舌尖_淡紅,0,0,0,0,0,4:0
87,舌尖,淡白,舌尖_淡白,0,0,0,0,0,4:0
87,舌尖,鮮紅,舌尖_鮮紅,1,1,1,1,4,4:0
87,舌尖,暗紅,舌尖_暗紅,0,0,0,0,0,4:0
87,舌尖,青紫,舌尖_青紫,0,0,1,1,2,2:2
87,舌尖,灰黑,舌尖_灰黑,0,0,0,0,0,4:0
87,舌中,淡紅,舌中_淡紅,0,0,0,0,0,4:0
87,舌中,淡白,舌中_淡白,0,0,0,0,0,4:0
87,舌中,鮮紅,舌中_鮮紅,0,1,1,1,3,3:1
87,舌中,暗紅,舌中_暗紅,1,0,0,0,1,3:1
87,舌中,青紫,舌中_青紫,0,0,0,0,0,4:0
87,舌中,灰黑,舌中_灰黑,0,0,0,0,0,4:0
87,舌左邊,淡紅,舌左邊_淡紅,0,0,0,0,0,4:0
87,舌左邊,淡白,舌左邊_淡白,0,0,0,0,0,4:0
87,舌左邊,鮮紅,舌左邊_鮮紅,1,1,1,1,4,4:0
87,舌左邊,暗紅,舌左邊_暗紅,0,0,0,0,0,4:0
87,舌左邊,青紫,舌左邊_青紫,0,0,1,1,2,2:2
87,舌左邊,灰黑,舌左邊_灰黑,0,0,0,0,0,4:0
87,舌右邊,淡紅,舌右邊_淡紅,0,0,0,0,0,4:0
87,舌右邊,淡白,舌右邊_淡白,0,0,0,0,0,4:0
87,舌右邊,鮮紅,舌右邊_鮮紅,1,1,1,1,4,4:0
87,舌右邊,暗紅,舌右邊_暗紅,0,0,0,0,0,4:0
87,舌右邊,青紫,舌右邊_青紫,0,0,1,1,2,2:2
87,舌右邊,灰黑,舌右邊_灰黑,0,0,0,0,0,4:0
87,舌根,淡紅,舌根_淡紅,0,0,0,0,0,4:0
87,舌根,淡白,舌根_淡白,0,0,0,0,0,4:0
87,舌根,鮮紅,舌根_鮮紅,0,1,1,1,3,3:1
87,舌根,暗紅,舌根_暗紅,1,0,0,0,1,3:1
87,舌根,青紫,舌根_青紫,0,0,0,0,0,4:0
87,舌根,灰黑,舌根_灰黑,0,0,0,0,0,4:0
88,舌尖,淡紅,舌尖_淡紅,0,1,0,1,2,2:2
88,舌尖,淡白,舌尖_淡白,1,0,0,0,1,3:1
88,舌尖,鮮紅,舌尖_鮮紅,0,0,1,0,1,3:1
88,舌尖,暗紅,舌尖_暗紅,0,0,1,1,2,2:2
88,舌尖,青紫,舌尖_青紫,0,0,0,0,0,4:0
88,舌尖,灰黑,舌尖_灰黑,0,0,0,0,0,4:0
88,舌中,淡紅,舌中_淡紅,0,1,0,1,2,2:2
88,舌中,淡白,舌中_淡白,1,0,0,0,1,3:1
88,舌中,鮮紅,舌中_鮮紅,0,0,1,0,1,3:1
88,舌中,暗紅,舌中_暗紅,0,0,1,1,2,2:2
88,舌中,青紫,舌中_青紫,0,0,0,0,0,4:0
88,舌中,灰黑,舌中_灰黑,0,0,0,0,0,4:0
88,舌左邊,淡紅,舌左邊_淡紅,0,1,0,1,2,2:2
88,舌左邊,淡白,舌左邊_淡白,1,0,0,0,1,3:1
88,舌左邊,鮮紅,舌左邊_鮮紅,0,0,1,0,1,3:1
88,舌左邊,暗紅,舌左邊_暗紅,0,0,1,1,2,2:2
88,舌左邊,青紫,舌左邊_青紫,0,0,0,0,0,4:0
88,舌左邊,灰黑,舌左邊_灰黑,0,0,0,0,0,4:0
88,舌右邊,淡紅,舌右邊_淡紅,0,1,0,1,2,2:2
88,舌右邊,淡白,舌右邊_淡白,1,0,0,0,1,3:1
88,舌右邊,鮮紅,舌右邊_鮮紅,0,0,1,0,1,3:1
88,舌右邊,暗紅,舌右邊_暗紅,0,0,1,1,2,2:2
88,舌右邊,青紫,舌右邊_青紫,0,0,0,0,0,4:0
88,舌右邊,灰黑,舌右邊_灰黑,0,0,0,0,0,4:0
88,舌根,淡紅,舌根_淡紅,0,1,0,1,2,2:2
88,舌根,淡白,舌根_淡白,0,0,0,0,0,4:0
88,舌根,鮮紅,舌根_鮮紅,0,0,1,0,1,3:1
88,舌根,暗紅,舌根_暗紅,0,0,1,1,2,2:2
88,舌根,青紫,舌根_青紫,0,0,0,0,0,4:0
88,舌根,灰黑,舌根_灰黑,1,0,0,0,1,3:1
89,舌尖,淡紅,舌尖_淡紅,0,0,0,0,0,4:0
89,舌尖,淡白,舌尖_淡白,0,0,0,0,0,4:0
89,舌尖,鮮紅,舌尖_鮮紅,1,0,1,1,3,3:1
89,舌尖,暗紅,舌尖_暗紅,0,1,0,0,1,3:1
89,舌尖,青紫,舌尖_青紫,0,0,0,0,0,4:0
89,舌尖,灰黑,舌尖_灰黑,0,0,0,0,0,4:0
89,舌中,淡紅,舌中_淡紅,0,0,0,0,0,4:0
89,舌中,淡白,舌中_淡白,1,0,0,0,1,3:1
89,舌中,鮮紅,舌中_鮮紅,0,0,1,1,2,2:2
89,舌中,暗紅,舌中_暗紅,0,1,0,0,1,3:1
89,舌中,青紫,舌中_青紫,0,0,0,0,0,4:0
89,舌中,灰黑,舌中_灰黑,0,0,0,0,0,4:0
89,舌左邊,淡紅,舌左邊_淡紅,0,0,0,0,0,4:0
89,舌左邊,淡白,舌左邊_淡白,0,0,0,0,0,4:0
89,舌左邊,鮮紅,舌左邊_鮮紅,1,0,1,1,3,3:1
89,舌左邊,暗紅,舌左邊_暗紅,0,1,0,0,1,3:1
89,舌左邊,青紫,舌左邊_青紫,0,0,1,1,2,2:2
89,舌左邊,灰黑,舌左邊_灰黑,0,0,0,0,0,4:0
89,舌右邊,淡紅,舌右邊_淡紅,0,0,0,0,0,4:0
89,舌右邊,淡白,舌右邊_淡白,0,0,0,0,0,4:0
89,舌右邊,鮮紅,舌右邊_鮮紅,1,0,1,1,3,3:1
89,舌右邊,暗紅,舌右邊_暗紅,0,1,0,0,1,3:1
89,舌右邊,青紫,舌右邊_青紫,0,0,1,1,2,2:2
89,舌右邊,灰黑,舌右邊_灰黑,0,0,0,0,0,4:0
89,舌根,淡紅,舌根_淡紅,0,0,0,0,0,4:0
89,舌根,淡白,舌根_淡白,0,0,0,0,0,4:0
89,舌根,鮮紅,舌根_鮮紅,0,0,1,1,2,2:2
89,舌根,暗紅,舌根_暗紅,1,1,0,0,2,2:2
89,舌根,青紫,舌根_青紫,0,0,0,0,0,4:0
89,舌根,灰黑,舌根_灰黑,0,0,0,0,0,4:0
9,舌尖,淡紅,舌尖_淡紅,0,1,1,0,2,2:2
9,舌尖,淡白,舌尖_淡白,0,0,0,0,0,4:0
9,舌尖,鮮紅,舌尖_鮮紅,1,0,0,1,2,2:2
9,舌尖,暗紅,舌尖_暗紅,0,0,0,0,0,4:0
9,舌尖,青紫,舌尖_青紫,0,0,0,0,0,4:0
9,舌尖,灰黑,舌尖_灰黑,0,0,0,0,0,4:0
9,舌中,淡紅,舌中_淡紅,0,1,1,0,2,2:2
9,舌中,淡白,舌中_淡白,0,0,0,0,0,4:0
9,舌中,鮮紅,舌中_鮮紅,0,0,0,1,1,3:1
9,舌中,暗紅,舌中_暗紅,1,0,0,0,1,3:1
9,舌中,青紫,舌中_青紫,0,0,0,0,0,4:0
9,舌中,灰黑,舌中_灰黑,0,0,0,0,0,4:0
9,舌左邊,淡紅,舌左邊_淡紅,1,1,1,1,4,4:0
9,舌左邊,淡白,舌左邊_淡白,0,0,0,0,0,4:0
9,舌左邊,鮮紅,舌左邊_鮮紅,0,0,0,1,1,3:1
9,舌左邊,暗紅,舌左邊_暗紅,0,0,0,0,0,4:0
9,舌左邊,青紫,舌左邊_青紫,0,0,0,0,0,4:0
9,舌左邊,灰黑,舌左邊_灰黑,0,0,0,0,0,4:0
9,舌右邊,淡紅,舌右邊_淡紅,1,1,1,1,4,4:0
9,舌右邊,淡白,舌右邊_淡白,0,0,0,0,0,4:0
9,舌右邊,鮮紅,舌右邊_鮮紅,0,0,0,1,1,3:1
9,舌右邊,暗紅,舌右邊_暗紅,0,0,0,0,0,4:0
9,舌右邊,青紫,舌右邊_青紫,0,0,0,0,0,4:0
9,舌右邊,灰黑,舌右邊_灰黑,0,0,0,0,0,4:0
9,舌根,淡紅,舌根_淡紅,0,1,1,0,2,2:2
9,舌根,淡白,舌根_淡白,0,0,0,0,0,4:0
9,舌根,鮮紅,舌根_鮮紅,0,0,0,1,1,3:1
9,舌根,暗紅,舌根_暗紅,1,0,0,0,1,3:1
9,舌根,青紫,舌根_青紫,0,0,0,0,0,4:0
9,舌根,灰黑,舌根_灰黑,0,0,0,0,0,4:0
90,舌尖,淡紅,舌尖_淡紅,0,1,0,0,1,3:1
90,舌尖,淡白,舌尖_淡白,0,0,0,0,0,4:0
90,舌尖,鮮紅,舌尖_鮮紅,1,0,1,1,3,3:1
90,舌尖,暗紅,舌尖_暗紅,0,0,0,0,0,4:0
90,舌尖,青紫,舌尖_青紫,0,0,1,1,2,2:2
90,舌尖,灰黑,舌尖_灰黑,0,0,0,0,0,4:0
90,舌中,淡紅,舌中_淡紅,0,1,0,0,1,3:1
90,舌中,淡白,舌中_淡白,0,0,0,0,0,4:0
90,舌中,鮮紅,舌中_鮮紅,0,0,1,1,2,2:2
90,舌中,暗紅,舌中_暗紅,1,0,0,0,1,3:1
90,舌中,青紫,舌中_青紫,0,0,1,1,2,2:2
90,舌中,灰黑,舌中_灰黑,0,0,0,0,0,4:0
90,舌左邊,淡紅,舌左邊_淡紅,0,1,0,0,1,3:1
90,舌左邊,淡白,舌左邊_淡白,0,0,0,0,0,4:0
90,舌左邊,鮮紅,舌左邊_鮮紅,0,0,1,1,2,2:2
90,舌左邊,暗紅,舌左邊_暗紅,1,0,0,0,1,3:1
90,舌左邊,青紫,舌左邊_青紫,0,0,0,0,0,4:0
90,舌左邊,灰黑,舌左邊_灰黑,0,0,0,0,0,4:0
90,舌右邊,淡紅,舌右邊_淡紅,0,1,0,0,1,3:1
90,舌右邊,淡白,舌右邊_淡白,0,0,0,0,0,4:0
90,舌右邊,鮮紅,舌右邊_鮮紅,0,0,1,1,2,2:2
90,舌右邊,暗紅,舌右邊_暗紅,1,0,0,0,1,3:1
90,舌右邊,青紫,舌右邊_青紫,0,0,0,0,0,4:0
90,舌右邊,灰黑,舌右邊_灰黑,0,0,0,0,0,4:0
90,舌根,淡紅,舌根_淡紅,0,1,0,0,1,3:1
90,舌根,淡白,舌根_淡白,0,0,0,0,0,4:0
90,舌根,鮮紅,舌根_鮮紅,0,0,1,1,2,2:2
90,舌根,暗紅,舌根_暗紅,0,0,0,0,0,4:0
90,舌根,青紫,舌根_青紫,1,0,0,0,1,3:1
90,舌根,灰黑,舌根_灰黑,0,0,0,0,0,4:0
91,舌尖,淡紅,舌尖_淡紅,0,0,0,1,1,3:1
91,舌尖,淡白,舌尖_淡白,1,0,1,1,3,3:1
91,舌尖,鮮紅,舌尖_鮮紅,0,0,0,0,0,4:0
91,舌尖,暗紅,舌尖_暗紅,0,0,0,0,0,4:0
91,舌尖,青紫,舌尖_青紫,0,1,0,1,2,2:2
91,舌尖,灰黑,舌尖_灰黑,0,0,0,0,0,4:0
91,舌中,淡紅,舌中_淡紅,0,0,0,1,1,3:1
91,舌中,淡白,舌中_淡白,0,0,1,1,2,2:2
91,舌中,鮮紅,舌中_鮮紅,0,0,0,0,0,4:0
91,舌中,暗紅,舌中_暗紅,0,0,0,0,0,4:0
91,舌中,青紫,舌中_青紫,0,1,0,0,1,3:1
91,舌中,灰黑,舌中_灰黑,1,0,0,0,1,3:1
91,舌左邊,淡紅,舌左邊_淡紅,0,0,0,1,1,3:1
91,舌左邊,淡白,舌左邊_淡白,1,0,1,1,3,3:1
91,舌左邊,鮮紅,舌左邊_鮮紅,0,0,0,0,0,4:0
91,舌左邊,暗紅,舌左邊_暗紅,0,0,0,0,0,4:0
91,舌左邊,青紫,舌左邊_青紫,0,1,1,1,3,3:1
91,舌左邊,灰黑,舌左邊_灰黑,0,0,0,0,0,4:0
91,舌右邊,淡紅,舌右邊_淡紅,0,0,0,1,1,3:1
91,舌右邊,淡白,舌右邊_淡白,1,0,1,1,3,3:1
91,舌右邊,鮮紅,舌右邊_鮮紅,0,0,0,0,0,4:0
91,舌右邊,暗紅,舌右邊_暗紅,0,0,0,0,0,4:0
91,舌右邊,青紫,舌右邊_青紫,0,1,1,1,3,3:1
91,舌右邊,灰黑,舌右邊_灰黑,0,0,0,0,0,4:0
91,舌根,淡紅,舌根_淡紅,0,0,0,1,1,3:1
91,舌根,淡白,舌根_淡白,0,0,1,1,2,2:2
91,舌根,鮮紅,舌根_鮮紅,0,0,0,0,0,4:0
91,舌根,暗紅,舌根_暗紅,0,0,0,0,0,4:0
91,舌根,青紫,舌根_青紫,0,1,0,0,1,3:1
91,舌根,灰黑,舌根_灰黑,1,0,0,0,1,3:1
92,舌尖,淡紅,舌尖_淡紅,0,1,0,1,2,2:2
92,舌尖,淡白,舌尖_淡白,0,0,0,0,0,4:0
92,舌尖,鮮紅,舌尖_鮮紅,1,0,1,0,2,2:2
92,舌尖,暗紅,舌尖_暗紅,0,0,0,1,1,3:1
92,舌尖,青紫,舌尖_青紫,1,0,1,1,3,3:1
92,舌尖,灰黑,舌尖_灰黑,0,0,0,0,0,4:0
92,舌中,淡紅,舌中_淡紅,0,0,0,1,1,3:1
92,舌中,淡白,舌中_淡白,0,0,0,0,0,4:0
92,舌中,鮮紅,舌中_鮮紅,1,0,1,0,2,2:2
92,舌中,暗紅,舌中_暗紅,0,0,1,1,2,2:2
92,舌中,青紫,舌中_青紫,1,1,1,1,4,4:0
92,舌中,灰黑,舌中_灰黑,0,0,0,0,0,4:0
92,舌左邊,淡紅,舌左邊_淡紅,0,0,0,1,1,3:1
92,舌左邊,淡白,舌左邊_淡白,0,0,0,0,0,4:0
92,舌左邊,鮮紅,舌左邊_鮮紅,1,0,1,0,2,2:2
92,舌左邊,暗紅,舌左邊_暗紅,0,0,0,1,1,3:1
92,舌左邊,青紫,舌左邊_青紫,0,1,0,1,2,2:2
92,舌左邊,灰黑,舌左邊_灰黑,0,0,0,0,0,4:0
92,舌右邊,淡紅,舌右邊_淡紅,0,0,1,1,2,2:2
92,舌右邊,淡白,舌右邊_淡白,0,0,0,0,0,4:0
92,舌右邊,鮮紅,舌右邊_鮮紅,1,0,1,0,2,2:2
92,舌右邊,暗紅,舌右邊_暗紅,0,0,0,1,1,3:1
92,舌右邊,青紫,舌右邊_青紫,0,1,0,1,2,2:2
92,舌右邊,灰黑,舌右邊_灰黑,0,0,0,0,0,4:0
92,舌根,淡紅,舌根_淡紅,0,0,0,1,1,3:1
92,舌根,淡白,舌根_淡白,0,0,0,0,0,4:0
92,舌根,鮮紅,舌根_鮮紅,1,0,1,0,2,2:2
92,舌根,暗紅,舌根_暗紅,0,0,0,1,1,3:1
92,舌根,青紫,舌根_青紫,0,1,0,0,1,3:1
92,舌根,灰黑,舌根_灰黑,0,0,0,0,0,4:0
93,舌尖,淡紅,舌尖_淡紅,1,0,0,0,1,3:1
93,舌尖,淡白,舌尖_淡白,0,0,0,0,0,4:0
93,舌尖,鮮紅,舌尖_鮮紅,0,1,1,1,3,3:1
93,舌尖,暗紅,舌尖_暗紅,0,0,0,0,0,4:0
93,舌尖,青紫,舌尖_青紫,0,0,0,1,1,3:1
93,舌尖,灰黑,舌尖_灰黑,0,0,0,0,0,4:0
93,舌中,淡紅,舌中_淡紅,0,0,0,0,0,4:0
93,舌中,淡白,舌中_淡白,0,0,0,0,0,4:0
93,舌中,鮮紅,舌中_鮮紅,0,1,1,1,3,3:1
93,舌中,暗紅,舌中_暗紅,1,0,0,0,1,3:1
93,舌中,青紫,舌中_青紫,0,0,0,0,0,4:0
93,舌中,灰黑,舌中_灰黑,0,0,0,0,0,4:0
93,舌左邊,淡紅,舌左邊_淡紅,0,0,0,0,0,4:0
93,舌左邊,淡白,舌左邊_淡白,0,0,0,0,0,4:0
93,舌左邊,鮮紅,舌左邊_鮮紅,1,1,1,1,4,4:0
93,舌左邊,暗紅,舌左邊_暗紅,0,0,0,0,0,4:0
93,舌左邊,青紫,舌左邊_青紫,0,0,0,1,1,3:1
93,舌左邊,灰黑,舌左邊_灰黑,0,0,0,0,0,4:0
93,舌右邊,淡紅,舌右邊_淡紅,0,0,0,0,0,4:0
93,舌右邊,淡白,舌右邊_淡白,0,0,0,0,0,4:0
93,舌右邊,鮮紅,舌右邊_鮮紅,1,1,1,1,4,4:0
93,舌右邊,暗紅,舌右邊_暗紅,0,0,0,0,0,4:0
93,舌右邊,青紫,舌右邊_青紫,0,0,0,1,1,3:1
93,舌右邊,灰黑,舌右邊_灰黑,0,0,0,0,0,4:0
93,舌根,淡紅,舌根_淡紅,0,0,0,0,0,4:0
93,舌根,淡白,舌根_淡白,0,0,0,0,0,4:0
93,舌根,鮮紅,舌根_鮮紅,0,1,1,1,3,3:1
93,舌根,暗紅,舌根_暗紅,1,0,0,0,1,3:1
93,舌根,青紫,舌根_青紫,0,0,0,0,0,4:0
93,舌根,灰黑,舌根_灰黑,0,0,0,0,0,4:0
94,舌尖,淡紅,舌尖_淡紅,1,0,0,0,1,3:1
94,舌尖,淡白,舌尖_淡白,0,0,0,0,0,4:0
94,舌尖,鮮紅,舌尖_鮮紅,0,0,1,0,1,3:1
94,舌尖,暗紅,舌尖_暗紅,0,0,0,1,1,3:1
94,舌尖,青紫,舌尖_青紫,0,1,1,1,3,3:1
94,舌尖,灰黑,舌尖_灰黑,0,0,0,0,0,4:0
94,舌中,淡紅,舌中_淡紅,0,0,0,0,0,4:0
94,舌中,淡白,舌中_淡白,0,0,0,0,0,4:0
94,舌中,鮮紅,舌中_鮮紅,0,0,1,0,1,3:1
94,舌中,暗紅,舌中_暗紅,1,0,0,1,2,2:2
94,舌中,青紫,舌中_青紫,0,1,1,1,3,3:1
94,舌中,灰黑,舌中_灰黑,0,0,0,0,0,4:0
94,舌左邊,淡紅,舌左邊_淡紅,0,0,0,0,0,4:0
94,舌左邊,淡白,舌左邊_淡白,0,0,0,0,0,4:0
94,舌左邊,鮮紅,舌左邊_鮮紅,0,0,1,0,1,3:1
94,舌左邊,暗紅,舌左邊_暗紅,0,0,0,1,1,3:1
94,舌左邊,青紫,舌左邊_青紫,1,1,1,1,4,4:0
94,舌左邊,灰黑,舌左邊_灰黑,0,0,0,0,0,4:0
94,舌右邊,淡紅,舌右邊_淡紅,0,0,0,0,0,4:0
94,舌右邊,淡白,舌右邊_淡白,0,0,0,0,0,4:0
94,舌右邊,鮮紅,舌右邊_鮮紅,0,0,1,0,1,3:1
94,舌右邊,暗紅,舌右邊_暗紅,0,0,0,1,1,3:1
94,舌右邊,青紫,舌右邊_青紫,1,1,1,1,4,4:0
94,舌右邊,灰黑,舌右邊_灰黑,0,0,0,0,0,4:0
94,舌根,淡紅,舌根_淡紅,0,0,0,0,0,4:0
94,舌根,淡白,舌根_淡白,0,0,0,0,0,4:0
94,舌根,鮮紅,舌根_鮮紅,0,0,1,0,1,3:1
94,舌根,暗紅,舌根_暗紅,0,0,0,1,1,3:1
94,舌根,青紫,舌根_青紫,1,1,0,1,3,3:1
94,舌根,灰黑,舌根_灰黑,0,0,0,0,0,4:0
95,舌尖,淡紅,舌尖_淡紅,0,1,0,0,1,3:1
95,舌尖,淡白,舌尖_淡白,0,0,0,0,0,4:0
95,舌尖,鮮紅,舌尖_鮮紅,1,0,1,1,3,3:1
95,舌尖,暗紅,舌尖_暗紅,0,0,0,0,0,4:0
95,舌尖,青紫,舌尖_青紫,0,0,0,0,0,4:0
95,舌尖,灰黑,舌尖_灰黑,0,0,0,0,0,4:0
95,舌中,淡紅,舌中_淡紅,0,1,0,0,1,3:1
95,舌中,淡白,舌中_淡白,0,0,0,0,0,4:0
95,舌中,鮮紅,舌中_鮮紅,1,0,1,1,3,3:1
95,舌中,暗紅,舌中_暗紅,0,0,0,0,0,4:0
95,舌中,青紫,舌中_青紫,0,0,0,1,1,3:1
95,舌中,灰黑,舌中_灰黑,0,0,0,0,0,4:0
95,舌左邊,淡紅,舌左邊_淡紅,0,1,0,0,1,3:1
95,舌左邊,淡白,舌左邊_淡白,0,0,0,0,0,4:0
95,舌左邊,鮮紅,舌左邊_鮮紅,1,0,1,1,3,3:1
95,舌左邊,暗紅,舌左邊_暗紅,0,0,0,0,0,4:0
95,舌左邊,青紫,舌左邊_青紫,0,0,0,1,1,3:1
95,舌左邊,灰黑,舌左邊_灰黑,0,0,0,0,0,4:0
95,舌右邊,淡紅,舌右邊_淡紅,0,1,0,0,1,3:1
95,舌右邊,淡白,舌右邊_淡白,0,0,0,0,0,4:0
95,舌右邊,鮮紅,舌右邊_鮮紅,1,0,1,1,3,3:1
95,舌右邊,暗紅,舌右邊_暗紅,0,0,0,0,0,4:0
95,舌右邊,青紫,舌右邊_青紫,0,0,0,1,1,3:1
95,舌右邊,灰黑,舌右邊_灰黑,0,0,0,0,0,4:0
95,舌根,淡紅,舌根_淡紅,0,1,0,0,1,3:1
95,舌根,淡白,舌根_淡白,0,0,0,0,0,4:0
95,舌根,鮮紅,舌根_鮮紅,1,0,1,1,3,3:1
95,舌根,暗紅,舌根_暗紅,0,0,0,0,0,4:0
95,舌根,青紫,舌根_青紫,0,0,0,0,0,4:0
95,舌根,灰黑,舌根_灰黑,0,0,0,0,0,4:0
96,舌尖,淡紅,舌尖_淡紅,0,0,0,0,0,4:0
96,舌尖,淡白,舌尖_淡白,0,0,0,0,0,4:0
96,舌尖,鮮紅,舌尖_鮮紅,1,0,1,1,3,3:1
96,舌尖,暗紅,舌尖_暗紅,0,1,0,0,1,3:1
96,舌尖,青紫,舌尖_青紫,0,0,0,1,1,3:1
96,舌尖,灰黑,舌尖_灰黑,0,0,0,0,0,4:0
96,舌中,淡紅,舌中_淡紅,0,0,0,0,0,4:0
96,舌中,淡白,舌中_淡白,0,0,0,0,0,4:0
96,舌中,鮮紅,舌中_鮮紅,1,0,1,1,3,3:1
96,舌中,暗紅,舌中_暗紅,0,1,0,0,1,3:1
96,舌中,青紫,舌中_青紫,0,0,0,0,0,4:0
96,舌中,灰黑,舌中_灰黑,0,0,0,0,0,4:0
96,舌左邊,淡紅,舌左邊_淡紅,0,0,0,0,0,4:0
96,舌左邊,淡白,舌左邊_淡白,0,0,0,0,0,4:0
96,舌左邊,鮮紅,舌左邊_鮮紅,1,0,1,1,3,3:1
96,舌左邊,暗紅,舌左邊_暗紅,0,1,0,0,1,3:1
96,舌左邊,青紫,舌左邊_青紫,0,0,0,1,1,3:1
96,舌左邊,灰黑,舌左邊_灰黑,0,0,0,0,0,4:0
96,舌右邊,淡紅,舌右邊_淡紅,0,0,0,0,0,4:0
96,舌右邊,淡白,舌右邊_淡白,0,0,0,0,0,4:0
96,舌右邊,鮮紅,舌右邊_鮮紅,1,0,1,1,3,3:1
96,舌右邊,暗紅,舌右邊_暗紅,0,1,0,0,1,3:1
96,舌右邊,青紫,舌右邊_青紫,0,0,0,1,1,3:1
96,舌右邊,灰黑,舌右邊_灰黑,0,0,0,0,0,4:0
96,舌根,淡紅,舌根_淡紅,0,0,0,0,0,4:0
96,舌根,淡白,舌根_淡白,0,0,0,0,0,4:0
96,舌根,鮮紅,舌根_鮮紅,0,0,1,1,2,2:2
96,舌根,暗紅,舌根_暗紅,1,1,0,0,2,2:2
96,舌根,青紫,舌根_青紫,0,0,0,0,0,4:0
96,舌根,灰黑,舌根_灰黑,0,0,0,0,0,4:0
97,舌尖,淡紅,舌尖_淡紅,1,1,0,0,2,2:2
97,舌尖,淡白,舌尖_淡白,0,0,0,0,0,4:0
97,舌尖,鮮紅,舌尖_鮮紅,0,0,1,0,1,3:1
97,舌尖,暗紅,舌尖_暗紅,0,0,0,1,1,3:1
97,舌尖,青紫,舌尖_青紫,0,0,0,0,0,4:0
97,舌尖,灰黑,舌尖_灰黑,0,0,0,0,0,4:0
97,舌中,淡紅,舌中_淡紅,0,1,0,0,1,3:1
97,舌中,淡白,舌中_淡白,0,0,0,0,0,4:0
97,舌中,鮮紅,舌中_鮮紅,0,0,1,0,1,3:1
97,舌中,暗紅,舌中_暗紅,1,0,0,1,2,2:2
97,舌中,青紫,舌中_青紫,0,0,1,0,1,3:1
97,舌中,灰黑,舌中_灰黑,0,0,0,0,0,4:0
97,舌左邊,淡紅,舌左邊_淡紅,0,0,0,0,0,4:0
97,舌左邊,淡白,舌左邊_淡白,0,0,0,1,1,3:1
97,舌左邊,鮮紅,舌左邊_鮮紅,0,0,1,0,1,3:1
97,舌左邊,暗紅,舌左邊_暗紅,1,0,0,1,2,2:2
97,舌左邊,青紫,舌左邊_青紫,0,1,0,0,1,3:1
97,舌左邊,灰黑,舌左邊_灰黑,0,0,0,0,0,4:0
97,舌右邊,淡紅,舌右邊_淡紅,0,0,0,0,0,4:0
97,舌右邊,淡白,舌右邊_淡白,0,0,0,1,1,3:1
97,舌右邊,鮮紅,舌右邊_鮮紅,0,0,1,0,1,3:1
97,舌右邊,暗紅,舌右邊_暗紅,1,0,0,1,2,2:2
97,舌右邊,青紫,舌右邊_青紫,0,1,1,0,2,2:2
97,舌右邊,灰黑,舌右邊_灰黑,0,0,0,0,0,4:0
97,舌根,淡紅,舌根_淡紅,0,1,0,0,1,3:1
97,舌根,淡白,舌根_淡白,0,0,0,0,0,4:0
97,舌根,鮮紅,舌根_鮮紅,0,0,1,0,1,3:1
97,舌根,暗紅,舌根_暗紅,1,0,0,1,2,2:2
97,舌根,青紫,舌根_青紫,0,0,0,0,0,4:0
97,舌根,灰黑,舌根_灰黑,0,0,0,0,0,4:0
98,舌尖,淡紅,舌尖_淡紅,1,1,0,0,2,2:2
98,舌尖,淡白,舌尖_淡白,0,0,0,0,0,4:0
98,舌尖,鮮紅,舌尖_鮮紅,0,0,1,0,1,3:1
98,舌尖,暗紅,舌尖_暗紅,0,0,1,1,2,2:2
98,舌尖,青紫,舌尖_青紫,0,0,0,1,1,3:1
98,舌尖,灰黑,舌尖_灰黑,0,0,0,0,0,4:0
98,舌中,淡紅,舌中_淡紅,0,1,0,0,1,3:1
98,舌中,淡白,舌中_淡白,0,0,0,0,0,4:0
98,舌中,鮮紅,舌中_鮮紅,0,0,1,0,1,3:1
98,舌中,暗紅,舌中_暗紅,0,0,1,1,2,2:2
98,舌中,青紫,舌中_青紫,1,0,0,0,1,3:1
98,舌中,灰黑,舌中_灰黑,0,0,0,0,0,4:0
98,舌左邊,淡紅,舌左邊_淡紅,0,1,0,0,1,3:1
98,舌左邊,淡白,舌左邊_淡白,0,0,0,0,0,4:0
98,舌左邊,鮮紅,舌左邊_鮮紅,0,0,1,0,1,3:1
98,舌左邊,暗紅,舌左邊_暗紅,1,0,1,1,3,3:1
98,舌左邊,青紫,舌左邊_青紫,0,0,1,1,2,2:2
98,舌左邊,灰黑,舌左邊_灰黑,0,0,0,0,0,4:0
98,舌右邊,淡紅,舌右邊_淡紅,0,1,0,0,1,3:1
98,舌右邊,淡白,舌右邊_淡白,0,0,0,0,0,4:0
98,舌右邊,鮮紅,舌右邊_鮮紅,0,0,1,0,1,3:1
98,舌右邊,暗紅,舌右邊_暗紅,1,0,1,1,3,3:1
98,舌右邊,青紫,舌右邊_青紫,0,0,1,1,2,2:2
98,舌右邊,灰黑,舌右邊_灰黑,0,0,0,0,0,4:0
98,舌根,淡紅,舌根_淡紅,0,1,0,0,1,3:1
98,舌根,淡白,舌根_淡白,0,0,0,0,0,4:0
98,舌根,鮮紅,舌根_鮮紅,0,0,1,0,1,3:1
98,舌根,暗紅,舌根_暗紅,0,0,1,1,2,2:2
98,舌根,青紫,舌根_青紫,0,0,0,0,0,4:0
98,舌根,灰黑,舌根_灰黑,1,0,0,0,1,3:1
99,舌尖,淡紅,舌尖_淡紅,0,1,0,1,2,2:2
99,舌尖,淡白,舌尖_淡白,0,0,0,0,0,4:0
99,舌尖,鮮紅,舌尖_鮮紅,1,0,1,0,2,2:2
99,舌尖,暗紅,舌尖_暗紅,0,0,0,0,0,4:0
99,舌尖,青紫,舌尖_青紫,0,0,0,0,0,4:0
99,舌尖,灰黑,舌尖_灰黑,0,0,0,0,0,4:0
99,舌中,淡紅,舌中_淡紅,0,1,0,1,2,2:2
99,舌中,淡白,舌中_淡白,0,0,0,0,0,4:0
99,舌中,鮮紅,舌中_鮮紅,1,0,1,0,2,2:2
99,舌中,暗紅,舌中_暗紅,0,0,0,0,0,4:0
99,舌中,青紫,舌中_青紫,0,0,0,0,0,4:0
99,舌中,灰黑,舌中_灰黑,0,0,0,0,0,4:0
99,舌左邊,淡紅,舌左邊_淡紅,0,1,0,1,2,2:2
99,舌左邊,淡白,舌左邊_淡白,0,0,0,0,0,4:0
99,舌左邊,鮮紅,舌左邊_鮮紅,1,0,1,0,2,2:2
99,舌左邊,暗紅,舌左邊_暗紅,0,0,0,0,0,4:0
99,舌左邊,青紫,舌左邊_青紫,0,0,0,0,0,4:0
99,舌左邊,灰黑,舌左邊_灰黑,0,0,0,0,0,4:0
99,舌右邊,淡紅,舌右邊_淡紅,0,1,0,1,2,2:2
99,舌右邊,淡白,舌右邊_淡白,0,0,0,0,0,4:0
99,舌右邊,鮮紅,舌右邊_鮮紅,1,0,1,0,2,2:2
99,舌右邊,暗紅,舌右邊_暗紅,0,0,0,0,0,4:0
99,舌右邊,青紫,舌右邊_青紫,0,0,0,0,0,4:0
99,舌右邊,灰黑,舌右邊_灰黑,0,0,0,0,0,4:0
99,舌根,淡紅,舌根_淡紅,0,1,0,1,2,2:2
99,舌根,淡白,舌根_淡白,0,0,0,0,0,4:0
99,舌根,鮮紅,舌根_鮮紅,1,0,1,0,2,2:2
99,舌根,暗紅,舌根_暗紅,0,0,0,0,0,4:0
99,舌根,青紫,舌根_青紫,0,0,0,0,0,4:0
99,舌根,灰黑,舌根_灰黑,0,0,0,0,0,4:0
